<?xml version="1.0"?>
<COLLADA xmlns="http://www.collada.org/2005/11/COLLADASchema" version="1.4.1">
	<asset>
		<contributor>
			<author>Assimp</author>
			<authoring_tool>Assimp Exporter</authoring_tool>
		</contributor>
		<created>2020-05-13T20:32:25</created>
		<modified>2020-05-13T20:32:25</modified>
		<unit name="meter" meter="1.000000" />
		<up_axis>Y_UP</up_axis>
	</asset>
	<library_effects>
		<effect id="Crate03Material-fx" name="Crate03Material">
			<profile_COMMON>
				<technique sid="standard">
					<phong>
						<diffuse>
							<color sid="diffuse">0.800000   0.800000   0.800000   1.000000</color>
						</diffuse>
					</phong>
				</technique>
			</profile_COMMON>
		</effect>
	</library_effects>
	<library_materials>
		<material id="Crate03Material" name="Crate03Material">
			<instance_effect url="#Crate03Material-fx"/>
		</material>
	</library_materials>
	<library_geometries>
		<geometry id="meshId0" name="meshId0_name" >
			<mesh>
				<source id="meshId0-positions" name="meshId0-positions">
					<float_array id="meshId0-positions-array" count="8118"> 
						0.554812 -0.573474 -1.000000 0.691044 -0.573474 -1.000000 0.691044 -0.691044 -1.000000 0.554812 -0.691044 -1.000000 0.691044 -0.528802 -1.000000 0.691044 0.000000 -1.000000 1.000000 0.000000 -0.691044 1.000000 -0.528802 -0.691044 1.000000 -0.573474 0.610280 1.000000 -0.573474 0.691044 1.000000 -0.691044 0.691044 1.000000 -0.691044 0.610280 1.000000 -0.691044 -0.691044 0.691044 -1.000000 -0.691044 0.691044 -0.691044 -1.000000 0.691044 -1.000000 -0.619442 0.691044 -1.000000 -0.691044 1.000000 -0.691044 -0.691044 1.000000 -0.691044 -0.619442 0.691044 -0.573474 1.000000 0.691044 -0.691044 1.000000 1.000000 -0.691044 0.691044 1.000000 -0.573474 0.691044 0.554812 -0.691044 -1.000000 0.691044 -0.691044 -1.000000 0.691044 -1.000000 -0.691044 0.554812 -1.000000 -0.691044 0.680514 -0.974579 -0.438959 0.974579 -0.680514 -0.438959 0.949157 -0.669984 -0.438959 0.669984 -0.949157 -0.438959 0.691044 -1.000000 0.610280 0.691044 -1.000000 0.381647 1.000000 -0.691044 0.381647 1.000000 -0.691044 0.610280 0.972484 -0.528802 0.381647 0.972484 -0.573474 0.381647 0.944968 -0.573474 0.381647 0.944968 -0.528802 0.381647 1.000000 -0.573474 -0.619442 1.000000 -0.573474 -0.438959 1.000000 -0.691044 -0.438959 1.000000 -0.691044 -0.619442 0.691044 -0.980000 -0.195619 0.691044 -0.980000 -0.246460 0.980000 -0.691044 -0.246460 0.980000 -0.691044 -0.195619 0.974579 -0.680514 -0.438959 0.972484 -0.573474 -0.438959 0.944968 -0.573474 -0.438959 0.949157 -0.669984 -0.438959 0.554812 -0.974579 -0.438959 0.680514 -0.974579 -0.438959 0.669984 -0.949157 -0.438959 0.554812 -0.949157 -0.438959 0.980000 -0.543434 -0.246460 0.980000 -0.543434 -0.195619 0.980000 -0.691044 -0.195619 0.980000 -0.691044 -0.246460 0.944968 -0.573474 -0.246460 0.944968 -0.573474 -0.438959 0.916997 -0.573474 -0.438959 0.916997 -0.573474 -0.246460 0.980000 -0.543434 -0.246460 
						0.980000 -0.691044 -0.246460 0.949157 -0.669984 -0.246460 0.944968 -0.573474 -0.246460 1.000000 -0.528802 -0.619442 1.000000 -0.528802 -0.438959 0.691044 -0.528802 1.000000 1.000000 -0.528802 0.691044 1.000000 -0.528802 0.610280 1.000000 -0.528802 0.691044 0.691044 -0.691044 -1.000000 0.691044 -0.573474 -1.000000 1.000000 -0.573474 -0.691044 1.000000 -0.691044 -0.691044 0.554812 -0.528802 -1.000000 0.691044 -0.528802 -1.000000 0.980000 -0.691044 -0.246460 0.691044 -0.980000 -0.246460 0.669984 -0.949157 -0.246460 0.949157 -0.669984 -0.246460 0.944968 -0.573474 -0.023027 0.944968 -0.573474 0.381647 0.949157 -0.669984 0.381647 0.949157 -0.669984 -0.023027 0.669984 -0.949157 -0.246460 0.669984 -0.949157 -0.438959 0.949157 -0.669984 -0.438959 0.949157 -0.669984 -0.246460 0.944968 -0.573474 -0.438959 0.944968 -0.573474 -0.246460 0.949157 -0.669984 -0.246460 0.949157 -0.669984 -0.438959 0.944968 -0.528802 -0.438959 0.944968 -0.000000 -0.438959 0.916997 -0.000000 -0.438959 0.916997 -0.528802 -0.438959 0.669984 -0.949157 -0.023027 0.669984 -0.949157 -0.195619 0.949157 -0.669984 -0.195619 0.949157 -0.669984 -0.023027 0.916997 -0.573474 0.381647 0.916997 -0.528802 0.381647 0.944968 -0.573474 -0.195619 0.980000 -0.543434 -0.195619 0.952028 -0.543434 -0.195619 0.916997 -0.573474 -0.195619 0.974579 -0.680514 0.381647 0.680514 -0.974579 0.381647 0.669984 -0.949157 0.381647 0.949157 -0.669984 0.381647 0.974579 -0.680514 0.381647 0.949157 -0.669984 0.381647 0.691044 -0.980000 -0.195619 0.980000 -0.691044 -0.195619 0.949157 -0.669984 -0.195619 0.669984 -0.949157 -0.195619 0.554812 -0.980000 -0.195619 0.691044 -0.980000 -0.195619 0.669984 -0.949157 -0.195619 0.554812 -0.949157 -0.195619 0.980000 -0.691044 -0.195619 0.980000 -0.543434 -0.195619 0.944968 -0.573474 -0.195619 0.949157 -0.669984 -0.195619 0.431757 -0.974579 0.381647 
						0.000000 -0.974579 0.381647 0.000000 -0.949157 0.381647 0.431757 -0.949157 0.381647 0.431757 -0.949157 -0.438959 0.431757 -0.949157 -0.246460 0.000000 -0.949157 -0.246460 0.000000 -0.949157 -0.438959 0.431757 -0.949157 0.139892 0.431757 -0.949157 0.381647 0.000000 -0.949157 0.381647 0.000000 -0.949157 0.098903 0.431757 -0.528802 1.000000 0.000000 -0.528802 1.000000 0.000000 -0.573474 1.000000 0.431757 -0.573474 1.000000 0.431757 -0.980000 -0.246460 0.000000 -0.980000 -0.246460 0.000000 -0.949157 -0.246460 0.431757 -0.949157 -0.246460 0.431757 -0.980000 -0.246460 0.431757 -0.980000 -0.195619 0.000000 -0.980000 -0.195619 0.000000 -0.980000 -0.246460 0.431757 -1.000000 -0.619442 0.431757 -1.000000 -0.438959 0.000000 -1.000000 -0.438959 0.000000 -1.000000 -0.619442 0.051334 -0.770144 0.920900 0.051334 -0.920900 0.770144 0.051334 -0.885107 0.734351 0.051334 -0.734351 0.885107 0.000000 -0.691044 1.000000 0.431757 -0.691044 1.000000 0.431757 -1.000000 0.610280 0.431757 -1.000000 0.691044 0.000000 -1.000000 0.691044 0.000000 -1.000000 0.610280 0.952028 -0.501101 -0.246460 0.952028 -0.501101 -0.195619 0.952028 -0.543434 -0.195619 0.952028 -0.543434 -0.246460 0.916997 -0.528802 -0.438959 0.916997 -0.528802 -0.246460 0.916997 -0.573474 -0.246460 0.916997 -0.573474 -0.438959 0.916997 -0.528802 -0.023027 0.916997 -0.528802 0.381647 0.916997 -0.573474 0.381647 0.916997 -0.573474 -0.023027 0.952028 -0.501101 -0.246460 0.952028 -0.543434 -0.246460 0.916997 -0.573474 -0.246460 0.916997 -0.528802 -0.246460 0.952028 -0.501101 -0.195619 0.952028 0.000000 -0.195619 0.916997 0.000000 -0.195619 0.916997 -0.528802 -0.195619 0.980000 -0.543434 -0.195619 0.980000 -0.543434 -0.246460 0.952028 -0.543434 -0.246460 0.952028 -0.543434 -0.195619 0.980000 -0.543434 -0.246460 0.944968 -0.573474 -0.246460 0.944968 -0.573474 -0.023027 
						0.944968 -0.573474 -0.195619 0.916997 -0.573474 -0.195619 0.916997 -0.573474 -0.023027 0.431757 -1.000000 0.381647 0.000000 -1.000000 0.381647 1.000000 -0.528802 0.381647 1.000000 -0.573474 0.381647 0.691044 -1.000000 0.691044 1.000000 -0.691044 0.691044 1.000000 -0.691044 0.381647 0.952028 0.000000 -0.246460 0.916997 0.000000 -0.246460 0.916997 -0.265112 0.304937 0.916997 -0.265112 0.053683 0.765132 -0.265112 0.053683 0.765132 -0.265112 0.304937 0.916997 -0.000000 -0.438959 0.916997 0.000000 -0.246460 0.952028 0.000000 -0.246460 0.952028 0.000000 -0.195619 0.431757 -0.000000 1.000000 0.000000 -0.000000 1.000000 0.944968 -0.000000 0.381647 0.944968 -0.528802 0.381647 0.916997 -0.528802 0.381647 0.916997 -0.000000 0.381647 0.944968 -0.528802 -0.438959 0.916997 -0.528802 -0.438959 0.916997 -0.573474 -0.438959 0.554812 0.000000 -1.000000 0.691044 0.000000 -1.000000 1.000000 0.000000 0.610280 1.000000 0.000000 0.691044 0.972969 -0.528802 -0.438959 1.000000 0.000000 -0.691044 1.000000 0.000000 -0.619442 1.000000 -0.528802 -0.691044 0.431757 -1.000000 -0.691044 0.000000 -1.000000 -0.691044 1.000000 -0.573474 -0.691044 1.000000 -0.691044 -0.691044 0.691044 -1.000000 -0.438959 1.000000 -0.691044 -0.438959 1.000000 -0.528802 -0.438959 1.000000 -0.528802 -0.619442 0.972969 -0.528802 -0.619442 0.972969 -0.528802 -0.438959 1.000000 -0.528802 0.610280 1.000000 -0.528802 0.381647 0.972484 -0.528802 0.381647 0.972969 -0.528802 0.610280 0.972969 -0.000000 0.381647 0.972969 0.000000 0.610280 0.972969 -0.528802 0.610280 0.972484 -0.528802 0.381647 0.972969 0.000000 -0.619442 0.972969 -0.000000 -0.438959 0.972969 -0.528802 -0.438959 0.972969 -0.528802 -0.619442 1.000000 -0.528802 -0.619442 1.000000 0.000000 -0.619442 0.972969 0.000000 -0.619442 0.972969 -0.528802 -0.619442 1.000000 0.000000 0.610280 
						1.000000 -0.528802 0.610280 0.972969 -0.528802 0.610280 0.972969 0.000000 0.610280 0.972969 -0.528802 -0.438959 0.972969 -0.000000 -0.438959 0.972969 -0.000000 0.381647 0.972484 -0.528802 0.381647 0.431757 -1.000000 0.381647 0.000000 -1.000000 0.381647 1.000000 -0.573474 0.381647 1.000000 -0.691044 0.381647 1.000000 -0.691044 0.381647 0.691044 -1.000000 0.381647 0.974579 -0.680514 0.381647 1.000000 -0.528802 0.381647 1.000000 -0.573474 -0.438959 1.000000 -0.528802 -0.438959 0.554812 -1.000000 -0.438959 0.691044 -1.000000 -0.438959 1.000000 -0.691044 -0.438959 0.691044 -1.000000 -0.438959 1.000000 -0.691044 -0.438959 0.916997 0.000000 -0.195619 0.916997 0.000000 -0.023027 0.916997 -0.528802 -0.195619 0.944968 -0.573474 0.381647 0.916997 -0.573474 0.381647 0.916997 -0.573474 -0.195619 0.431757 -0.949157 0.098903 0.669984 -0.949157 0.381647 0.949157 -0.669984 0.381647 0.944968 -0.573474 -0.195619 0.949157 -0.669984 -0.195619 0.916997 -0.265112 0.304937 0.916997 -0.000000 0.304937 0.916997 -0.000000 0.381647 0.916997 -0.265112 0.053683 0.916997 0.000000 0.053683 0.765132 0.000000 0.053683 0.765132 -0.000000 0.304937 0.765132 -0.265112 0.304937 0.765132 -0.265112 0.053683 0.916997 -0.000000 0.304937 0.916997 -0.265112 0.304937 0.765132 -0.265112 0.304937 0.765132 -0.000000 0.304937 0.916997 -0.265112 0.053683 0.916997 0.000000 0.053683 0.765132 0.000000 0.053683 0.765132 -0.265112 0.053683 0.850631 -0.265138 0.156213 0.850631 -0.138379 0.156213 0.858742 -0.138379 0.161632 0.858742 -0.265138 0.161632 0.864161 -0.138379 0.169743 0.864161 -0.265138 0.169743 0.841064 -0.265138 0.154310 0.841064 -0.138379 0.154310 0.866064 -0.138379 0.179310 0.866064 -0.265138 0.179310 0.864161 -0.138379 0.188877 0.864161 -0.265138 0.188877 0.858742 -0.138379 0.196987 0.858742 -0.265138 0.196987 
						0.850631 -0.138379 0.202407 0.850631 -0.265138 0.202407 0.841064 -0.138379 0.204310 0.841064 -0.265138 0.204310 0.831497 -0.138379 0.202407 0.831497 -0.265138 0.202407 0.823387 -0.138379 0.196987 0.823387 -0.265138 0.196987 0.817967 -0.138379 0.188877 0.817967 -0.265138 0.188877 0.816064 -0.138379 0.179310 0.816064 -0.265138 0.179310 0.816064 -0.265138 0.179310 0.816064 -0.138379 0.179310 0.817967 -0.138379 0.169743 0.817967 -0.265138 0.169743 0.823387 -0.138379 0.161632 0.823387 -0.265138 0.161632 0.831497 -0.138379 0.156213 0.831497 -0.265138 0.156213 0.823387 -0.126759 0.161632 0.823387 -0.005810 0.161632 0.831497 -0.005810 0.156213 0.831497 -0.126759 0.156213 0.817967 -0.126759 0.169743 0.817967 -0.005810 0.169743 0.816064 -0.126759 0.179310 0.816064 -0.005810 0.179310 0.817967 -0.126759 0.188877 0.817967 -0.005810 0.188877 0.816064 -0.005810 0.179310 0.816064 -0.126759 0.179310 0.823387 -0.126759 0.196988 0.823387 -0.005810 0.196988 0.831497 -0.126759 0.202407 0.831497 -0.005810 0.202407 0.841064 -0.126759 0.204310 0.841064 -0.005810 0.204310 0.850631 -0.126759 0.202407 0.850631 -0.005810 0.202407 0.858742 -0.126759 0.196987 0.858742 -0.005810 0.196988 0.864161 -0.126759 0.188877 0.864161 -0.005810 0.188877 0.866064 -0.126759 0.179310 0.866064 -0.005810 0.179310 0.864161 -0.126759 0.169743 0.864161 -0.005810 0.169743 0.858742 -0.126759 0.161632 0.858742 -0.005810 0.161632 0.850631 -0.126759 0.156213 0.850631 -0.005810 0.156213 0.841064 -0.005810 0.154310 0.841064 -0.126759 0.154310 0.832848 -0.000000 0.159475 0.841064 -0.000000 0.157840 0.841064 -0.005810 0.154310 0.831497 -0.005810 0.156213 0.825883 0.000000 0.164129 0.823387 -0.005810 0.161632 0.821229 -0.000000 0.171094 0.817967 -0.005810 0.169743 0.819595 0.000000 0.179310 0.816064 -0.005810 0.179310 
						0.821229 -0.000000 0.187526 0.819595 0.000000 0.179310 0.816064 -0.005810 0.179310 0.817967 -0.005810 0.188877 0.825883 -0.000000 0.194491 0.823387 -0.005810 0.196988 0.832848 0.000000 0.199145 0.831497 -0.005810 0.202407 0.841064 0.000000 0.200779 0.841064 -0.005810 0.204310 0.849280 0.000000 0.199145 0.850631 -0.005810 0.202407 0.856246 -0.000000 0.194491 0.858742 -0.005810 0.196988 0.860899 -0.000000 0.187526 0.864161 -0.005810 0.188877 0.862534 0.000000 0.179310 0.866064 -0.005810 0.179310 0.860899 -0.000000 0.171094 0.864161 -0.005810 0.169743 0.856246 0.000000 0.164129 0.858742 -0.005810 0.161632 0.849280 -0.000000 0.159475 0.850631 -0.005810 0.156213 0.841064 -0.126759 0.154310 0.850631 -0.126759 0.156213 0.849280 -0.132569 0.159475 0.841064 -0.132569 0.157840 0.841064 -0.132569 0.157840 0.849280 -0.132569 0.159475 0.850631 -0.138379 0.156213 0.841064 -0.138379 0.154310 0.858742 -0.126759 0.161632 0.856246 -0.132569 0.164129 0.856246 -0.132569 0.164129 0.858742 -0.138379 0.161632 0.864161 -0.126759 0.169743 0.860899 -0.132569 0.171094 0.860899 -0.132569 0.171094 0.864161 -0.138379 0.169743 0.866064 -0.126759 0.179310 0.862534 -0.132569 0.179310 0.862534 -0.132569 0.179310 0.866064 -0.138379 0.179310 0.864161 -0.126759 0.188877 0.860899 -0.132569 0.187526 0.860899 -0.132569 0.187526 0.864161 -0.138379 0.188877 0.858742 -0.126759 0.196987 0.856246 -0.132569 0.194491 0.856246 -0.132569 0.194491 0.858742 -0.138379 0.196987 0.850631 -0.126759 0.202407 0.849280 -0.132569 0.199145 0.849280 -0.132569 0.199145 0.850631 -0.138379 0.202407 0.841064 -0.126759 0.204310 0.841064 -0.132569 0.200779 0.841064 -0.132569 0.200779 0.841064 -0.138379 0.204310 0.831497 -0.126759 0.202407 0.832848 -0.132569 0.199145 0.832848 -0.132569 0.199145 0.831497 -0.138379 0.202407 
						0.823387 -0.126759 0.196988 0.825883 -0.132569 0.194491 0.825883 -0.132569 0.194491 0.823387 -0.138379 0.196987 0.817967 -0.126759 0.188877 0.821229 -0.132569 0.187526 0.821229 -0.132569 0.187526 0.817967 -0.138379 0.188877 0.816064 -0.126759 0.179310 0.819595 -0.132569 0.179310 0.819595 -0.132569 0.179310 0.816064 -0.138379 0.179310 0.816064 -0.126759 0.179310 0.817967 -0.126759 0.169743 0.821229 -0.132569 0.171094 0.819595 -0.132569 0.179310 0.819595 -0.132569 0.179310 0.821229 -0.132569 0.171094 0.817967 -0.138379 0.169743 0.816064 -0.138379 0.179310 0.823387 -0.126759 0.161632 0.825883 -0.132569 0.164129 0.825883 -0.132569 0.164129 0.823387 -0.138379 0.161632 0.831497 -0.126759 0.156213 0.832848 -0.132569 0.159475 0.832848 -0.132569 0.159475 0.831497 -0.138379 0.156213 1.000000 -0.691044 0.691044 0.691044 -0.691044 1.000000 0.739031 -0.739031 0.904025 0.904025 -0.739031 0.739031 0.691044 -1.000000 0.691044 0.739031 -0.904025 0.739031 0.691044 -0.000000 1.000000 0.755235 -0.470029 0.935809 0.755235 -0.058773 0.935809 0.935809 -0.470029 0.755235 1.000000 0.000000 0.691044 0.935809 -0.058773 0.755235 0.874821 -0.709827 0.709827 0.709827 -0.709827 0.874821 0.709827 -0.874821 0.709827 0.739031 -0.739031 0.904025 0.709827 -0.709827 0.874821 0.874821 -0.709827 0.709827 0.904025 -0.739031 0.739031 0.739031 -0.904025 0.739031 0.709827 -0.874821 0.709827 0.709827 -0.709827 0.874821 0.739031 -0.739031 0.904025 0.904025 -0.739031 0.739031 0.874821 -0.709827 0.709827 0.709827 -0.874821 0.709827 0.739031 -0.904025 0.739031 0.719467 -0.058773 0.900041 0.719467 -0.470029 0.900041 0.900041 -0.470029 0.719467 0.900041 -0.058773 0.719467 0.755235 -0.470029 0.935809 0.719467 -0.470029 0.900041 0.719467 -0.058773 0.900041 0.755235 -0.058773 0.935809 0.935809 -0.470029 0.755235 
						0.900041 -0.470029 0.719467 0.719467 -0.470029 0.900041 0.755235 -0.470029 0.935809 0.935809 -0.058773 0.755235 0.900041 -0.058773 0.719467 0.900041 -0.470029 0.719467 0.935809 -0.470029 0.755235 0.755235 -0.058773 0.935809 0.719467 -0.058773 0.900041 0.900041 -0.058773 0.719467 0.935809 -0.058773 0.755235 0.669984 -0.949157 -0.023027 0.554812 -0.949157 0.139892 0.554812 -0.949157 0.098903 0.431757 -0.974579 -0.438959 0.431757 -0.949157 -0.438959 0.669984 -0.949157 -0.438959 0.669984 -0.949157 -0.246460 0.554812 -0.949157 -0.246460 0.554812 -0.949157 -0.438959 0.680514 -0.974579 0.381647 0.554812 -0.974579 0.381647 0.554812 -0.949157 0.381647 0.669984 -0.949157 0.381647 0.669984 -0.949157 0.381647 0.554812 -0.949157 0.381647 0.431757 -0.528802 -1.000000 0.431757 -0.573474 -1.000000 0.431757 -0.980000 -0.195619 0.431757 -0.949157 -0.195619 0.691044 -0.980000 -0.246460 0.554812 -0.980000 -0.246460 0.554812 -0.949157 -0.246460 0.669984 -0.949157 -0.246460 0.691044 -0.980000 -0.246460 0.691044 -0.980000 -0.195619 0.554812 -0.980000 -0.195619 0.554812 -0.980000 -0.246460 0.691044 -1.000000 -0.619442 0.691044 -1.000000 -0.438959 0.554812 -1.000000 -0.438959 0.554812 -1.000000 -0.619442 0.431757 -1.000000 -0.438959 0.691044 -1.000000 0.381647 0.691044 -1.000000 0.610280 0.554812 -1.000000 0.610280 0.554812 -1.000000 0.381647 0.691044 -1.000000 0.381647 0.554812 -1.000000 0.381647 0.431757 0.000000 -1.000000 0.691044 -1.000000 -0.691044 0.554812 -1.000000 -0.691044 0.691044 -0.528802 1.000000 0.554812 -0.528802 1.000000 0.554812 -0.573474 1.000000 0.691044 -0.573474 1.000000 0.554812 -0.691044 1.000000 0.691044 -0.691044 1.000000 0.691044 -0.000000 1.000000 0.554812 -0.000000 1.000000 0.431757 -0.691044 -1.000000 0.431757 -0.691044 -1.000000 0.431757 -1.000000 -0.691044 0.691044 -0.691044 1.000000 
						0.554812 -0.691044 1.000000 0.554812 -1.000000 0.691044 0.691044 -1.000000 0.691044 0.691044 -1.000000 0.691044 0.554812 -1.000000 0.691044 0.431757 -1.000000 0.381647 0.431757 -0.974579 0.381647 0.431757 -0.996988 0.347825 0.431757 -1.047831 0.347825 0.554812 -0.528802 1.000000 0.431757 -0.528802 1.000000 0.431757 -0.528802 1.047831 0.554812 -0.528802 1.047831 0.554812 -0.949157 0.098903 0.554812 -0.949157 0.139892 0.554812 -0.996988 0.139892 0.000000 -0.974579 -0.438959 0.000000 -0.949157 -0.438959 0.554812 -0.691044 1.000000 0.554812 -0.573474 1.000000 0.554812 -0.573474 1.047831 0.554812 -0.709348 1.044190 0.000000 -0.528802 -1.000000 0.000000 -0.573474 -1.000000 0.000000 -0.691044 -1.000000 0.000000 -0.980000 -0.195619 0.000000 -0.949157 -0.195619 0.000000 -1.000000 -0.438959 0.431757 -1.000000 0.610280 0.431757 -1.000000 0.381647 0.431757 -1.047831 0.347825 0.431757 -1.047831 0.610280 0.431757 -0.528802 1.000000 0.431757 -0.573474 1.000000 0.431757 -0.573474 1.047831 0.431757 -0.528802 1.047831 0.000000 0.000000 -1.000000 0.000000 -0.691044 -1.000000 0.000000 -1.000000 -0.691044 0.554812 -0.573474 1.000000 0.554812 -0.528802 1.000000 0.554812 -0.528802 1.047831 0.554812 -0.573474 1.047831 0.431757 -0.949157 0.381647 0.431757 -0.949157 0.139892 0.431757 -0.996988 0.139892 0.431757 -0.996988 0.347825 0.554812 -0.949157 -0.195619 0.431757 -0.949157 -0.195619 0.000000 -0.949157 -0.195619 0.669984 -0.949157 -0.195619 0.554812 -0.528802 1.047831 0.431757 -0.528802 1.047831 0.431757 -0.573474 1.047831 0.554812 -0.573474 1.047831 0.554812 -1.047831 0.610280 0.554812 -1.044190 0.709348 0.431757 -1.044190 0.709348 0.431757 -1.047831 0.610280 0.554812 -0.949157 0.098903 0.554812 -0.996988 0.139892 0.431757 -0.996988 0.139892 0.431757 -0.949157 0.098903 0.554812 -0.996988 0.139892 
						0.554812 -0.996988 0.347825 0.431757 -0.996988 0.347825 0.431757 -0.996988 0.139892 0.554812 -1.047831 0.347825 0.554812 -1.047831 0.610280 0.431757 -1.047831 0.610280 0.431757 -1.047831 0.347825 0.554812 -1.047831 0.347825 0.431757 -1.047831 0.347825 0.431757 -0.996988 0.347825 0.554812 -0.996988 0.347825 0.554812 -0.709348 1.044190 0.431757 -0.709348 1.044190 0.431757 -1.044190 0.709348 0.554812 -1.044190 0.709348 0.554812 -0.573474 1.047831 0.431757 -0.573474 1.047831 0.431757 -0.709348 1.044190 0.554812 -0.709348 1.044190 0.431757 -1.000000 0.691044 0.431757 -1.000000 0.610280 0.431757 -1.047831 0.610280 0.431757 -1.044190 0.709348 0.554812 -0.949157 0.381647 0.554812 -0.974579 0.381647 0.554812 -0.996988 0.347825 0.554812 -1.000000 0.381647 0.554812 -1.000000 0.610280 0.554812 -1.047831 0.610280 0.554812 -1.047831 0.347825 0.554812 -0.949157 0.381647 0.554812 -0.996988 0.347825 0.554812 -1.000000 0.381647 0.554812 -1.047831 0.347825 0.554812 -1.000000 0.691044 0.554812 -0.691044 1.000000 0.554812 -0.709348 1.044190 0.554812 -1.044190 0.709348 0.431757 -0.691044 1.000000 0.431757 -1.000000 0.691044 0.431757 -1.044190 0.709348 0.431757 -0.709348 1.044190 0.554812 -1.000000 0.610280 0.554812 -1.000000 0.691044 0.554812 -1.044190 0.709348 0.554812 -1.047831 0.610280 0.431757 -0.974579 0.381647 0.431757 -0.949157 0.381647 0.431757 -0.996988 0.347825 0.431757 -0.573474 1.000000 0.431757 -0.691044 1.000000 0.431757 -0.709348 1.044190 0.431757 -0.573474 1.047831 0.431757 -0.949157 0.098903 0.051334 -0.770144 0.920900 0.380423 -0.770144 0.920900 0.431757 -0.691044 1.000000 0.000000 -0.691044 1.000000 0.051334 -0.920900 0.770144 0.000000 -1.000000 0.691044 0.380423 -0.920900 0.770144 0.431757 -1.000000 0.691044 0.380423 -0.734351 0.885107 0.051334 -0.734351 0.885107 
						0.051334 -0.885107 0.734351 0.380423 -0.885107 0.734351 0.380423 -0.920900 0.770144 0.380423 -0.770144 0.920900 0.380423 -0.734351 0.885107 0.380423 -0.885107 0.734351 0.051334 -0.920900 0.770144 0.380423 -0.920900 0.770144 0.380423 -0.885107 0.734351 0.051334 -0.885107 0.734351 0.380423 -0.770144 0.920900 0.051334 -0.770144 0.920900 0.051334 -0.734351 0.885107 0.380423 -0.734351 0.885107 -0.554812 -0.573474 -1.000000 -0.554812 -0.691044 -1.000000 -0.691044 -0.691044 -1.000000 -0.691044 -0.573474 -1.000000 -0.691044 -0.528802 -1.000000 -1.000000 -0.528802 -0.691044 -1.000000 0.000000 -0.691044 -0.691044 0.000000 -1.000000 -1.000000 -0.573474 0.610280 -1.000000 -0.691044 0.610280 -1.000000 -0.691044 0.691044 -1.000000 -0.573474 0.691044 -1.000000 -0.691044 -0.691044 -0.691044 -0.691044 -1.000000 -0.691044 -1.000000 -0.691044 -0.691044 -1.000000 -0.619442 -1.000000 -0.691044 -0.619442 -1.000000 -0.691044 -0.691044 -0.691044 -1.000000 -0.691044 -0.691044 -0.573474 1.000000 -1.000000 -0.573474 0.691044 -1.000000 -0.691044 0.691044 -0.691044 -0.691044 1.000000 -0.554812 -0.691044 -1.000000 -0.554812 -1.000000 -0.691044 -0.691044 -1.000000 -0.691044 -0.691044 -0.691044 -1.000000 -0.680514 -0.974579 -0.438959 -0.669984 -0.949157 -0.438959 -0.949157 -0.669984 -0.438959 -0.974579 -0.680514 -0.438959 -0.691044 -1.000000 0.610280 -1.000000 -0.691044 0.610280 -1.000000 -0.691044 0.381647 -0.691044 -1.000000 0.381647 -0.972484 -0.528802 0.381647 -0.944968 -0.528802 0.381647 -0.944968 -0.573474 0.381647 -0.972484 -0.573474 0.381647 -1.000000 -0.573474 -0.619442 -1.000000 -0.691044 -0.619442 -1.000000 -0.691044 -0.438959 -1.000000 -0.573474 -0.438959 -0.691044 -0.980000 -0.195619 -0.980000 -0.691044 -0.195619 -0.980000 -0.691044 -0.246460 -0.691044 -0.980000 -0.246460 -0.974579 -0.680514 -0.438959 -0.949157 -0.669984 -0.438959 -0.944968 -0.573474 -0.438959 
						-0.972484 -0.573474 -0.438959 -0.554812 -0.974579 -0.438959 -0.554812 -0.949157 -0.438959 -0.669984 -0.949157 -0.438959 -0.680514 -0.974579 -0.438959 -0.980000 -0.543434 -0.246460 -0.980000 -0.691044 -0.246460 -0.980000 -0.691044 -0.195619 -0.980000 -0.543434 -0.195619 -0.944968 -0.573474 -0.246460 -0.916997 -0.573474 -0.246460 -0.916997 -0.573474 -0.438959 -0.944968 -0.573474 -0.438959 -0.980000 -0.543434 -0.246460 -0.944968 -0.573474 -0.246460 -0.949157 -0.669984 -0.246460 -0.980000 -0.691044 -0.246460 -1.000000 -0.528802 -0.619442 -1.000000 -0.528802 -0.438959 -0.691044 -0.528802 1.000000 -1.000000 -0.528802 0.691044 -1.000000 -0.528802 0.610280 -1.000000 -0.528802 0.691044 -0.691044 -0.691044 -1.000000 -1.000000 -0.691044 -0.691044 -1.000000 -0.573474 -0.691044 -0.691044 -0.573474 -1.000000 -0.554812 -0.528802 -1.000000 -0.691044 -0.528802 -1.000000 -0.980000 -0.691044 -0.246460 -0.949157 -0.669984 -0.246460 -0.669984 -0.949157 -0.246460 -0.691044 -0.980000 -0.246460 -0.944968 -0.573474 -0.023027 -0.949157 -0.669984 -0.023027 -0.949157 -0.669984 0.381647 -0.944968 -0.573474 0.381647 -0.669984 -0.949157 -0.246460 -0.949157 -0.669984 -0.246460 -0.949157 -0.669984 -0.438959 -0.669984 -0.949157 -0.438959 -0.944968 -0.573474 -0.438959 -0.949157 -0.669984 -0.438959 -0.949157 -0.669984 -0.246460 -0.944968 -0.573474 -0.246460 -0.944968 -0.528802 -0.438959 -0.916997 -0.528802 -0.438959 -0.916997 -0.000000 -0.438959 -0.944968 -0.000000 -0.438959 -0.669984 -0.949157 -0.023027 -0.949157 -0.669984 -0.023027 -0.949157 -0.669984 -0.195619 -0.669984 -0.949157 -0.195619 -0.916997 -0.528802 0.381647 -0.916997 -0.573474 0.381647 -0.944968 -0.573474 -0.195619 -0.916997 -0.573474 -0.195619 -0.952028 -0.543434 -0.195619 -0.980000 -0.543434 -0.195619 -0.974579 -0.680514 0.381647 -0.949157 -0.669984 0.381647 -0.669984 -0.949157 0.381647 -0.680514 -0.974579 0.381647 -0.949157 -0.669984 0.381647 
						-0.974579 -0.680514 0.381647 -0.691044 -0.980000 -0.195619 -0.669984 -0.949157 -0.195619 -0.949157 -0.669984 -0.195619 -0.980000 -0.691044 -0.195619 -0.554812 -0.980000 -0.195619 -0.554812 -0.949157 -0.195619 -0.669984 -0.949157 -0.195619 -0.691044 -0.980000 -0.195619 -0.980000 -0.691044 -0.195619 -0.949157 -0.669984 -0.195619 -0.944968 -0.573474 -0.195619 -0.980000 -0.543434 -0.195619 -0.431757 -0.974579 0.381647 -0.431757 -0.949157 0.381647 -0.431757 -0.949157 -0.438959 -0.431757 -0.949157 -0.246460 -0.431757 -0.949157 0.139892 -0.431757 -0.949157 0.381647 -0.431757 -0.528802 1.000000 -0.431757 -0.573474 1.000000 -0.431757 -0.980000 -0.246460 -0.431757 -0.949157 -0.246460 -0.431757 -0.980000 -0.246460 -0.431757 -0.980000 -0.195619 -0.431757 -1.000000 -0.619442 -0.431757 -1.000000 -0.438959 -0.051334 -0.770144 0.920900 -0.051334 -0.734351 0.885107 -0.051334 -0.885107 0.734351 -0.051334 -0.920900 0.770144 -0.431757 -0.691044 1.000000 -0.431757 -1.000000 0.610280 -0.431757 -1.000000 0.691044 -0.952028 -0.501101 -0.246460 -0.952028 -0.543434 -0.246460 -0.952028 -0.543434 -0.195619 -0.952028 -0.501101 -0.195619 -0.916997 -0.528802 -0.438959 -0.916997 -0.573474 -0.438959 -0.916997 -0.573474 -0.246460 -0.916997 -0.528802 -0.246460 -0.916997 -0.528802 -0.023027 -0.916997 -0.573474 -0.023027 -0.916997 -0.573474 0.381647 -0.916997 -0.528802 0.381647 -0.952028 -0.501101 -0.246460 -0.916997 -0.528802 -0.246460 -0.916997 -0.573474 -0.246460 -0.952028 -0.543434 -0.246460 -0.952028 -0.501101 -0.195619 -0.916997 -0.528802 -0.195619 -0.916997 0.000000 -0.195619 -0.952028 0.000000 -0.195619 -0.980000 -0.543434 -0.195619 -0.952028 -0.543434 -0.195619 -0.952028 -0.543434 -0.246460 -0.980000 -0.543434 -0.246460 -0.980000 -0.543434 -0.246460 -0.944968 -0.573474 -0.246460 -0.944968 -0.573474 -0.023027 -0.916997 -0.573474 -0.023027 -0.916997 -0.573474 -0.195619 -0.944968 -0.573474 -0.195619 
						-0.431757 -1.000000 0.381647 -1.000000 -0.528802 0.381647 -1.000000 -0.573474 0.381647 -0.691044 -1.000000 0.691044 -1.000000 -0.691044 0.691044 -1.000000 -0.691044 0.381647 -0.952028 0.000000 -0.246460 -0.916997 0.000000 -0.246460 -0.916997 -0.265112 0.304937 -0.765132 -0.265112 0.304937 -0.765132 -0.265112 0.053683 -0.916997 -0.265112 0.053683 -0.916997 -0.000000 -0.438959 -0.916997 0.000000 -0.246460 -0.952028 0.000000 -0.246460 -0.952028 0.000000 -0.195619 -0.431757 -0.000000 1.000000 -0.944968 -0.000000 0.381647 -0.916997 -0.000000 0.381647 -0.916997 -0.528802 0.381647 -0.944968 -0.528802 0.381647 -0.916997 -0.573474 -0.438959 -0.916997 -0.528802 -0.438959 -0.944968 -0.528802 -0.438959 -0.554812 0.000000 -1.000000 -0.691044 0.000000 -1.000000 -1.000000 0.000000 0.610280 -1.000000 0.000000 0.691044 -0.972969 -0.528802 -0.438959 -1.000000 0.000000 -0.691044 -1.000000 -0.528802 -0.691044 -1.000000 0.000000 -0.619442 -0.431757 -1.000000 -0.691044 -1.000000 -0.573474 -0.691044 -1.000000 -0.691044 -0.691044 -0.691044 -1.000000 -0.438959 -1.000000 -0.691044 -0.438959 -1.000000 -0.528802 -0.438959 -0.972969 -0.528802 -0.438959 -0.972969 -0.528802 -0.619442 -1.000000 -0.528802 -0.619442 -1.000000 -0.528802 0.610280 -0.972969 -0.528802 0.610280 -0.972484 -0.528802 0.381647 -1.000000 -0.528802 0.381647 -0.972969 -0.000000 0.381647 -0.972484 -0.528802 0.381647 -0.972969 -0.528802 0.610280 -0.972969 0.000000 0.610280 -0.972969 0.000000 -0.619442 -0.972969 -0.528802 -0.619442 -0.972969 -0.528802 -0.438959 -0.972969 -0.000000 -0.438959 -1.000000 -0.528802 -0.619442 -0.972969 -0.528802 -0.619442 -0.972969 0.000000 -0.619442 -1.000000 0.000000 -0.619442 -1.000000 0.000000 0.610280 -0.972969 0.000000 0.610280 -0.972969 -0.528802 0.610280 -1.000000 -0.528802 0.610280 -0.972969 -0.000000 -0.438959 -0.972969 -0.528802 -0.438959 -0.972484 -0.528802 0.381647 
						-0.972969 -0.000000 0.381647 -0.431757 -1.000000 0.381647 -1.000000 -0.573474 0.381647 -1.000000 -0.691044 0.381647 -1.000000 -0.691044 0.381647 -0.974579 -0.680514 0.381647 -0.691044 -1.000000 0.381647 -1.000000 -0.528802 0.381647 -1.000000 -0.573474 -0.438959 -1.000000 -0.528802 -0.438959 -0.554812 -1.000000 -0.438959 -0.691044 -1.000000 -0.438959 -1.000000 -0.691044 -0.438959 -0.691044 -1.000000 -0.438959 -0.974579 -0.680514 -0.438959 -1.000000 -0.691044 -0.438959 -0.916997 0.000000 -0.195619 -0.916997 -0.528802 -0.195619 -0.916997 0.000000 -0.023027 -0.944968 -0.573474 0.381647 -0.916997 -0.573474 0.381647 -0.916997 -0.573474 -0.195619 -0.431757 -0.949157 0.098903 -0.669984 -0.949157 0.381647 -0.949157 -0.669984 0.381647 -0.944968 -0.573474 -0.195619 -0.949157 -0.669984 -0.195619 -0.916997 -0.265112 0.304937 -0.916997 -0.000000 0.381647 -0.916997 -0.000000 0.304937 -0.916997 -0.265112 0.053683 -0.916997 0.000000 0.053683 -0.765132 0.000000 0.053683 -0.765132 -0.265112 0.053683 -0.765132 -0.265112 0.304937 -0.765132 -0.000000 0.304937 -0.916997 -0.000000 0.304937 -0.765132 -0.000000 0.304937 -0.765132 -0.265112 0.304937 -0.916997 -0.265112 0.304937 -0.916997 -0.265112 0.053683 -0.765132 -0.265112 0.053683 -0.765132 0.000000 0.053683 -0.916997 0.000000 0.053683 -0.850631 -0.265138 0.156213 -0.858742 -0.265138 0.161632 -0.858742 -0.138379 0.161632 -0.850631 -0.138379 0.156213 -0.864161 -0.265138 0.169743 -0.864161 -0.138379 0.169743 -0.841064 -0.265138 0.154310 -0.841064 -0.138379 0.154310 -0.866064 -0.265138 0.179310 -0.866064 -0.138379 0.179310 -0.864161 -0.265138 0.188877 -0.864161 -0.138379 0.188877 -0.858742 -0.265138 0.196987 -0.858742 -0.138379 0.196987 -0.850631 -0.265138 0.202407 -0.850631 -0.138379 0.202407 -0.841064 -0.265138 0.204310 -0.841064 -0.138379 0.204310 -0.831497 -0.265138 0.202407 -0.831497 -0.138379 0.202407 
						-0.823387 -0.265138 0.196987 -0.823387 -0.138379 0.196987 -0.817967 -0.265138 0.188877 -0.817967 -0.138379 0.188877 -0.816064 -0.265138 0.179310 -0.816064 -0.138379 0.179310 -0.816064 -0.265138 0.179310 -0.817967 -0.265138 0.169743 -0.817967 -0.138379 0.169743 -0.816064 -0.138379 0.179310 -0.823387 -0.265138 0.161632 -0.823387 -0.138379 0.161632 -0.831497 -0.265138 0.156213 -0.831497 -0.138379 0.156213 -0.823387 -0.126759 0.161632 -0.831497 -0.126759 0.156213 -0.831497 -0.005810 0.156213 -0.823387 -0.005810 0.161632 -0.817967 -0.126759 0.169743 -0.817967 -0.005810 0.169743 -0.816064 -0.126759 0.179310 -0.816064 -0.005810 0.179310 -0.817967 -0.126759 0.188877 -0.816064 -0.126759 0.179310 -0.816064 -0.005810 0.179310 -0.817967 -0.005810 0.188877 -0.823387 -0.126759 0.196988 -0.823387 -0.005810 0.196988 -0.831497 -0.126759 0.202407 -0.831497 -0.005810 0.202407 -0.841064 -0.126759 0.204310 -0.841064 -0.005810 0.204310 -0.850631 -0.126759 0.202407 -0.850631 -0.005810 0.202407 -0.858742 -0.126759 0.196987 -0.858742 -0.005810 0.196988 -0.864161 -0.126759 0.188877 -0.864161 -0.005810 0.188877 -0.866064 -0.126759 0.179310 -0.866064 -0.005810 0.179310 -0.864161 -0.126759 0.169743 -0.864161 -0.005810 0.169743 -0.858742 -0.126759 0.161632 -0.858742 -0.005810 0.161632 -0.850631 -0.126759 0.156213 -0.850631 -0.005810 0.156213 -0.841064 -0.126759 0.154310 -0.841064 -0.005810 0.154310 -0.832848 -0.000000 0.159475 -0.831497 -0.005810 0.156213 -0.841064 -0.005810 0.154310 -0.841064 -0.000000 0.157840 -0.825883 0.000000 0.164129 -0.823387 -0.005810 0.161632 -0.821229 -0.000000 0.171094 -0.817967 -0.005810 0.169743 -0.819595 0.000000 0.179310 -0.816064 -0.005810 0.179310 -0.821229 -0.000000 0.187526 -0.817967 -0.005810 0.188877 -0.816064 -0.005810 0.179310 -0.819595 0.000000 0.179310 -0.825883 -0.000000 0.194491 -0.823387 -0.005810 0.196988 
						-0.832848 0.000000 0.199145 -0.831497 -0.005810 0.202407 -0.841064 0.000000 0.200779 -0.841064 -0.005810 0.204310 -0.849280 0.000000 0.199145 -0.850631 -0.005810 0.202407 -0.856246 -0.000000 0.194491 -0.858742 -0.005810 0.196988 -0.860899 -0.000000 0.187526 -0.864161 -0.005810 0.188877 -0.862534 0.000000 0.179310 -0.866064 -0.005810 0.179310 -0.860899 -0.000000 0.171094 -0.864161 -0.005810 0.169743 -0.856246 0.000000 0.164129 -0.858742 -0.005810 0.161632 -0.849280 -0.000000 0.159475 -0.850631 -0.005810 0.156213 -0.841064 -0.126759 0.154310 -0.841064 -0.132569 0.157840 -0.849280 -0.132569 0.159475 -0.850631 -0.126759 0.156213 -0.841064 -0.132569 0.157840 -0.841064 -0.138379 0.154310 -0.850631 -0.138379 0.156213 -0.849280 -0.132569 0.159475 -0.856246 -0.132569 0.164129 -0.858742 -0.126759 0.161632 -0.858742 -0.138379 0.161632 -0.856246 -0.132569 0.164129 -0.860899 -0.132569 0.171094 -0.864161 -0.126759 0.169743 -0.864161 -0.138379 0.169743 -0.860899 -0.132569 0.171094 -0.862534 -0.132569 0.179310 -0.866064 -0.126759 0.179310 -0.866064 -0.138379 0.179310 -0.862534 -0.132569 0.179310 -0.860899 -0.132569 0.187526 -0.864161 -0.126759 0.188877 -0.864161 -0.138379 0.188877 -0.860899 -0.132569 0.187526 -0.856246 -0.132569 0.194491 -0.858742 -0.126759 0.196987 -0.858742 -0.138379 0.196987 -0.856246 -0.132569 0.194491 -0.849280 -0.132569 0.199145 -0.850631 -0.126759 0.202407 -0.850631 -0.138379 0.202407 -0.849280 -0.132569 0.199145 -0.841064 -0.132569 0.200779 -0.841064 -0.126759 0.204310 -0.841064 -0.138379 0.204310 -0.841064 -0.132569 0.200779 -0.832848 -0.132569 0.199145 -0.831497 -0.126759 0.202407 -0.831497 -0.138379 0.202407 -0.832848 -0.132569 0.199145 -0.825883 -0.132569 0.194491 -0.823387 -0.126759 0.196988 -0.823387 -0.138379 0.196987 -0.825883 -0.132569 0.194491 -0.821229 -0.132569 0.187526 -0.817967 -0.126759 0.188877 
						-0.817967 -0.138379 0.188877 -0.821229 -0.132569 0.187526 -0.819595 -0.132569 0.179310 -0.816064 -0.126759 0.179310 -0.816064 -0.138379 0.179310 -0.819595 -0.132569 0.179310 -0.816064 -0.126759 0.179310 -0.819595 -0.132569 0.179310 -0.821229 -0.132569 0.171094 -0.817967 -0.126759 0.169743 -0.819595 -0.132569 0.179310 -0.816064 -0.138379 0.179310 -0.817967 -0.138379 0.169743 -0.821229 -0.132569 0.171094 -0.825883 -0.132569 0.164129 -0.823387 -0.126759 0.161632 -0.823387 -0.138379 0.161632 -0.825883 -0.132569 0.164129 -0.832848 -0.132569 0.159475 -0.831497 -0.126759 0.156213 -0.831497 -0.138379 0.156213 -0.832848 -0.132569 0.159475 -1.000000 -0.691044 0.691044 -0.904025 -0.739031 0.739031 -0.739031 -0.739031 0.904025 -0.691044 -0.691044 1.000000 -0.739031 -0.904025 0.739031 -0.691044 -1.000000 0.691044 -0.691044 -0.000000 1.000000 -0.755235 -0.058773 0.935809 -0.755235 -0.470029 0.935809 -0.935809 -0.470029 0.755235 -0.935809 -0.058773 0.755235 -1.000000 0.000000 0.691044 -0.874821 -0.709827 0.709827 -0.709827 -0.874821 0.709827 -0.709827 -0.709827 0.874821 -0.739031 -0.739031 0.904025 -0.904025 -0.739031 0.739031 -0.874821 -0.709827 0.709827 -0.709827 -0.709827 0.874821 -0.739031 -0.904025 0.739031 -0.739031 -0.739031 0.904025 -0.709827 -0.709827 0.874821 -0.709827 -0.874821 0.709827 -0.904025 -0.739031 0.739031 -0.739031 -0.904025 0.739031 -0.709827 -0.874821 0.709827 -0.874821 -0.709827 0.709827 -0.719467 -0.058773 0.900041 -0.900041 -0.058773 0.719467 -0.900041 -0.470029 0.719467 -0.719467 -0.470029 0.900041 -0.755235 -0.470029 0.935809 -0.755235 -0.058773 0.935809 -0.719467 -0.058773 0.900041 -0.719467 -0.470029 0.900041 -0.935809 -0.470029 0.755235 -0.755235 -0.470029 0.935809 -0.719467 -0.470029 0.900041 -0.900041 -0.470029 0.719467 -0.935809 -0.058773 0.755235 -0.935809 -0.470029 0.755235 -0.900041 -0.470029 0.719467 
						-0.900041 -0.058773 0.719467 -0.755235 -0.058773 0.935809 -0.935809 -0.058773 0.755235 -0.900041 -0.058773 0.719467 -0.719467 -0.058773 0.900041 -0.669984 -0.949157 -0.023027 -0.554812 -0.949157 0.098903 -0.554812 -0.949157 0.139892 -0.431757 -0.974579 -0.438959 -0.431757 -0.949157 -0.438959 -0.669984 -0.949157 -0.438959 -0.554812 -0.949157 -0.438959 -0.554812 -0.949157 -0.246460 -0.669984 -0.949157 -0.246460 -0.680514 -0.974579 0.381647 -0.669984 -0.949157 0.381647 -0.554812 -0.949157 0.381647 -0.554812 -0.974579 0.381647 -0.554812 -0.949157 0.381647 -0.669984 -0.949157 0.381647 -0.431757 -0.528802 -1.000000 -0.431757 -0.573474 -1.000000 -0.431757 -0.980000 -0.195619 -0.431757 -0.949157 -0.195619 -0.691044 -0.980000 -0.246460 -0.669984 -0.949157 -0.246460 -0.554812 -0.949157 -0.246460 -0.554812 -0.980000 -0.246460 -0.691044 -0.980000 -0.246460 -0.554812 -0.980000 -0.246460 -0.554812 -0.980000 -0.195619 -0.691044 -0.980000 -0.195619 -0.691044 -1.000000 -0.619442 -0.554812 -1.000000 -0.619442 -0.554812 -1.000000 -0.438959 -0.691044 -1.000000 -0.438959 -0.431757 -1.000000 -0.438959 -0.691044 -1.000000 0.381647 -0.554812 -1.000000 0.381647 -0.554812 -1.000000 0.610280 -0.691044 -1.000000 0.610280 -0.691044 -1.000000 0.381647 -0.554812 -1.000000 0.381647 -0.431757 0.000000 -1.000000 -0.691044 -1.000000 -0.691044 -0.554812 -1.000000 -0.691044 -0.691044 -0.528802 1.000000 -0.691044 -0.573474 1.000000 -0.554812 -0.573474 1.000000 -0.554812 -0.528802 1.000000 -0.691044 -0.691044 1.000000 -0.554812 -0.691044 1.000000 -0.691044 -0.000000 1.000000 -0.554812 -0.000000 1.000000 -0.431757 -0.691044 -1.000000 -0.431757 -0.691044 -1.000000 -0.431757 -1.000000 -0.691044 -0.691044 -0.691044 1.000000 -0.691044 -1.000000 0.691044 -0.554812 -1.000000 0.691044 -0.554812 -0.691044 1.000000 -0.554812 -1.000000 0.691044 -0.691044 -1.000000 0.691044 -0.431757 -1.000000 0.381647 
						-0.431757 -1.047831 0.347825 -0.431757 -0.996988 0.347825 -0.431757 -0.974579 0.381647 -0.554812 -0.528802 1.000000 -0.554812 -0.528802 1.047831 -0.431757 -0.528802 1.047831 -0.431757 -0.528802 1.000000 -0.554812 -0.949157 0.098903 -0.554812 -0.996988 0.139892 -0.554812 -0.949157 0.139892 -0.554812 -0.691044 1.000000 -0.554812 -0.709348 1.044190 -0.554812 -0.573474 1.047831 -0.554812 -0.573474 1.000000 -0.431757 -1.000000 0.610280 -0.431757 -1.047831 0.610280 -0.431757 -1.047831 0.347825 -0.431757 -1.000000 0.381647 -0.431757 -0.528802 1.000000 -0.431757 -0.528802 1.047831 -0.431757 -0.573474 1.047831 -0.431757 -0.573474 1.000000 -0.554812 -0.528802 1.047831 -0.554812 -0.528802 1.000000 -0.431757 -0.949157 0.381647 -0.431757 -0.996988 0.347825 -0.431757 -0.996988 0.139892 -0.431757 -0.949157 0.139892 -0.554812 -0.949157 -0.195619 -0.431757 -0.949157 -0.195619 -0.669984 -0.949157 -0.195619 -0.554812 -0.528802 1.047831 -0.554812 -0.573474 1.047831 -0.431757 -0.573474 1.047831 -0.431757 -0.528802 1.047831 -0.554812 -1.047831 0.610280 -0.431757 -1.047831 0.610280 -0.431757 -1.044190 0.709348 -0.554812 -1.044190 0.709348 -0.554812 -0.949157 0.098903 -0.431757 -0.949157 0.098903 -0.431757 -0.996988 0.139892 -0.554812 -0.996988 0.139892 -0.554812 -0.996988 0.139892 -0.431757 -0.996988 0.139892 -0.431757 -0.996988 0.347825 -0.554812 -0.996988 0.347825 -0.554812 -1.047831 0.347825 -0.431757 -1.047831 0.347825 -0.431757 -1.047831 0.610280 -0.554812 -1.047831 0.610280 -0.554812 -1.047831 0.347825 -0.554812 -0.996988 0.347825 -0.431757 -0.996988 0.347825 -0.431757 -1.047831 0.347825 -0.554812 -0.709348 1.044190 -0.554812 -1.044190 0.709348 -0.431757 -1.044190 0.709348 -0.431757 -0.709348 1.044190 -0.554812 -0.573474 1.047831 -0.554812 -0.709348 1.044190 -0.431757 -0.709348 1.044190 -0.431757 -0.573474 1.047831 -0.431757 -1.000000 0.691044 
						-0.431757 -1.044190 0.709348 -0.431757 -1.047831 0.610280 -0.431757 -1.000000 0.610280 -0.554812 -0.949157 0.381647 -0.554812 -0.996988 0.347825 -0.554812 -0.974579 0.381647 -0.554812 -1.000000 0.381647 -0.554812 -1.047831 0.347825 -0.554812 -1.047831 0.610280 -0.554812 -1.000000 0.610280 -0.554812 -0.996988 0.347825 -0.554812 -0.949157 0.381647 -0.554812 -1.047831 0.347825 -0.554812 -1.000000 0.381647 -0.554812 -1.000000 0.691044 -0.554812 -1.044190 0.709348 -0.554812 -0.709348 1.044190 -0.554812 -0.691044 1.000000 -0.431757 -0.691044 1.000000 -0.431757 -0.709348 1.044190 -0.431757 -1.044190 0.709348 -0.431757 -1.000000 0.691044 -0.554812 -1.000000 0.610280 -0.554812 -1.047831 0.610280 -0.554812 -1.044190 0.709348 -0.554812 -1.000000 0.691044 -0.431757 -0.949157 0.381647 -0.431757 -0.573474 1.000000 -0.431757 -0.573474 1.047831 -0.431757 -0.709348 1.044190 -0.431757 -0.691044 1.000000 -0.431757 -0.949157 0.098903 -0.051334 -0.770144 0.920900 -0.431757 -0.691044 1.000000 -0.380423 -0.770144 0.920900 -0.051334 -0.920900 0.770144 -0.380423 -0.920900 0.770144 -0.431757 -1.000000 0.691044 -0.380423 -0.734351 0.885107 -0.380423 -0.885107 0.734351 -0.051334 -0.885107 0.734351 -0.051334 -0.734351 0.885107 -0.380423 -0.920900 0.770144 -0.380423 -0.885107 0.734351 -0.380423 -0.734351 0.885107 -0.380423 -0.770144 0.920900 -0.051334 -0.920900 0.770144 -0.051334 -0.885107 0.734351 -0.380423 -0.885107 0.734351 -0.380423 -0.920900 0.770144 -0.380423 -0.770144 0.920900 -0.380423 -0.734351 0.885107 -0.051334 -0.734351 0.885107 -0.051334 -0.770144 0.920900 0.554812 0.573474 -1.000000 0.554812 0.691044 -1.000000 0.691044 0.691044 -1.000000 0.691044 0.573474 -1.000000 0.691044 0.528802 -1.000000 1.000000 0.528802 -0.691044 1.000000 0.573474 0.610280 1.000000 0.691044 0.610280 1.000000 0.691044 0.691044 1.000000 0.573474 0.691044 
						1.000000 0.691044 -0.691044 0.691044 0.691044 -1.000000 0.691044 1.000000 -0.691044 0.691044 1.000000 -0.619442 1.000000 0.691044 -0.619442 1.000000 0.691044 -0.691044 0.691044 1.000000 -0.691044 0.691044 0.573474 1.000000 1.000000 0.573474 0.691044 1.000000 0.691044 0.691044 0.691044 0.691044 1.000000 0.554812 0.691044 -1.000000 0.554812 1.000000 -0.691044 0.691044 1.000000 -0.691044 0.691044 0.691044 -1.000000 0.680514 0.974579 -0.438959 0.669984 0.949157 -0.438959 0.949157 0.669984 -0.438959 0.974579 0.680514 -0.438959 0.691044 1.000000 0.610280 1.000000 0.691044 0.610280 1.000000 0.691044 0.381647 0.691044 1.000000 0.381647 0.972484 0.528802 0.381647 0.944968 0.528802 0.381647 0.944968 0.573474 0.381647 0.972484 0.573474 0.381647 1.000000 0.573474 -0.619442 1.000000 0.691044 -0.619442 1.000000 0.691044 -0.438959 1.000000 0.573474 -0.438959 0.691044 0.980000 -0.195619 0.980000 0.691044 -0.195619 0.980000 0.691044 -0.246460 0.691044 0.980000 -0.246460 0.974579 0.680514 -0.438959 0.949157 0.669984 -0.438959 0.944968 0.573474 -0.438959 0.972484 0.573474 -0.438959 0.554812 0.974579 -0.438959 0.554812 0.949157 -0.438959 0.669984 0.949157 -0.438959 0.680514 0.974579 -0.438959 0.980000 0.543434 -0.246460 0.980000 0.691044 -0.246460 0.980000 0.691044 -0.195619 0.980000 0.543434 -0.195619 0.944968 0.573474 -0.246460 0.916997 0.573474 -0.246460 0.916997 0.573474 -0.438959 0.944968 0.573474 -0.438959 0.980000 0.543434 -0.246460 0.944968 0.573474 -0.246460 0.949157 0.669984 -0.246460 0.980000 0.691044 -0.246460 1.000000 0.528802 -0.619442 1.000000 0.528802 -0.438959 0.691044 0.528802 1.000000 1.000000 0.528802 0.691044 1.000000 0.528802 0.610280 1.000000 0.528802 0.691044 0.691044 0.691044 -1.000000 1.000000 0.691044 -0.691044 1.000000 0.573474 -0.691044 
						0.691044 0.573474 -1.000000 0.554812 0.528802 -1.000000 0.691044 0.528802 -1.000000 0.980000 0.691044 -0.246460 0.949157 0.669984 -0.246460 0.669984 0.949157 -0.246460 0.691044 0.980000 -0.246460 0.944968 0.573474 -0.023027 0.949157 0.669984 -0.023027 0.949157 0.669984 0.381647 0.944968 0.573474 0.381647 0.669984 0.949157 -0.246460 0.949157 0.669984 -0.246460 0.949157 0.669984 -0.438959 0.669984 0.949157 -0.438959 0.944968 0.573474 -0.438959 0.949157 0.669984 -0.438959 0.949157 0.669984 -0.246460 0.944968 0.573474 -0.246460 0.944968 0.528802 -0.438959 0.916997 0.528802 -0.438959 0.669984 0.949157 -0.023027 0.949157 0.669984 -0.023027 0.949157 0.669984 -0.195619 0.669984 0.949157 -0.195619 0.916997 0.528802 0.381647 0.916997 0.573474 0.381647 0.944968 0.573474 -0.195619 0.916997 0.573474 -0.195619 0.952028 0.543434 -0.195619 0.980000 0.543434 -0.195619 0.974579 0.680514 0.381647 0.949157 0.669984 0.381647 0.669984 0.949157 0.381647 0.680514 0.974579 0.381647 0.949157 0.669984 0.381647 0.974579 0.680514 0.381647 0.691044 0.980000 -0.195619 0.669984 0.949157 -0.195619 0.949157 0.669984 -0.195619 0.980000 0.691044 -0.195619 0.554812 0.980000 -0.195619 0.554812 0.949157 -0.195619 0.669984 0.949157 -0.195619 0.691044 0.980000 -0.195619 0.980000 0.691044 -0.195619 0.949157 0.669984 -0.195619 0.944968 0.573474 -0.195619 0.980000 0.543434 -0.195619 0.431757 0.974579 0.381647 0.431757 0.949157 0.381647 0.000000 0.949157 0.381647 0.000000 0.974579 0.381647 0.431757 0.949157 -0.438959 0.000000 0.949157 -0.438959 0.000000 0.949157 -0.246460 0.431757 0.949157 -0.246460 0.431757 0.949157 0.139892 0.000000 0.949157 0.098903 0.000000 0.949157 0.381647 0.431757 0.949157 0.381647 0.431757 0.528802 1.000000 0.431757 0.573474 1.000000 0.000000 0.573474 1.000000 
						0.000000 0.528802 1.000000 0.431757 0.980000 -0.246460 0.431757 0.949157 -0.246460 0.000000 0.949157 -0.246460 0.000000 0.980000 -0.246460 0.431757 0.980000 -0.246460 0.000000 0.980000 -0.246460 0.000000 0.980000 -0.195619 0.431757 0.980000 -0.195619 0.431757 1.000000 -0.619442 0.000000 1.000000 -0.619442 0.000000 1.000000 -0.438959 0.431757 1.000000 -0.438959 0.051334 0.770144 0.920900 0.051334 0.734351 0.885107 0.051334 0.885107 0.734351 0.051334 0.920900 0.770144 0.431757 0.691044 1.000000 0.000000 0.691044 1.000000 0.431757 1.000000 0.610280 0.000000 1.000000 0.610280 0.000000 1.000000 0.691044 0.431757 1.000000 0.691044 0.952028 0.501101 -0.246460 0.952028 0.543434 -0.246460 0.952028 0.543434 -0.195619 0.952028 0.501101 -0.195619 0.916997 0.528802 -0.438959 0.916997 0.573474 -0.438959 0.916997 0.573474 -0.246460 0.916997 0.528802 -0.246460 0.916997 0.528802 -0.023027 0.916997 0.573474 -0.023027 0.916997 0.573474 0.381647 0.916997 0.528802 0.381647 0.952028 0.501101 -0.246460 0.916997 0.528802 -0.246460 0.916997 0.573474 -0.246460 0.952028 0.543434 -0.246460 0.952028 0.501101 -0.195619 0.916997 0.528802 -0.195619 0.980000 0.543434 -0.195619 0.952028 0.543434 -0.195619 0.952028 0.543434 -0.246460 0.980000 0.543434 -0.246460 0.980000 0.543434 -0.246460 0.952028 0.543434 -0.246460 0.916997 0.573474 -0.246460 0.944968 0.573474 -0.246460 0.944968 0.573474 -0.023027 0.916997 0.573474 -0.023027 0.916997 0.573474 -0.195619 0.944968 0.573474 -0.195619 0.431757 1.000000 0.381647 0.000000 1.000000 0.381647 1.000000 0.528802 0.381647 1.000000 0.573474 0.381647 0.691044 1.000000 0.691044 1.000000 0.691044 0.691044 1.000000 0.691044 0.381647 0.916997 0.265112 0.304937 0.765132 0.265112 0.304937 0.765132 0.265112 0.053683 0.916997 0.265112 0.053683 
						0.916997 0.528802 0.381647 0.944968 0.528802 0.381647 0.916997 0.573474 -0.438959 0.916997 0.528802 -0.438959 0.944968 0.528802 -0.438959 0.972969 0.528802 -0.438959 1.000000 0.528802 -0.691044 0.431757 1.000000 -0.691044 0.000000 1.000000 -0.691044 1.000000 0.573474 -0.691044 1.000000 0.691044 -0.691044 0.691044 1.000000 -0.438959 1.000000 0.691044 -0.438959 1.000000 0.528802 -0.438959 0.972969 0.528802 -0.438959 0.972969 0.528802 -0.619442 1.000000 0.528802 -0.619442 1.000000 0.528802 0.610280 0.972969 0.528802 0.610280 0.972484 0.528802 0.381647 1.000000 0.528802 0.381647 0.972969 -0.000000 0.381647 0.972484 0.528802 0.381647 0.972969 0.528802 0.610280 0.972969 0.000000 0.610280 0.972969 0.528802 -0.619442 0.972969 0.528802 -0.438959 1.000000 0.528802 -0.619442 0.972969 0.528802 -0.619442 0.972969 0.528802 0.610280 1.000000 0.528802 0.610280 0.972969 0.528802 -0.438959 0.972484 0.528802 0.381647 0.431757 1.000000 0.381647 0.000000 1.000000 0.381647 1.000000 0.573474 0.381647 0.974579 0.680514 0.381647 1.000000 0.691044 0.381647 1.000000 0.691044 0.381647 0.974579 0.680514 0.381647 0.680514 0.974579 0.381647 0.691044 1.000000 0.381647 1.000000 0.528802 0.381647 1.000000 0.573474 -0.438959 1.000000 0.528802 -0.438959 0.554812 1.000000 -0.438959 0.691044 1.000000 -0.438959 1.000000 0.691044 -0.438959 0.691044 1.000000 -0.438959 1.000000 0.691044 -0.438959 0.916997 0.528802 -0.195619 0.944968 0.573474 0.381647 0.916997 0.573474 0.381647 0.916997 0.573474 -0.195619 0.431757 0.949157 0.098903 0.669984 0.949157 0.381647 0.949157 0.669984 0.381647 0.944968 0.573474 -0.195619 0.949157 0.669984 -0.195619 0.916997 0.265112 0.304937 0.916997 0.265112 0.053683 0.765132 0.265112 0.053683 0.765132 0.265112 0.304937 0.765132 0.265112 0.304937 
						0.916997 0.265112 0.304937 0.916997 0.265112 0.053683 0.765132 0.265112 0.053683 0.850631 0.265138 0.156213 0.858742 0.265138 0.161632 0.858742 0.138379 0.161632 0.850631 0.138379 0.156213 0.864161 0.265138 0.169743 0.864161 0.138379 0.169743 0.841064 0.265138 0.154310 0.841064 0.138379 0.154310 0.866064 0.265138 0.179310 0.866064 0.138379 0.179310 0.864161 0.265138 0.188877 0.864161 0.138379 0.188877 0.858742 0.265138 0.196987 0.858742 0.138379 0.196988 0.850631 0.265138 0.202407 0.850631 0.138379 0.202407 0.841064 0.265138 0.204310 0.841064 0.138379 0.204310 0.831497 0.265138 0.202407 0.831497 0.138379 0.202407 0.823387 0.265138 0.196987 0.823387 0.138379 0.196988 0.817967 0.265138 0.188877 0.817967 0.138379 0.188877 0.816064 0.265138 0.179310 0.816064 0.138379 0.179310 0.816064 0.265138 0.179310 0.817967 0.265138 0.169743 0.817967 0.138379 0.169743 0.816064 0.138379 0.179310 0.823387 0.265138 0.161632 0.823387 0.138379 0.161632 0.831497 0.265138 0.156213 0.831497 0.138379 0.156213 0.823387 0.126759 0.161632 0.831497 0.126759 0.156213 0.831497 0.005810 0.156213 0.823387 0.005810 0.161632 0.817967 0.126759 0.169743 0.817967 0.005810 0.169743 0.816064 0.126759 0.179310 0.816064 0.005810 0.179310 0.817967 0.126759 0.188877 0.816064 0.126759 0.179310 0.816064 0.005810 0.179310 0.817967 0.005810 0.188877 0.823387 0.126759 0.196988 0.823387 0.005810 0.196988 0.831497 0.126759 0.202407 0.831497 0.005810 0.202407 0.841064 0.126759 0.204310 0.841064 0.005810 0.204310 0.850631 0.126759 0.202407 0.850631 0.005810 0.202407 0.858742 0.126759 0.196987 0.858742 0.005810 0.196988 0.864161 0.126759 0.188877 0.864161 0.005810 0.188877 0.866064 0.126759 0.179310 0.866064 0.005810 0.179310 0.864161 0.126759 0.169743 
						0.864161 0.005810 0.169743 0.858742 0.126759 0.161632 0.858742 0.005810 0.161632 0.850631 0.126759 0.156213 0.850631 0.005810 0.156213 0.841064 0.126759 0.154310 0.841064 0.005810 0.154310 0.832848 -0.000000 0.159475 0.831497 0.005810 0.156213 0.841064 0.005810 0.154310 0.841064 -0.000000 0.157840 0.825883 0.000000 0.164129 0.823387 0.005810 0.161632 0.821229 -0.000000 0.171094 0.817967 0.005810 0.169743 0.819595 0.000000 0.179310 0.816064 0.005810 0.179310 0.821229 -0.000000 0.187526 0.817967 0.005810 0.188877 0.816064 0.005810 0.179310 0.819595 0.000000 0.179310 0.825883 -0.000000 0.194491 0.823387 0.005810 0.196988 0.832848 0.000000 0.199145 0.831497 0.005810 0.202407 0.841064 0.000000 0.200779 0.841064 0.005810 0.204310 0.849280 0.000000 0.199145 0.850631 0.005810 0.202407 0.856246 -0.000000 0.194491 0.858742 0.005810 0.196988 0.860899 -0.000000 0.187526 0.864161 0.005810 0.188877 0.862534 0.000000 0.179310 0.866064 0.005810 0.179310 0.860899 -0.000000 0.171094 0.864161 0.005810 0.169743 0.856246 0.000000 0.164129 0.858742 0.005810 0.161632 0.849280 -0.000000 0.159475 0.850631 0.005810 0.156213 0.841064 0.126759 0.154310 0.841064 0.132569 0.157840 0.849280 0.132569 0.159475 0.850631 0.126759 0.156213 0.841064 0.132569 0.157840 0.841064 0.138379 0.154310 0.850631 0.138379 0.156213 0.849280 0.132569 0.159475 0.856246 0.132569 0.164129 0.858742 0.126759 0.161632 0.858742 0.138379 0.161632 0.856246 0.132569 0.164129 0.860899 0.132569 0.171094 0.864161 0.126759 0.169743 0.864161 0.138379 0.169743 0.860899 0.132569 0.171094 0.862534 0.132569 0.179310 0.866064 0.126759 0.179310 0.866064 0.138379 0.179310 0.862534 0.132569 0.179310 0.860899 0.132569 0.187526 0.864161 0.126759 0.188877 0.864161 0.138379 0.188877 
						0.860899 0.132569 0.187526 0.856246 0.132569 0.194491 0.858742 0.126759 0.196987 0.858742 0.138379 0.196988 0.856246 0.132569 0.194491 0.849280 0.132569 0.199145 0.850631 0.126759 0.202407 0.850631 0.138379 0.202407 0.849280 0.132569 0.199145 0.841064 0.132569 0.200779 0.841064 0.126759 0.204310 0.841064 0.138379 0.204310 0.841064 0.132569 0.200779 0.832848 0.132569 0.199145 0.831497 0.126759 0.202407 0.831497 0.138379 0.202407 0.832848 0.132569 0.199145 0.825883 0.132569 0.194491 0.823387 0.126759 0.196988 0.823387 0.138379 0.196988 0.825883 0.132569 0.194491 0.821229 0.132569 0.187526 0.817967 0.126759 0.188877 0.817967 0.138379 0.188877 0.821229 0.132569 0.187526 0.819595 0.132569 0.179310 0.816064 0.126759 0.179310 0.816064 0.138379 0.179310 0.819595 0.132569 0.179310 0.816064 0.126759 0.179310 0.819595 0.132569 0.179310 0.821229 0.132569 0.171094 0.817967 0.126759 0.169743 0.819595 0.132569 0.179310 0.816064 0.138379 0.179310 0.817967 0.138379 0.169743 0.821229 0.132569 0.171094 0.825883 0.132569 0.164129 0.823387 0.126759 0.161632 0.823387 0.138379 0.161632 0.825883 0.132569 0.164129 0.832848 0.132569 0.159475 0.831497 0.126759 0.156213 0.831497 0.138379 0.156213 0.832848 0.132569 0.159475 1.000000 0.691044 0.691044 0.904025 0.739031 0.739031 0.739031 0.739031 0.904025 0.691044 0.691044 1.000000 0.739031 0.904025 0.739031 0.691044 1.000000 0.691044 0.755235 0.058773 0.935809 0.755235 0.470029 0.935809 0.935809 0.470029 0.755235 0.935809 0.058773 0.755235 0.874821 0.709827 0.709827 0.709827 0.874821 0.709827 0.709827 0.709827 0.874821 0.739031 0.739031 0.904025 0.904025 0.739031 0.739031 0.874821 0.709827 0.709827 0.709827 0.709827 0.874821 0.739031 0.904025 0.739031 0.739031 0.739031 0.904025 
						0.709827 0.709827 0.874821 0.709827 0.874821 0.709827 0.904025 0.739031 0.739031 0.739031 0.904025 0.739031 0.709827 0.874821 0.709827 0.874821 0.709827 0.709827 0.719467 0.058773 0.900041 0.900041 0.058773 0.719467 0.900041 0.470029 0.719467 0.719467 0.470029 0.900041 0.755235 0.470029 0.935809 0.755235 0.058773 0.935809 0.719467 0.058773 0.900041 0.719467 0.470029 0.900041 0.935809 0.470029 0.755235 0.755235 0.470029 0.935809 0.719467 0.470029 0.900041 0.900041 0.470029 0.719467 0.935809 0.058773 0.755235 0.935809 0.470029 0.755235 0.900041 0.470029 0.719467 0.900041 0.058773 0.719467 0.755235 0.058773 0.935809 0.935809 0.058773 0.755235 0.900041 0.058773 0.719467 0.719467 0.058773 0.900041 0.669984 0.949157 -0.023027 0.554812 0.949157 0.098903 0.554812 0.949157 0.139892 0.431757 0.974579 -0.438959 0.431757 0.949157 -0.438959 0.669984 0.949157 -0.438959 0.554812 0.949157 -0.438959 0.554812 0.949157 -0.246460 0.669984 0.949157 -0.246460 0.680514 0.974579 0.381647 0.669984 0.949157 0.381647 0.554812 0.949157 0.381647 0.554812 0.974579 0.381647 0.554812 0.949157 0.381647 0.669984 0.949157 0.381647 0.431757 0.528802 -1.000000 0.431757 0.573474 -1.000000 0.431757 0.980000 -0.195619 0.431757 0.949157 -0.195619 0.691044 0.980000 -0.246460 0.669984 0.949157 -0.246460 0.554812 0.949157 -0.246460 0.554812 0.980000 -0.246460 0.691044 0.980000 -0.246460 0.554812 0.980000 -0.246460 0.554812 0.980000 -0.195619 0.691044 0.980000 -0.195619 0.691044 1.000000 -0.619442 0.554812 1.000000 -0.619442 0.554812 1.000000 -0.438959 0.691044 1.000000 -0.438959 0.431757 1.000000 -0.438959 0.691044 1.000000 0.381647 0.554812 1.000000 0.381647 0.554812 1.000000 0.610280 0.691044 1.000000 0.610280 0.691044 1.000000 0.381647 0.554812 1.000000 0.381647 
						0.691044 1.000000 -0.691044 0.554812 1.000000 -0.691044 0.691044 0.528802 1.000000 0.691044 0.573474 1.000000 0.554812 0.573474 1.000000 0.554812 0.528802 1.000000 0.691044 0.691044 1.000000 0.554812 0.691044 1.000000 0.431757 0.691044 -1.000000 0.431757 0.691044 -1.000000 0.431757 1.000000 -0.691044 0.691044 0.691044 1.000000 0.691044 1.000000 0.691044 0.554812 1.000000 0.691044 0.554812 0.691044 1.000000 0.554812 1.000000 0.691044 0.691044 1.000000 0.691044 0.431757 1.000000 0.381647 0.431757 1.047831 0.347825 0.431757 0.996988 0.347825 0.431757 0.974579 0.381647 0.554812 0.528802 1.000000 0.554812 0.528802 1.047831 0.431757 0.528802 1.047831 0.431757 0.528802 1.000000 0.554812 0.949157 0.098903 0.554812 0.996988 0.139892 0.554812 0.949157 0.139892 0.000000 0.974579 -0.438959 0.000000 0.949157 -0.438959 0.554812 0.691044 1.000000 0.554812 0.709348 1.044190 0.554812 0.573474 1.047831 0.554812 0.573474 1.000000 0.000000 0.528802 -1.000000 0.000000 0.573474 -1.000000 0.000000 0.691044 -1.000000 0.000000 0.980000 -0.195619 0.000000 0.949157 -0.195619 0.000000 1.000000 -0.438959 0.431757 1.000000 0.610280 0.431757 1.047831 0.610280 0.431757 1.047831 0.347825 0.431757 1.000000 0.381647 0.431757 0.528802 1.000000 0.431757 0.528802 1.047831 0.431757 0.573474 1.047831 0.431757 0.573474 1.000000 0.000000 0.691044 -1.000000 0.000000 1.000000 -0.691044 0.554812 0.528802 1.047831 0.554812 0.528802 1.000000 0.431757 0.949157 0.381647 0.431757 0.996988 0.347825 0.431757 0.996988 0.139892 0.431757 0.949157 0.139892 0.554812 0.949157 -0.195619 0.431757 0.949157 -0.195619 0.000000 0.949157 -0.195619 0.669984 0.949157 -0.195619 0.554812 0.528802 1.047831 0.554812 0.573474 1.047831 0.431757 0.573474 1.047831 0.431757 0.528802 1.047831 
						0.554812 1.047831 0.610280 0.431757 1.047831 0.610280 0.431757 1.044190 0.709348 0.554812 1.044190 0.709348 0.554812 0.949157 0.098903 0.431757 0.949157 0.098903 0.431757 0.996988 0.139892 0.554812 0.996988 0.139892 0.554812 0.996988 0.139892 0.431757 0.996988 0.139892 0.431757 0.996988 0.347825 0.554812 0.996988 0.347825 0.554812 1.047831 0.347825 0.431757 1.047831 0.347825 0.431757 1.047831 0.610280 0.554812 1.047831 0.610280 0.554812 1.047831 0.347825 0.554812 0.996988 0.347825 0.431757 0.996988 0.347825 0.431757 1.047831 0.347825 0.554812 0.709348 1.044190 0.554812 1.044190 0.709348 0.431757 1.044190 0.709348 0.431757 0.709348 1.044190 0.554812 0.573474 1.047831 0.554812 0.709348 1.044190 0.431757 0.709348 1.044190 0.431757 0.573474 1.047831 0.431757 1.000000 0.691044 0.431757 1.044190 0.709348 0.431757 1.047831 0.610280 0.431757 1.000000 0.610280 0.554812 0.949157 0.381647 0.554812 0.996988 0.347825 0.554812 0.974579 0.381647 0.554812 1.000000 0.381647 0.554812 1.047831 0.347825 0.554812 1.047831 0.610280 0.554812 1.000000 0.610280 0.554812 0.996988 0.347825 0.554812 0.949157 0.381647 0.554812 1.047831 0.347825 0.554812 1.000000 0.381647 0.554812 1.000000 0.691044 0.554812 1.044190 0.709348 0.554812 0.709348 1.044190 0.554812 0.691044 1.000000 0.431757 0.691044 1.000000 0.431757 0.709348 1.044190 0.431757 1.044190 0.709348 0.431757 1.000000 0.691044 0.554812 1.000000 0.610280 0.554812 1.047831 0.610280 0.554812 1.044190 0.709348 0.554812 1.000000 0.691044 0.431757 0.949157 0.381647 0.431757 0.573474 1.000000 0.431757 0.573474 1.047831 0.431757 0.709348 1.044190 0.431757 0.691044 1.000000 0.431757 0.949157 0.098903 0.051334 0.770144 0.920900 0.000000 0.691044 1.000000 0.431757 0.691044 1.000000 
						0.380423 0.770144 0.920900 0.051334 0.920900 0.770144 0.000000 1.000000 0.691044 0.380423 0.920900 0.770144 0.431757 1.000000 0.691044 0.380423 0.734351 0.885107 0.380423 0.885107 0.734351 0.051334 0.885107 0.734351 0.051334 0.734351 0.885107 0.380423 0.920900 0.770144 0.380423 0.885107 0.734351 0.380423 0.734351 0.885107 0.380423 0.770144 0.920900 0.051334 0.920900 0.770144 0.051334 0.885107 0.734351 0.380423 0.885107 0.734351 0.380423 0.920900 0.770144 0.380423 0.770144 0.920900 0.380423 0.734351 0.885107 0.051334 0.734351 0.885107 0.051334 0.770144 0.920900 -0.554812 0.573474 -1.000000 -0.691044 0.573474 -1.000000 -0.691044 0.691044 -1.000000 -0.554812 0.691044 -1.000000 -0.691044 0.528802 -1.000000 -1.000000 0.528802 -0.691044 -1.000000 0.573474 0.610280 -1.000000 0.573474 0.691044 -1.000000 0.691044 0.691044 -1.000000 0.691044 0.610280 -1.000000 0.691044 -0.691044 -0.691044 1.000000 -0.691044 -0.691044 0.691044 -1.000000 -0.691044 1.000000 -0.619442 -0.691044 1.000000 -0.691044 -1.000000 0.691044 -0.691044 -1.000000 0.691044 -0.619442 -0.691044 0.573474 1.000000 -0.691044 0.691044 1.000000 -1.000000 0.691044 0.691044 -1.000000 0.573474 0.691044 -0.554812 0.691044 -1.000000 -0.691044 0.691044 -1.000000 -0.691044 1.000000 -0.691044 -0.554812 1.000000 -0.691044 -0.680514 0.974579 -0.438959 -0.974579 0.680514 -0.438959 -0.949157 0.669984 -0.438959 -0.669984 0.949157 -0.438959 -0.691044 1.000000 0.610280 -0.691044 1.000000 0.381647 -1.000000 0.691044 0.381647 -1.000000 0.691044 0.610280 -0.972484 0.528802 0.381647 -0.972484 0.573474 0.381647 -0.944968 0.573474 0.381647 -0.944968 0.528802 0.381647 -1.000000 0.573474 -0.619442 -1.000000 0.573474 -0.438959 -1.000000 0.691044 -0.438959 -1.000000 0.691044 -0.619442 -0.691044 0.980000 -0.195619 -0.691044 0.980000 -0.246460 
						-0.980000 0.691044 -0.246460 -0.980000 0.691044 -0.195619 -0.974579 0.680514 -0.438959 -0.972484 0.573474 -0.438959 -0.944968 0.573474 -0.438959 -0.949157 0.669984 -0.438959 -0.554812 0.974579 -0.438959 -0.680514 0.974579 -0.438959 -0.669984 0.949157 -0.438959 -0.554812 0.949157 -0.438959 -0.980000 0.543434 -0.246460 -0.980000 0.543434 -0.195619 -0.980000 0.691044 -0.195619 -0.980000 0.691044 -0.246460 -0.944968 0.573474 -0.246460 -0.944968 0.573474 -0.438959 -0.916997 0.573474 -0.438959 -0.916997 0.573474 -0.246460 -0.980000 0.543434 -0.246460 -0.980000 0.691044 -0.246460 -0.949157 0.669984 -0.246460 -0.944968 0.573474 -0.246460 -1.000000 0.528802 -0.619442 -1.000000 0.528802 -0.438959 -0.691044 0.528802 1.000000 -1.000000 0.528802 0.691044 -1.000000 0.528802 0.610280 -1.000000 0.528802 0.691044 -0.691044 0.691044 -1.000000 -0.691044 0.573474 -1.000000 -1.000000 0.573474 -0.691044 -1.000000 0.691044 -0.691044 -0.554812 0.528802 -1.000000 -0.691044 0.528802 -1.000000 -0.980000 0.691044 -0.246460 -0.691044 0.980000 -0.246460 -0.669984 0.949157 -0.246460 -0.949157 0.669984 -0.246460 -0.944968 0.573474 -0.023027 -0.944968 0.573474 0.381647 -0.949157 0.669984 0.381647 -0.949157 0.669984 -0.023027 -0.669984 0.949157 -0.246460 -0.669984 0.949157 -0.438959 -0.949157 0.669984 -0.438959 -0.949157 0.669984 -0.246460 -0.944968 0.573474 -0.438959 -0.944968 0.573474 -0.246460 -0.949157 0.669984 -0.246460 -0.949157 0.669984 -0.438959 -0.944968 0.528802 -0.438959 -0.916997 0.528802 -0.438959 -0.669984 0.949157 -0.023027 -0.669984 0.949157 -0.195619 -0.949157 0.669984 -0.195619 -0.949157 0.669984 -0.023027 -0.916997 0.573474 0.381647 -0.916997 0.528802 0.381647 -0.944968 0.573474 -0.195619 -0.980000 0.543434 -0.195619 -0.952028 0.543434 -0.195619 -0.916997 0.573474 -0.195619 -0.974579 0.680514 0.381647 -0.680514 0.974579 0.381647 
						-0.669984 0.949157 0.381647 -0.949157 0.669984 0.381647 -0.974579 0.680514 0.381647 -0.949157 0.669984 0.381647 -0.691044 0.980000 -0.195619 -0.980000 0.691044 -0.195619 -0.949157 0.669984 -0.195619 -0.669984 0.949157 -0.195619 -0.554812 0.980000 -0.195619 -0.691044 0.980000 -0.195619 -0.669984 0.949157 -0.195619 -0.554812 0.949157 -0.195619 -0.980000 0.691044 -0.195619 -0.980000 0.543434 -0.195619 -0.944968 0.573474 -0.195619 -0.949157 0.669984 -0.195619 -0.431757 0.974579 0.381647 -0.431757 0.949157 0.381647 -0.431757 0.949157 -0.438959 -0.431757 0.949157 -0.246460 -0.431757 0.949157 0.139892 -0.431757 0.949157 0.381647 -0.431757 0.528802 1.000000 -0.431757 0.573474 1.000000 -0.431757 0.980000 -0.246460 -0.431757 0.949157 -0.246460 -0.431757 0.980000 -0.246460 -0.431757 0.980000 -0.195619 -0.431757 1.000000 -0.619442 -0.431757 1.000000 -0.438959 -0.051334 0.770144 0.920900 -0.051334 0.920900 0.770144 -0.051334 0.885107 0.734351 -0.051334 0.734351 0.885107 -0.431757 0.691044 1.000000 -0.431757 1.000000 0.610280 -0.431757 1.000000 0.691044 -0.952028 0.501101 -0.246460 -0.952028 0.501101 -0.195619 -0.952028 0.543434 -0.195619 -0.952028 0.543434 -0.246460 -0.916997 0.528802 -0.438959 -0.916997 0.528802 -0.246460 -0.916997 0.573474 -0.246460 -0.916997 0.573474 -0.438959 -0.916997 0.528802 -0.023027 -0.916997 0.528802 0.381647 -0.916997 0.573474 0.381647 -0.916997 0.573474 -0.023027 -0.952028 0.501101 -0.246460 -0.952028 0.543434 -0.246460 -0.916997 0.573474 -0.246460 -0.916997 0.528802 -0.246460 -0.952028 0.501101 -0.195619 -0.916997 0.528802 -0.195619 -0.980000 0.543434 -0.195619 -0.980000 0.543434 -0.246460 -0.952028 0.543434 -0.246460 -0.952028 0.543434 -0.195619 -0.980000 0.543434 -0.246460 -0.944968 0.573474 -0.246460 -0.944968 0.573474 -0.023027 -0.944968 0.573474 -0.195619 -0.916997 0.573474 -0.195619 
						-0.916997 0.573474 -0.023027 -0.431757 1.000000 0.381647 -1.000000 0.528802 0.381647 -1.000000 0.573474 0.381647 -0.691044 1.000000 0.691044 -1.000000 0.691044 0.691044 -1.000000 0.691044 0.381647 -0.916997 0.265112 0.304937 -0.916997 0.265112 0.053683 -0.765132 0.265112 0.053683 -0.765132 0.265112 0.304937 -0.944968 0.528802 0.381647 -0.916997 0.528802 0.381647 -0.944968 0.528802 -0.438959 -0.916997 0.528802 -0.438959 -0.916997 0.573474 -0.438959 -0.972969 0.528802 -0.438959 -1.000000 0.528802 -0.691044 -0.431757 1.000000 -0.691044 -1.000000 0.573474 -0.691044 -1.000000 0.691044 -0.691044 -0.691044 1.000000 -0.438959 -1.000000 0.691044 -0.438959 -1.000000 0.528802 -0.438959 -1.000000 0.528802 -0.619442 -0.972969 0.528802 -0.619442 -0.972969 0.528802 -0.438959 -1.000000 0.528802 0.610280 -1.000000 0.528802 0.381647 -0.972484 0.528802 0.381647 -0.972969 0.528802 0.610280 -0.972969 -0.000000 0.381647 -0.972969 0.000000 0.610280 -0.972969 0.528802 0.610280 -0.972484 0.528802 0.381647 -0.972969 0.528802 -0.438959 -0.972969 0.528802 -0.619442 -1.000000 0.528802 -0.619442 -0.972969 0.528802 -0.619442 -1.000000 0.528802 0.610280 -0.972969 0.528802 0.610280 -0.972969 0.528802 -0.438959 -0.972484 0.528802 0.381647 -0.431757 1.000000 0.381647 -1.000000 0.573474 0.381647 -1.000000 0.691044 0.381647 -1.000000 0.691044 0.381647 -0.691044 1.000000 0.381647 -0.680514 0.974579 0.381647 -0.974579 0.680514 0.381647 -1.000000 0.528802 0.381647 -1.000000 0.573474 -0.438959 -1.000000 0.528802 -0.438959 -0.554812 1.000000 -0.438959 -0.691044 1.000000 -0.438959 -1.000000 0.691044 -0.438959 -0.691044 1.000000 -0.438959 -1.000000 0.691044 -0.438959 -0.916997 0.528802 -0.195619 -0.944968 0.573474 0.381647 -0.916997 0.573474 0.381647 -0.916997 0.573474 -0.195619 -0.431757 0.949157 0.098903 -0.669984 0.949157 0.381647 
						-0.949157 0.669984 0.381647 -0.944968 0.573474 -0.195619 -0.949157 0.669984 -0.195619 -0.916997 0.265112 0.304937 -0.916997 0.265112 0.053683 -0.765132 0.265112 0.304937 -0.765132 0.265112 0.053683 -0.916997 0.265112 0.304937 -0.765132 0.265112 0.304937 -0.916997 0.265112 0.053683 -0.765132 0.265112 0.053683 -0.850631 0.265138 0.156213 -0.850631 0.138379 0.156213 -0.858742 0.138379 0.161632 -0.858742 0.265138 0.161632 -0.864161 0.138379 0.169743 -0.864161 0.265138 0.169743 -0.841064 0.265138 0.154310 -0.841064 0.138379 0.154310 -0.866064 0.138379 0.179310 -0.866064 0.265138 0.179310 -0.864161 0.138379 0.188877 -0.864161 0.265138 0.188877 -0.858742 0.138379 0.196988 -0.858742 0.265138 0.196987 -0.850631 0.138379 0.202407 -0.850631 0.265138 0.202407 -0.841064 0.138379 0.204310 -0.841064 0.265138 0.204310 -0.831497 0.138379 0.202407 -0.831497 0.265138 0.202407 -0.823387 0.138379 0.196988 -0.823387 0.265138 0.196987 -0.817967 0.138379 0.188877 -0.817967 0.265138 0.188877 -0.816064 0.138379 0.179310 -0.816064 0.265138 0.179310 -0.816064 0.265138 0.179310 -0.816064 0.138379 0.179310 -0.817967 0.138379 0.169743 -0.817967 0.265138 0.169743 -0.823387 0.138379 0.161632 -0.823387 0.265138 0.161632 -0.831497 0.138379 0.156213 -0.831497 0.265138 0.156213 -0.823387 0.126759 0.161632 -0.823387 0.005810 0.161632 -0.831497 0.005810 0.156213 -0.831497 0.126759 0.156213 -0.817967 0.126759 0.169743 -0.817967 0.005810 0.169743 -0.816064 0.126759 0.179310 -0.816064 0.005810 0.179310 -0.817967 0.126759 0.188877 -0.817967 0.005810 0.188877 -0.816064 0.005810 0.179310 -0.816064 0.126759 0.179310 -0.823387 0.126759 0.196988 -0.823387 0.005810 0.196988 -0.831497 0.126759 0.202407 -0.831497 0.005810 0.202407 -0.841064 0.126759 0.204310 -0.841064 0.005810 0.204310 -0.850631 0.126759 0.202407 
						-0.850631 0.005810 0.202407 -0.858742 0.126759 0.196987 -0.858742 0.005810 0.196988 -0.864161 0.126759 0.188877 -0.864161 0.005810 0.188877 -0.866064 0.126759 0.179310 -0.866064 0.005810 0.179310 -0.864161 0.126759 0.169743 -0.864161 0.005810 0.169743 -0.858742 0.126759 0.161632 -0.858742 0.005810 0.161632 -0.850631 0.126759 0.156213 -0.850631 0.005810 0.156213 -0.841064 0.005810 0.154310 -0.841064 0.126759 0.154310 -0.832848 -0.000000 0.159475 -0.841064 -0.000000 0.157840 -0.841064 0.005810 0.154310 -0.831497 0.005810 0.156213 -0.825883 0.000000 0.164129 -0.823387 0.005810 0.161632 -0.821229 -0.000000 0.171094 -0.817967 0.005810 0.169743 -0.819595 0.000000 0.179310 -0.816064 0.005810 0.179310 -0.821229 -0.000000 0.187526 -0.819595 0.000000 0.179310 -0.816064 0.005810 0.179310 -0.817967 0.005810 0.188877 -0.825883 -0.000000 0.194491 -0.823387 0.005810 0.196988 -0.832848 0.000000 0.199145 -0.831497 0.005810 0.202407 -0.841064 0.000000 0.200779 -0.841064 0.005810 0.204310 -0.849280 0.000000 0.199145 -0.850631 0.005810 0.202407 -0.856246 -0.000000 0.194491 -0.858742 0.005810 0.196988 -0.860899 -0.000000 0.187526 -0.864161 0.005810 0.188877 -0.862534 0.000000 0.179310 -0.866064 0.005810 0.179310 -0.860899 -0.000000 0.171094 -0.864161 0.005810 0.169743 -0.856246 0.000000 0.164129 -0.858742 0.005810 0.161632 -0.849280 -0.000000 0.159475 -0.850631 0.005810 0.156213 -0.841064 0.126759 0.154310 -0.850631 0.126759 0.156213 -0.849280 0.132569 0.159475 -0.841064 0.132569 0.157840 -0.841064 0.132569 0.157840 -0.849280 0.132569 0.159475 -0.850631 0.138379 0.156213 -0.841064 0.138379 0.154310 -0.858742 0.126759 0.161632 -0.856246 0.132569 0.164129 -0.856246 0.132569 0.164129 -0.858742 0.138379 0.161632 -0.864161 0.126759 0.169743 -0.860899 0.132569 0.171094 -0.860899 0.132569 0.171094 
						-0.864161 0.138379 0.169743 -0.866064 0.126759 0.179310 -0.862534 0.132569 0.179310 -0.862534 0.132569 0.179310 -0.866064 0.138379 0.179310 -0.864161 0.126759 0.188877 -0.860899 0.132569 0.187526 -0.860899 0.132569 0.187526 -0.864161 0.138379 0.188877 -0.858742 0.126759 0.196987 -0.856246 0.132569 0.194491 -0.856246 0.132569 0.194491 -0.858742 0.138379 0.196988 -0.850631 0.126759 0.202407 -0.849280 0.132569 0.199145 -0.849280 0.132569 0.199145 -0.850631 0.138379 0.202407 -0.841064 0.126759 0.204310 -0.841064 0.132569 0.200779 -0.841064 0.132569 0.200779 -0.841064 0.138379 0.204310 -0.831497 0.126759 0.202407 -0.832848 0.132569 0.199145 -0.832848 0.132569 0.199145 -0.831497 0.138379 0.202407 -0.823387 0.126759 0.196988 -0.825883 0.132569 0.194491 -0.825883 0.132569 0.194491 -0.823387 0.138379 0.196988 -0.817967 0.126759 0.188877 -0.821229 0.132569 0.187526 -0.821229 0.132569 0.187526 -0.817967 0.138379 0.188877 -0.816064 0.126759 0.179310 -0.819595 0.132569 0.179310 -0.819595 0.132569 0.179310 -0.816064 0.138379 0.179310 -0.816064 0.126759 0.179310 -0.817967 0.126759 0.169743 -0.821229 0.132569 0.171094 -0.819595 0.132569 0.179310 -0.819595 0.132569 0.179310 -0.821229 0.132569 0.171094 -0.817967 0.138379 0.169743 -0.816064 0.138379 0.179310 -0.823387 0.126759 0.161632 -0.825883 0.132569 0.164129 -0.825883 0.132569 0.164129 -0.823387 0.138379 0.161632 -0.831497 0.126759 0.156213 -0.832848 0.132569 0.159475 -0.832848 0.132569 0.159475 -0.831497 0.138379 0.156213 -1.000000 0.691044 0.691044 -0.691044 0.691044 1.000000 -0.739031 0.739031 0.904025 -0.904025 0.739031 0.739031 -0.691044 1.000000 0.691044 -0.739031 0.904025 0.739031 -0.755235 0.470029 0.935809 -0.755235 0.058773 0.935809 -0.935809 0.470029 0.755235 -0.935809 0.058773 0.755235 -0.874821 0.709827 0.709827 
						-0.709827 0.709827 0.874821 -0.709827 0.874821 0.709827 -0.739031 0.739031 0.904025 -0.709827 0.709827 0.874821 -0.874821 0.709827 0.709827 -0.904025 0.739031 0.739031 -0.739031 0.904025 0.739031 -0.709827 0.874821 0.709827 -0.709827 0.709827 0.874821 -0.739031 0.739031 0.904025 -0.904025 0.739031 0.739031 -0.874821 0.709827 0.709827 -0.709827 0.874821 0.709827 -0.739031 0.904025 0.739031 -0.719467 0.058773 0.900041 -0.719467 0.470029 0.900041 -0.900041 0.470029 0.719467 -0.900041 0.058773 0.719467 -0.755235 0.470029 0.935809 -0.719467 0.470029 0.900041 -0.719467 0.058773 0.900041 -0.755235 0.058773 0.935809 -0.935809 0.470029 0.755235 -0.900041 0.470029 0.719467 -0.719467 0.470029 0.900041 -0.755235 0.470029 0.935809 -0.935809 0.058773 0.755235 -0.900041 0.058773 0.719467 -0.900041 0.470029 0.719467 -0.935809 0.470029 0.755235 -0.755235 0.058773 0.935809 -0.719467 0.058773 0.900041 -0.900041 0.058773 0.719467 -0.935809 0.058773 0.755235 -0.669984 0.949157 -0.023027 -0.554812 0.949157 0.139892 -0.554812 0.949157 0.098903 -0.431757 0.974579 -0.438959 -0.431757 0.949157 -0.438959 -0.669984 0.949157 -0.438959 -0.669984 0.949157 -0.246460 -0.554812 0.949157 -0.246460 -0.554812 0.949157 -0.438959 -0.680514 0.974579 0.381647 -0.554812 0.974579 0.381647 -0.554812 0.949157 0.381647 -0.669984 0.949157 0.381647 -0.669984 0.949157 0.381647 -0.554812 0.949157 0.381647 -0.431757 0.528802 -1.000000 -0.431757 0.573474 -1.000000 -0.431757 0.980000 -0.195619 -0.431757 0.949157 -0.195619 -0.691044 0.980000 -0.246460 -0.554812 0.980000 -0.246460 -0.554812 0.949157 -0.246460 -0.669984 0.949157 -0.246460 -0.691044 0.980000 -0.246460 -0.691044 0.980000 -0.195619 -0.554812 0.980000 -0.195619 -0.554812 0.980000 -0.246460 -0.691044 1.000000 -0.619442 -0.691044 1.000000 -0.438959 -0.554812 1.000000 -0.438959 
						-0.554812 1.000000 -0.619442 -0.431757 1.000000 -0.438959 -0.691044 1.000000 0.381647 -0.691044 1.000000 0.610280 -0.554812 1.000000 0.610280 -0.554812 1.000000 0.381647 -0.691044 1.000000 0.381647 -0.554812 1.000000 0.381647 -0.691044 1.000000 -0.691044 -0.554812 1.000000 -0.691044 -0.691044 0.528802 1.000000 -0.554812 0.528802 1.000000 -0.554812 0.573474 1.000000 -0.691044 0.573474 1.000000 -0.554812 0.691044 1.000000 -0.691044 0.691044 1.000000 -0.431757 0.691044 -1.000000 -0.431757 0.691044 -1.000000 -0.431757 1.000000 -0.691044 -0.691044 0.691044 1.000000 -0.554812 0.691044 1.000000 -0.554812 1.000000 0.691044 -0.691044 1.000000 0.691044 -0.691044 1.000000 0.691044 -0.554812 1.000000 0.691044 -0.431757 1.000000 0.381647 -0.431757 0.974579 0.381647 -0.431757 0.996988 0.347825 -0.431757 1.047831 0.347825 -0.554812 0.528802 1.000000 -0.431757 0.528802 1.000000 -0.431757 0.528802 1.047831 -0.554812 0.528802 1.047831 -0.554812 0.949157 0.098903 -0.554812 0.949157 0.139892 -0.554812 0.996988 0.139892 -0.554812 0.691044 1.000000 -0.554812 0.573474 1.000000 -0.554812 0.573474 1.047831 -0.554812 0.709348 1.044190 -0.431757 1.000000 0.610280 -0.431757 1.000000 0.381647 -0.431757 1.047831 0.347825 -0.431757 1.047831 0.610280 -0.431757 0.528802 1.000000 -0.431757 0.573474 1.000000 -0.431757 0.573474 1.047831 -0.431757 0.528802 1.047831 -0.554812 0.573474 1.000000 -0.554812 0.528802 1.000000 -0.554812 0.528802 1.047831 -0.554812 0.573474 1.047831 -0.431757 0.949157 0.381647 -0.431757 0.949157 0.139892 -0.431757 0.996988 0.139892 -0.431757 0.996988 0.347825 -0.554812 0.949157 -0.195619 -0.431757 0.949157 -0.195619 -0.669984 0.949157 -0.195619 -0.554812 0.528802 1.047831 -0.431757 0.528802 1.047831 -0.431757 0.573474 1.047831 -0.554812 0.573474 1.047831 -0.554812 1.047831 0.610280 
						-0.554812 1.044190 0.709348 -0.431757 1.044190 0.709348 -0.431757 1.047831 0.610280 -0.554812 0.949157 0.098903 -0.554812 0.996988 0.139892 -0.431757 0.996988 0.139892 -0.431757 0.949157 0.098903 -0.554812 0.996988 0.139892 -0.554812 0.996988 0.347825 -0.431757 0.996988 0.347825 -0.431757 0.996988 0.139892 -0.554812 1.047831 0.347825 -0.554812 1.047831 0.610280 -0.431757 1.047831 0.610280 -0.431757 1.047831 0.347825 -0.554812 1.047831 0.347825 -0.431757 1.047831 0.347825 -0.431757 0.996988 0.347825 -0.554812 0.996988 0.347825 -0.554812 0.709348 1.044190 -0.431757 0.709348 1.044190 -0.431757 1.044190 0.709348 -0.554812 1.044190 0.709348 -0.554812 0.573474 1.047831 -0.431757 0.573474 1.047831 -0.431757 0.709348 1.044190 -0.554812 0.709348 1.044190 -0.431757 1.000000 0.691044 -0.431757 1.000000 0.610280 -0.431757 1.047831 0.610280 -0.431757 1.044190 0.709348 -0.554812 0.949157 0.381647 -0.554812 0.974579 0.381647 -0.554812 0.996988 0.347825 -0.554812 1.000000 0.381647 -0.554812 1.000000 0.610280 -0.554812 1.047831 0.610280 -0.554812 1.047831 0.347825 -0.554812 0.949157 0.381647 -0.554812 0.996988 0.347825 -0.554812 1.000000 0.381647 -0.554812 1.047831 0.347825 -0.554812 1.000000 0.691044 -0.554812 0.691044 1.000000 -0.554812 0.709348 1.044190 -0.554812 1.044190 0.709348 -0.431757 0.691044 1.000000 -0.431757 1.000000 0.691044 -0.431757 1.044190 0.709348 -0.431757 0.709348 1.044190 -0.554812 1.000000 0.610280 -0.554812 1.000000 0.691044 -0.554812 1.044190 0.709348 -0.554812 1.047831 0.610280 -0.431757 0.949157 0.381647 -0.431757 0.573474 1.000000 -0.431757 0.691044 1.000000 -0.431757 0.709348 1.044190 -0.431757 0.573474 1.047831 -0.431757 0.949157 0.098903 -0.051334 0.770144 0.920900 -0.380423 0.770144 0.920900 -0.431757 0.691044 1.000000 -0.051334 0.920900 0.770144 
						-0.380423 0.920900 0.770144 -0.431757 1.000000 0.691044 -0.380423 0.734351 0.885107 -0.051334 0.734351 0.885107 -0.051334 0.885107 0.734351 -0.380423 0.885107 0.734351 -0.380423 0.920900 0.770144 -0.380423 0.770144 0.920900 -0.380423 0.734351 0.885107 -0.380423 0.885107 0.734351 -0.051334 0.920900 0.770144 -0.380423 0.920900 0.770144 -0.380423 0.885107 0.734351 -0.051334 0.885107 0.734351 -0.380423 0.770144 0.920900 -0.051334 0.770144 0.920900 -0.051334 0.734351 0.885107 -0.380423 0.734351 0.885107 
					</float_array>
					<technique_common>
						<accessor count="2706" offset="0" source="#meshId0-positions-array" stride="3">
							<param name="X" type="float" />
							<param name="Y" type="float" />
							<param name="Z" type="float" />
						</accessor>
					</technique_common>
				</source>
				<source id="meshId0-normals" name="meshId0-normals">
					<float_array id="meshId0-normals-array" count="8118"> 
						0.000000 0.000000 -1.000000 0.000000 0.000000 -1.000000 0.000000 0.000000 -1.000000 0.000000 0.000000 -1.000000 0.707107 0.000000 -0.707107 0.707107 0.000000 -0.707107 0.707107 0.000000 -0.707107 0.707107 0.000000 -0.707107 1.000000 0.000000 0.000000 1.000000 0.000000 0.000000 1.000000 0.000000 0.000000 1.000000 0.000000 0.000000 0.577350 -0.577350 -0.577350 0.577350 -0.577350 -0.577350 0.577350 -0.577350 -0.577350 0.707107 -0.707107 0.000000 0.707107 -0.707107 0.000000 0.707107 -0.707107 0.000000 0.707107 -0.707107 0.000000 0.707107 0.000001 0.707107 0.707107 0.000001 0.707107 0.707107 0.000001 0.707107 0.707107 0.000001 0.707107 0.000000 -0.707107 -0.707107 0.000000 -0.707107 -0.707107 0.000000 -0.707107 -0.707107 0.000000 -0.707107 -0.707107 0.000000 0.000000 1.000000 0.000000 0.000000 1.000000 0.000000 0.000000 1.000000 0.000000 0.000000 1.000000 0.707107 -0.707107 0.000000 0.707107 -0.707107 0.000000 0.707107 -0.707107 0.000000 0.707107 -0.707107 0.000000 0.000000 -0.000000 -1.000000 0.000000 -0.000000 -1.000000 0.000000 -0.000000 -1.000000 0.000000 -0.000000 -1.000000 1.000000 0.000000 0.000000 1.000000 0.000000 0.000000 1.000000 0.000000 0.000000 1.000000 0.000000 0.000000 0.707107 -0.707107 0.000000 0.707107 -0.707107 0.000000 0.707107 -0.707107 0.000000 0.707107 -0.707107 0.000000 0.000000 0.000000 1.000000 0.000000 0.000000 1.000000 0.000000 0.000000 1.000000 0.000000 0.000000 1.000000 0.000000 0.000000 1.000000 0.000000 0.000000 1.000000 0.000000 0.000000 1.000000 0.000000 0.000000 1.000000 1.000000 0.000000 0.000000 1.000000 0.000000 0.000000 1.000000 0.000000 0.000000 1.000000 0.000000 0.000000 0.000000 1.000000 0.000000 0.000000 1.000000 0.000000 0.000000 1.000000 0.000000 0.000000 1.000000 0.000000 0.000000 0.000000 -1.000000 
						0.000000 0.000000 -1.000000 0.000000 0.000000 -1.000000 0.000000 0.000000 -1.000000 1.000000 0.000000 0.000000 1.000000 0.000000 0.000000 0.707107 -0.000002 0.707107 0.707107 -0.000002 0.707107 1.000000 0.000000 0.000000 1.000000 0.000000 0.000000 0.707107 0.000000 -0.707107 0.707107 0.000000 -0.707107 0.707107 0.000000 -0.707107 0.707107 0.000000 -0.707107 0.000000 0.000000 -1.000000 0.000000 0.000000 -1.000000 0.000001 0.000000 -1.000000 0.000001 0.000000 -1.000000 0.000001 0.000000 -1.000000 0.000001 0.000000 -1.000000 0.999059 0.043364 -0.000000 0.999059 0.043364 -0.000000 0.999059 0.043364 -0.000000 0.999059 0.043364 -0.000000 0.707107 -0.707107 -0.000000 0.707107 -0.707107 -0.000000 0.707107 -0.707107 -0.000000 0.707107 -0.707107 -0.000000 0.999059 0.043364 -0.000000 0.999059 0.043364 -0.000000 0.999059 0.043364 -0.000000 0.999059 0.043364 -0.000000 0.000000 0.000000 1.000000 0.000000 0.000000 1.000000 0.000000 0.000000 1.000000 0.000000 0.000000 1.000000 0.707107 -0.707107 0.000000 0.707107 -0.707107 0.000000 0.707107 -0.707107 0.000000 0.707107 -0.707107 0.000000 0.000000 -0.000000 -1.000000 0.000000 -0.000000 -1.000000 0.000000 0.000000 1.000000 0.000000 0.000000 1.000000 0.000000 0.000000 1.000000 0.000000 0.000000 1.000000 0.000000 0.000000 -1.000000 0.000000 0.000000 -1.000000 0.000000 0.000000 -1.000000 0.000000 0.000000 -1.000000 0.000000 -0.000000 -1.000000 0.000000 -0.000000 -1.000000 0.000000 0.000000 1.000000 0.000000 0.000000 1.000000 0.000000 0.000000 1.000000 0.000000 0.000000 1.000000 0.000000 0.000000 1.000000 0.000000 0.000000 1.000000 0.000000 0.000000 1.000000 0.000000 0.000000 1.000000 0.000000 0.000000 1.000000 0.000000 0.000000 1.000000 0.000000 0.000000 1.000000 0.000000 0.000000 1.000000 0.000000 0.000000 -1.000000 
						0.000000 0.000000 -1.000000 0.000000 0.000000 -1.000000 0.000000 0.000000 -1.000000 0.000000 -1.000000 0.000000 0.000000 -1.000000 0.000000 0.000000 -1.000000 0.000000 0.000000 -1.000000 0.000000 0.000000 -1.000000 0.000000 0.000000 -1.000000 0.000000 0.000000 -1.000000 0.000000 0.000000 -1.000000 0.000000 0.000000 -0.000001 1.000000 0.000000 -0.000001 1.000000 0.000000 -0.000001 1.000000 0.000000 -0.000001 1.000000 0.000000 0.000000 -1.000000 0.000000 0.000000 -1.000000 0.000000 0.000000 -1.000000 0.000000 0.000000 -1.000000 0.000000 -1.000000 0.000000 0.000000 -1.000000 0.000000 0.000000 -1.000000 0.000000 0.000000 -1.000000 0.000000 0.000000 -1.000000 0.000000 0.000000 -1.000000 0.000000 0.000000 -1.000000 0.000000 0.000000 -1.000000 0.000000 1.000000 0.000000 0.000000 1.000000 0.000000 0.000000 1.000000 0.000000 0.000000 1.000000 0.000000 0.000000 0.000000 0.000001 1.000000 0.000000 0.000001 1.000000 0.000000 -1.000000 0.000000 0.000000 -1.000000 0.000000 0.000000 -1.000000 0.000000 0.000000 -1.000000 0.000000 1.000000 0.000000 0.000000 1.000000 0.000000 0.000000 1.000000 0.000000 0.000000 1.000000 0.000000 0.000000 1.000000 0.000000 0.000000 1.000000 0.000000 0.000000 1.000000 0.000000 0.000000 1.000000 0.000000 0.000000 1.000000 0.000000 0.000000 1.000000 0.000000 0.000000 1.000000 0.000000 0.000000 1.000000 0.000000 0.000000 -0.000001 0.000000 -1.000000 -0.000001 0.000000 -1.000000 -0.000001 0.000000 -1.000000 -0.000001 0.000000 -1.000000 0.000000 -0.000000 1.000000 0.000000 -0.000000 1.000000 0.000000 -0.000000 1.000000 0.000000 -0.000000 1.000000 0.000000 1.000000 0.000000 0.000000 1.000000 0.000000 0.000000 1.000000 0.000000 0.000000 1.000000 0.000000 0.000000 0.000000 -1.000000 0.000000 0.000000 -1.000000 0.000000 1.000000 0.000000 
						0.000000 1.000000 0.000000 0.000000 1.000000 0.000000 0.000000 1.000000 0.000000 0.000000 -1.000000 0.000000 0.000000 -1.000000 0.000000 1.000000 0.000000 0.000000 1.000000 0.000000 0.000000 0.707107 -0.707107 0.000000 0.707107 -0.707107 0.000000 1.000000 0.000000 0.000000 0.000000 0.000000 -1.000000 0.000000 0.000000 -1.000000 0.000000 1.000000 0.000000 0.000000 1.000000 0.000000 0.000000 1.000000 0.000000 0.000000 1.000000 0.000000 1.000000 0.000000 0.000000 1.000000 0.000000 0.000000 1.000000 0.000000 0.000000 1.000000 0.000000 0.000000 0.000000 0.000000 1.000000 0.000000 0.000000 1.000000 0.000000 -0.000000 -1.000000 0.000000 -0.000000 -1.000000 0.000000 -0.000000 -1.000000 0.000000 -0.000000 -1.000000 0.000000 0.000000 1.000000 0.000000 0.000000 1.000000 0.000000 0.000000 1.000000 0.000000 0.000000 -1.000000 0.000000 0.000000 -1.000000 1.000000 0.000000 0.000000 1.000000 0.000000 0.000000 0.000000 0.000000 1.000000 1.000000 0.000000 0.000000 1.000000 0.000000 0.000000 1.000000 0.000000 0.000000 0.000000 -1.000000 0.000000 0.000000 -1.000000 0.000000 1.000000 0.000000 0.000000 1.000000 0.000000 0.000000 0.707107 -0.707107 0.000000 0.707107 -0.707107 0.000000 0.000000 1.000000 0.000000 0.000000 1.000000 0.000000 0.000000 1.000000 0.000000 0.000000 1.000000 0.000000 0.000000 1.000000 0.000000 0.000000 1.000000 0.000000 0.000000 1.000000 0.000000 0.000000 1.000000 0.000000 0.999999 -0.000458 -0.001059 0.999999 -0.000458 -0.001059 0.999999 -0.000458 -0.001059 0.999999 -0.000458 -0.001059 1.000000 0.000000 0.000000 1.000000 0.000000 0.000000 1.000000 0.000000 0.000000 1.000000 0.000000 0.000000 0.000000 0.000000 1.000000 0.000000 0.000000 1.000000 0.000000 0.000000 1.000000 0.000000 0.000000 1.000000 0.000000 -0.000000 -1.000000 
						0.000000 -0.000000 -1.000000 0.000000 -0.000000 -1.000000 0.000000 -0.000000 -1.000000 0.000000 0.000000 1.000000 0.000000 0.000000 1.000000 0.000000 -0.000000 -1.000000 0.000000 -0.000000 -1.000000 0.000000 0.000000 -1.000000 0.000000 0.000000 -1.000000 0.000000 -0.000000 -1.000000 0.000000 -0.000000 -1.000000 0.000001 0.000000 -1.000000 0.000001 0.000000 -1.000000 0.000001 0.000000 -1.000000 0.000000 0.000000 -1.000000 0.000000 0.000000 1.000000 0.000000 0.000000 1.000000 0.000000 0.000000 1.000000 0.000000 0.000000 1.000000 0.000000 0.000000 1.000000 0.000000 0.000000 1.000000 0.000000 0.000000 1.000000 1.000000 0.000000 0.000000 1.000000 0.000000 0.000000 1.000000 0.000000 0.000000 0.000000 1.000000 0.000000 0.000000 1.000000 0.000000 1.000000 0.000000 0.000000 0.000000 -1.000000 0.000000 0.707107 -0.707107 0.000000 0.707107 -0.707107 0.000000 0.999059 0.043364 -0.000000 0.999059 0.043364 -0.000000 1.000000 0.000000 0.000000 1.000000 0.000000 0.000000 1.000000 0.000000 0.000000 1.000000 0.000000 -0.000000 1.000000 0.000000 0.000000 1.000000 -0.000000 0.000000 1.000000 -0.000000 0.000000 1.000000 -0.000000 0.000000 1.000000 -0.000000 0.000000 0.000000 0.000000 -1.000000 0.000000 0.000000 -1.000000 0.000000 0.000000 -1.000000 0.000000 0.000000 -1.000000 0.000000 -0.000000 1.000000 0.000000 -0.000000 1.000000 0.000000 -0.000000 1.000000 0.000000 -0.000000 1.000000 0.382684 0.000000 -0.923879 0.382684 0.000000 -0.923879 0.707107 0.000000 -0.707107 0.707107 0.000000 -0.707107 0.923880 0.000000 -0.382683 0.923880 0.000000 -0.382683 0.000001 0.000000 -1.000000 0.000001 0.000000 -1.000000 1.000000 -0.000000 0.000000 1.000000 -0.000000 -0.000000 0.923880 -0.000000 0.382683 0.923880 -0.000000 0.382683 0.707107 -0.000000 0.707107 0.707107 -0.000000 0.707107 
						0.382684 -0.000000 0.923879 0.382684 -0.000000 0.923879 0.000001 -0.000000 1.000000 0.000001 -0.000000 1.000000 -0.382684 -0.000000 0.923879 -0.382684 -0.000000 0.923879 -0.707107 -0.000000 0.707107 -0.707107 -0.000000 0.707107 -0.923880 0.000000 0.382683 -0.923880 0.000000 0.382683 -1.000000 0.000000 0.000000 -1.000000 0.000000 -0.000000 -1.000000 0.000000 -0.000000 -1.000000 0.000000 0.000000 -0.923880 0.000000 -0.382683 -0.923880 0.000000 -0.382683 -0.707107 0.000000 -0.707107 -0.707107 0.000000 -0.707107 -0.382684 0.000000 -0.923879 -0.382684 0.000000 -0.923879 -0.707106 0.000000 -0.707107 -0.707106 0.000000 -0.707107 -0.382682 0.000000 -0.923880 -0.382682 0.000000 -0.923880 -0.923880 0.000000 -0.382682 -0.923880 0.000000 -0.382682 -1.000000 0.000000 0.000000 -1.000000 0.000000 0.000000 -0.923880 0.000000 0.382683 -0.923880 0.000000 0.382683 -1.000000 0.000000 0.000000 -1.000000 0.000000 0.000000 -0.707107 -0.000000 0.707107 -0.707107 -0.000000 0.707107 -0.382683 -0.000000 0.923879 -0.382683 -0.000000 0.923879 0.000000 -0.000000 1.000000 0.000000 -0.000000 1.000000 0.382683 -0.000000 0.923880 0.382683 -0.000000 0.923879 0.707107 -0.000000 0.707107 0.707107 -0.000000 0.707107 0.923880 -0.000000 0.382683 0.923880 -0.000000 0.382683 1.000000 -0.000000 0.000000 1.000000 -0.000000 0.000000 0.923880 0.000000 -0.382682 0.923880 0.000000 -0.382682 0.707107 0.000000 -0.707107 0.707107 0.000000 -0.707107 0.382683 0.000000 -0.923880 0.382683 0.000000 -0.923880 0.000000 0.000000 -1.000000 0.000000 0.000000 -1.000000 -0.327032 0.519324 -0.789527 -0.000000 0.519326 -0.854576 -0.000000 0.519326 -0.854576 -0.327033 0.519324 -0.789527 -0.604278 0.519323 -0.604278 -0.604277 0.519323 -0.604279 -0.789527 0.519323 -0.327032 -0.789527 0.519323 -0.327032 -0.854578 0.519323 -0.000000 -0.854578 0.519323 -0.000000 
						-0.789528 0.519323 0.327032 -0.854578 0.519323 -0.000000 -0.854578 0.519323 -0.000000 -0.789528 0.519323 0.327032 -0.604278 0.519320 0.604280 -0.604278 0.519320 0.604280 -0.327034 0.519321 0.789528 -0.327035 0.519321 0.789528 -0.000000 0.519325 0.854577 -0.000000 0.519325 0.854577 0.327034 0.519324 0.789526 0.327033 0.519324 0.789526 0.604279 0.519320 0.604279 0.604279 0.519320 0.604279 0.789529 0.519320 0.327033 0.789529 0.519320 0.327033 0.854578 0.519323 -0.000000 0.854578 0.519323 -0.000000 0.789529 0.519320 -0.327033 0.789529 0.519320 -0.327033 0.604279 0.519320 -0.604279 0.604279 0.519320 -0.604279 0.327033 0.519325 -0.789526 0.327033 0.519325 -0.789526 -0.000000 -0.519325 -0.854577 0.327030 -0.519329 -0.789525 0.327031 -0.519329 -0.789524 -0.000000 -0.519325 -0.854577 -0.000000 0.519328 -0.854575 0.327031 0.519330 -0.789524 0.327030 0.519330 -0.789524 -0.000000 0.519328 -0.854575 0.604277 -0.519327 -0.604276 0.604277 -0.519327 -0.604275 0.604276 0.519330 -0.604274 0.604275 0.519330 -0.604274 0.789527 -0.519325 -0.327032 0.789527 -0.519325 -0.327031 0.789526 0.519327 -0.327030 0.789525 0.519327 -0.327031 0.854577 -0.519325 -0.000000 0.854577 -0.519325 -0.000000 0.854577 0.519325 -0.000000 0.854577 0.519325 -0.000000 0.789525 -0.519328 0.327031 0.789525 -0.519328 0.327031 0.789528 0.519322 0.327032 0.789528 0.519322 0.327032 0.604274 -0.519331 0.604275 0.604274 -0.519331 0.604275 0.604277 0.519325 0.604276 0.604277 0.519325 0.604276 0.327031 -0.519328 0.789525 0.327032 -0.519328 0.789524 0.327032 0.519327 0.789525 0.327031 0.519327 0.789525 0.000002 -0.519326 0.854576 0.000002 -0.519326 0.854576 0.000002 0.519325 0.854577 0.000002 0.519325 0.854577 -0.327031 -0.519326 0.789526 -0.327030 -0.519326 0.789526 -0.327031 0.519324 0.789527 -0.327032 0.519324 0.789527 
						-0.604279 -0.519321 0.604279 -0.604279 -0.519321 0.604279 -0.604277 0.519324 0.604277 -0.604277 0.519324 0.604277 -0.789530 -0.519319 0.327033 -0.789530 -0.519319 0.327033 -0.789527 0.519325 0.327032 -0.789526 0.519325 0.327032 -0.854581 -0.519319 -0.000000 -0.854581 -0.519319 -0.000000 -0.854577 0.519324 0.000000 -0.854577 0.519324 0.000000 -0.854581 -0.519319 -0.000000 -0.789528 -0.519322 -0.327032 -0.789528 -0.519322 -0.327032 -0.854581 -0.519319 -0.000000 -0.854577 0.519324 0.000000 -0.789527 0.519325 -0.327031 -0.789527 0.519325 -0.327031 -0.854577 0.519324 0.000000 -0.604276 -0.519326 -0.604277 -0.604276 -0.519326 -0.604277 -0.604277 0.519325 -0.604277 -0.604277 0.519325 -0.604277 -0.327031 -0.519326 -0.789526 -0.327030 -0.519326 -0.789526 -0.327031 0.519325 -0.789526 -0.327032 0.519325 -0.789526 0.577350 -0.577350 0.577350 0.577350 -0.577350 0.577350 0.577350 -0.577350 0.577350 0.577350 -0.577350 0.577350 0.577350 -0.577350 0.577350 0.577350 -0.577350 0.577350 0.707107 -0.000000 0.707107 0.707107 -0.000000 0.707107 0.707107 -0.000000 0.707107 0.707107 0.000000 0.707107 0.707107 -0.000000 0.707107 0.707107 -0.000000 0.707107 0.577350 -0.577350 0.577350 0.577350 -0.577350 0.577350 0.577350 -0.577350 0.577350 -0.408248 -0.816497 -0.408248 -0.408248 -0.816497 -0.408248 -0.408248 -0.816497 -0.408248 -0.408248 -0.816497 -0.408248 0.816497 0.408248 -0.408248 0.816497 0.408248 -0.408248 0.816497 0.408248 -0.408248 0.816497 0.408248 -0.408248 -0.408248 0.408248 0.816497 -0.408248 0.408248 0.816497 -0.408248 0.408248 0.816497 -0.408248 0.408248 0.816497 0.707107 0.000000 0.707107 0.707107 0.000000 0.707107 0.707107 0.000000 0.707107 0.707107 0.000000 0.707107 0.707107 -0.000000 -0.707106 0.707107 -0.000000 -0.707106 0.707107 -0.000000 -0.707106 0.707107 -0.000000 -0.707106 0.000000 1.000000 0.000000 
						0.000000 1.000000 0.000000 0.000000 1.000000 0.000000 0.000000 1.000000 0.000000 -0.707106 0.000000 0.707107 -0.707106 0.000000 0.707107 -0.707106 0.000000 0.707107 -0.707106 0.000000 0.707107 0.000000 -1.000000 0.000000 0.000000 -1.000000 0.000000 0.000000 -1.000000 0.000000 0.000000 -1.000000 0.000000 0.000000 -1.000000 0.000000 0.000000 -1.000000 0.000000 0.000000 -1.000000 0.000000 0.000000 0.000000 1.000000 0.000000 0.000000 1.000000 0.000000 -1.000000 0.000000 0.000000 -1.000000 0.000000 0.000000 -1.000000 0.000000 0.000000 -1.000000 0.000000 0.000000 0.000000 -1.000000 0.000000 0.000000 -1.000000 0.000000 0.000000 -1.000000 0.000000 0.000000 -1.000000 0.000000 -1.000000 0.000000 0.000000 -1.000000 0.000000 0.000000 0.000000 -1.000000 0.000000 0.000000 -1.000000 0.000000 0.000000 1.000000 0.000000 0.000000 1.000000 0.000000 -0.000000 -1.000000 0.000000 -0.000000 -1.000000 0.000000 -0.000000 -1.000000 0.000000 -0.000000 -1.000000 0.000000 -1.000000 0.000000 0.000000 -1.000000 0.000000 0.000000 -1.000000 0.000000 0.000000 -1.000000 0.000000 0.000000 -1.000000 0.000000 0.000000 -1.000000 0.000000 0.000000 -1.000000 0.000000 0.000000 -1.000000 0.000000 0.000000 0.000000 1.000000 0.000000 -1.000000 0.000000 0.000000 -1.000000 0.000000 0.000000 -1.000000 0.000000 0.000000 -1.000000 0.000000 0.000000 0.000000 -1.000000 0.000000 0.000000 -1.000000 0.000000 0.000000 -1.000000 0.000000 -1.000000 0.000000 0.000000 -1.000000 0.000000 0.000000 -0.000001 1.000000 0.000000 -0.000001 1.000000 0.000000 -0.000001 1.000000 0.000000 -0.000001 1.000000 0.000000 0.000001 1.000000 0.000000 0.000001 1.000000 0.000000 0.000000 1.000000 0.000000 0.000000 1.000000 0.000000 0.000000 -1.000000 0.000000 -0.707107 -0.707107 0.000000 -0.707107 -0.707107 0.000000 -0.707107 0.707107 
						0.000000 -0.707107 0.707107 0.000000 -0.707107 0.707107 0.000000 -0.707107 0.707107 0.000000 -1.000000 0.000000 0.000000 -1.000000 0.000000 -1.000000 0.000000 0.000000 -1.000000 0.000000 0.000000 -1.000000 0.000000 0.000000 -1.000000 0.000000 0.000000 0.000000 1.000000 0.000000 0.000000 1.000000 0.000000 0.000000 1.000000 0.000000 0.000000 1.000000 0.000000 1.000000 0.000000 0.000000 1.000000 0.000000 0.000000 1.000000 0.000000 0.000000 0.000000 0.000000 1.000000 0.000000 0.000000 1.000000 1.000000 0.000000 -0.000000 1.000000 0.000000 -0.000000 1.000000 0.000000 -0.000000 1.000000 0.000000 -0.000000 0.000000 0.000000 -1.000000 0.000000 0.000000 -1.000000 0.000000 0.000000 -1.000000 -0.000000 0.000000 1.000000 -0.000000 0.000000 1.000000 0.000000 0.000000 1.000000 -1.000000 0.000000 0.000000 -1.000000 0.000000 0.000000 -1.000000 0.000000 0.000000 -1.000000 0.000000 0.000000 -1.000000 0.000000 0.000000 -1.000000 0.000000 0.000000 -1.000000 0.000000 0.000000 -1.000000 0.000000 0.000000 0.000000 0.000000 -1.000000 0.000000 -0.707107 -0.707107 0.000000 -0.707107 -0.707107 1.000000 0.000000 0.000000 1.000000 0.000000 0.000000 1.000000 0.000000 0.000000 1.000000 0.000000 0.000000 -1.000000 0.000000 0.000000 -1.000000 0.000000 0.000000 -1.000000 0.000000 0.000000 -1.000000 0.000000 0.000000 0.000000 -1.000000 0.000000 0.000000 -1.000000 0.000000 0.000000 -1.000000 0.000000 0.000000 -1.000000 0.000000 0.000000 0.000000 1.000000 0.000000 0.000000 1.000000 0.000000 0.000000 1.000000 0.000000 0.000000 1.000000 0.000000 -0.999325 0.036727 0.000000 -0.999325 0.036727 0.000000 -0.999325 0.036727 0.000000 -0.999325 0.036727 0.000000 -0.650709 -0.759327 0.000000 -0.650709 -0.759327 0.000000 -0.650709 -0.759327 0.000000 -0.650709 -0.759327 0.000000 -1.000000 0.000000 
						0.000000 -1.000000 0.000000 0.000000 -1.000000 0.000000 0.000000 -1.000000 0.000000 0.000000 -1.000000 0.000000 0.000000 -1.000000 0.000000 0.000000 -1.000000 0.000000 0.000000 -1.000000 0.000000 0.000000 0.000000 -1.000000 0.000000 0.000000 -1.000000 0.000000 0.000000 -1.000000 0.000000 0.000000 -1.000000 0.000000 -0.707107 0.707107 0.000000 -0.707107 0.707107 0.000000 -0.707107 0.707107 0.000000 -0.707107 0.707107 0.000000 -0.026787 0.999641 0.000000 -0.026787 0.999641 0.000000 -0.026787 0.999641 0.000000 -0.026787 0.999641 -1.000000 0.000000 0.000000 -1.000000 0.000000 0.000000 -1.000000 0.000000 0.000000 -1.000000 0.000000 0.000000 1.000000 0.000000 0.000000 1.000000 0.000000 0.000000 1.000000 0.000000 0.000000 1.000000 0.000000 0.000000 1.000000 0.000000 0.000000 1.000000 0.000000 0.000000 1.000000 0.000000 0.000000 1.000000 -0.000001 0.000000 1.000000 -0.000001 0.000000 1.000000 0.000000 0.000000 1.000000 0.000000 0.000000 1.000000 0.000000 0.000000 1.000000 0.000000 0.000000 1.000000 0.000000 0.000000 1.000000 0.000000 0.000000 -1.000000 0.000001 -0.000000 -1.000000 0.000001 -0.000000 -1.000000 0.000001 -0.000000 -1.000000 0.000001 -0.000000 1.000000 -0.000001 0.000000 1.000000 -0.000001 0.000000 1.000000 -0.000001 0.000000 1.000000 -0.000001 0.000000 -1.000000 0.000000 0.000002 -1.000000 0.000000 0.000002 -1.000000 0.000000 0.000002 -1.000000 0.000000 0.000000 -1.000000 0.000000 0.000000 -1.000000 0.000000 0.000000 -1.000000 0.000000 0.000000 -1.000000 0.000000 0.000000 0.000000 -0.707107 0.707107 0.000000 -0.707107 0.707107 0.000000 -0.707107 0.707107 0.000000 -0.707107 0.707107 0.000000 -0.707107 0.707107 0.000000 -0.707107 0.707107 0.000000 -0.707107 0.707107 0.000000 -0.707107 0.707107 0.000000 -0.707107 0.707107 0.000000 -0.707107 0.707107 
						0.000000 -0.707107 0.707107 0.000000 -0.707107 0.707107 -1.000000 0.000000 -0.000000 -1.000000 0.000000 -0.000000 -1.000000 0.000000 -0.000000 -1.000000 0.000000 -0.000000 0.000000 0.707107 0.707106 0.000000 0.707107 0.707106 0.000000 0.707107 0.707106 0.000000 0.707107 0.707106 0.000000 -0.707107 -0.707106 0.000000 -0.707107 -0.707106 0.000000 -0.707107 -0.707106 0.000000 -0.707107 -0.707106 0.000000 0.000000 -1.000000 0.000000 0.000000 -1.000000 0.000000 0.000000 -1.000000 0.000000 0.000000 -1.000000 -0.707107 0.000000 -0.707107 -0.707107 0.000000 -0.707107 -0.707107 0.000000 -0.707107 -0.707107 0.000000 -0.707107 -1.000000 0.000000 0.000000 -1.000000 0.000000 0.000000 -1.000000 0.000000 0.000000 -1.000000 0.000000 0.000000 -0.577350 -0.577350 -0.577350 -0.577350 -0.577350 -0.577350 -0.577350 -0.577350 -0.577350 -0.707107 -0.707107 0.000000 -0.707107 -0.707107 0.000000 -0.707107 -0.707107 0.000000 -0.707107 -0.707107 0.000000 -0.707107 0.000001 0.707107 -0.707107 0.000001 0.707107 -0.707107 0.000001 0.707107 -0.707107 0.000001 0.707107 0.000000 -0.707107 -0.707107 0.000000 -0.707107 -0.707107 0.000000 -0.707107 -0.707107 0.000000 -0.707107 -0.707107 -0.000000 0.000000 1.000000 -0.000000 0.000000 1.000000 -0.000000 0.000000 1.000000 -0.000000 0.000000 1.000000 -0.707107 -0.707107 0.000000 -0.707107 -0.707107 0.000000 -0.707107 -0.707107 0.000000 -0.707107 -0.707107 0.000000 0.000000 -0.000000 -1.000000 0.000000 -0.000000 -1.000000 0.000000 -0.000000 -1.000000 0.000000 -0.000000 -1.000000 -1.000000 0.000000 0.000000 -1.000000 0.000000 0.000000 -1.000000 0.000000 0.000000 -1.000000 0.000000 0.000000 -0.707107 -0.707107 0.000000 -0.707107 -0.707107 0.000000 -0.707107 -0.707107 0.000000 -0.707107 -0.707107 0.000000 0.000000 0.000000 1.000000 0.000000 0.000000 1.000000 0.000000 0.000000 1.000000 
						0.000000 0.000000 1.000000 0.000000 0.000000 1.000000 0.000000 0.000000 1.000000 0.000000 0.000000 1.000000 0.000000 0.000000 1.000000 -1.000000 0.000000 0.000000 -1.000000 0.000000 0.000000 -1.000000 0.000000 0.000000 -1.000000 0.000000 0.000000 0.000000 1.000000 0.000000 0.000000 1.000000 0.000000 0.000000 1.000000 0.000000 0.000000 1.000000 0.000000 -0.000000 0.000000 -1.000000 -0.000000 0.000000 -1.000000 -0.000000 0.000000 -1.000000 -0.000000 0.000000 -1.000000 -1.000000 0.000000 0.000000 -1.000000 0.000000 0.000000 -0.707107 -0.000002 0.707107 -0.707107 -0.000002 0.707107 -1.000000 0.000000 0.000000 -1.000000 0.000000 0.000000 -0.707107 0.000000 -0.707107 -0.707107 0.000000 -0.707107 -0.707107 0.000000 -0.707107 -0.707107 0.000000 -0.707107 0.000000 0.000000 -1.000000 0.000000 0.000000 -1.000000 -0.000000 -0.000000 -1.000000 -0.000000 -0.000000 -1.000000 -0.000000 -0.000000 -1.000000 -0.000000 -0.000000 -1.000000 -0.999059 0.043364 -0.000000 -0.999059 0.043364 -0.000000 -0.999059 0.043364 -0.000000 -0.999059 0.043364 -0.000000 -0.707107 -0.707107 -0.000000 -0.707107 -0.707107 -0.000000 -0.707107 -0.707107 -0.000000 -0.707107 -0.707107 -0.000000 -0.999059 0.043364 -0.000000 -0.999059 0.043364 -0.000000 -0.999059 0.043364 -0.000000 -0.999059 0.043364 -0.000000 0.000000 0.000000 1.000000 0.000000 0.000000 1.000000 0.000000 0.000000 1.000000 0.000000 0.000000 1.000000 -0.707107 -0.707107 0.000000 -0.707107 -0.707107 0.000000 -0.707107 -0.707107 0.000000 -0.707107 -0.707107 0.000000 0.000000 -0.000000 -1.000000 0.000000 -0.000000 -1.000000 0.000000 0.000000 1.000000 0.000000 0.000000 1.000000 0.000000 0.000000 1.000000 0.000000 0.000000 1.000000 0.000000 -0.000000 -1.000000 0.000000 -0.000000 -1.000000 0.000000 -0.000000 -1.000000 0.000000 -0.000000 -1.000000 0.000000 0.000000 -1.000000 
						0.000000 0.000000 -1.000000 -0.000000 0.000000 1.000000 -0.000000 0.000000 1.000000 -0.000000 0.000000 1.000000 -0.000000 0.000000 1.000000 0.000000 0.000000 1.000000 0.000000 0.000000 1.000000 0.000000 0.000000 1.000000 0.000000 0.000000 1.000000 -0.000000 0.000000 1.000000 -0.000000 0.000000 1.000000 -0.000000 0.000000 1.000000 -0.000000 0.000000 1.000000 0.000000 0.000000 -1.000000 0.000000 0.000000 -1.000000 0.000000 -1.000000 0.000000 0.000000 -1.000000 0.000000 0.000000 -1.000000 0.000000 0.000000 -1.000000 0.000000 0.000000 -0.000001 1.000000 0.000000 -0.000001 1.000000 0.000000 0.000000 -1.000000 0.000000 0.000000 -1.000000 0.000000 -1.000000 0.000000 0.000000 -1.000000 0.000000 0.000000 -1.000000 0.000000 0.000000 -1.000000 0.000000 -1.000000 0.000000 0.000000 -1.000000 0.000000 0.000000 -1.000000 0.000000 0.000000 -1.000000 0.000000 0.000000 0.000000 0.000001 1.000000 0.000000 -1.000000 0.000000 0.000000 -1.000000 0.000000 -1.000000 0.000000 0.000000 -1.000000 0.000000 0.000000 -1.000000 0.000000 0.000000 -1.000000 0.000000 0.000000 -1.000000 0.000000 0.000000 -1.000000 0.000000 0.000000 -1.000000 0.000000 0.000000 -1.000000 0.000000 0.000000 -1.000000 0.000000 0.000000 -1.000000 0.000000 0.000000 -1.000000 0.000000 0.000000 -1.000000 0.000000 0.000000 0.000001 0.000000 -1.000000 0.000001 0.000000 -1.000000 0.000001 0.000000 -1.000000 0.000001 0.000000 -1.000000 -0.000000 -0.000000 1.000000 -0.000000 -0.000000 1.000000 -0.000000 -0.000000 1.000000 -0.000000 -0.000000 1.000000 0.000000 1.000000 0.000000 0.000000 1.000000 0.000000 0.000000 1.000000 0.000000 0.000000 1.000000 0.000000 0.000000 0.000000 -1.000000 0.000000 0.000000 -1.000000 0.000000 1.000000 0.000000 0.000000 1.000000 0.000000 0.000000 1.000000 0.000000 0.000000 1.000000 0.000000 
						0.000000 -1.000000 0.000000 -1.000000 0.000000 0.000000 -1.000000 0.000000 0.000000 -0.707107 -0.707107 0.000000 -0.707107 -0.707107 0.000000 -1.000000 0.000000 0.000000 -0.000000 0.000000 -1.000000 -0.000000 0.000000 -1.000000 0.000000 1.000000 0.000000 0.000000 1.000000 0.000000 0.000000 1.000000 0.000000 0.000000 1.000000 0.000000 -1.000000 0.000000 0.000000 -1.000000 0.000000 0.000000 -1.000000 -0.000000 0.000000 -1.000000 -0.000000 0.000000 0.000000 0.000000 1.000000 0.000000 -0.000000 -1.000000 0.000000 -0.000000 -1.000000 0.000000 -0.000000 -1.000000 0.000000 -0.000000 -1.000000 0.000000 0.000000 1.000000 0.000000 0.000000 1.000000 0.000000 0.000000 1.000000 0.000000 0.000000 -1.000000 0.000000 0.000000 -1.000000 -1.000000 0.000000 0.000000 -1.000000 0.000000 0.000000 0.000000 0.000000 1.000000 -1.000000 0.000000 0.000000 -1.000000 0.000000 0.000000 -1.000000 0.000000 0.000000 0.000000 -1.000000 0.000000 -1.000000 0.000000 0.000000 -1.000000 0.000000 0.000000 -0.707107 -0.707107 0.000000 -0.707107 -0.707107 0.000000 0.000000 1.000000 0.000000 0.000000 1.000000 0.000000 0.000000 1.000000 0.000000 0.000000 1.000000 0.000000 0.000000 1.000000 -0.000000 0.000000 1.000000 -0.000000 0.000000 1.000000 -0.000000 0.000000 1.000000 -0.000000 -0.999999 -0.000458 -0.001059 -0.999999 -0.000458 -0.001059 -0.999999 -0.000458 -0.001059 -0.999999 -0.000458 -0.001059 -1.000000 0.000000 0.000000 -1.000000 0.000000 0.000000 -1.000000 0.000000 0.000000 -1.000000 0.000000 0.000000 0.000000 0.000000 1.000000 0.000000 0.000000 1.000000 0.000000 0.000000 1.000000 0.000000 0.000000 1.000000 0.000000 -0.000000 -1.000000 0.000000 -0.000000 -1.000000 0.000000 -0.000000 -1.000000 0.000000 -0.000000 -1.000000 0.000000 0.000000 1.000000 0.000000 0.000000 1.000000 0.000000 -0.000000 -1.000000 
						0.000000 -0.000000 -1.000000 0.000000 0.000000 -1.000000 0.000000 -0.000000 -1.000000 0.000000 -0.000000 -1.000000 -0.000001 0.000000 -1.000000 -0.000001 0.000000 -1.000000 -0.000001 0.000000 -1.000000 0.000000 0.000000 -1.000000 0.000000 0.000000 1.000000 0.000000 0.000000 1.000000 0.000000 0.000000 1.000000 0.000000 0.000000 1.000000 0.000000 0.000000 1.000000 -0.000000 0.000000 1.000000 -0.000000 0.000000 1.000000 -0.000000 0.000000 1.000000 -1.000000 -0.000000 0.000000 -1.000000 -0.000000 0.000000 -1.000000 -0.000000 0.000000 0.000000 1.000000 0.000000 0.000000 1.000000 0.000000 -1.000000 0.000000 0.000000 0.000000 -1.000000 0.000000 -0.707107 -0.707107 0.000000 -0.707107 -0.707107 0.000000 -0.999059 0.043364 -0.000000 -0.999059 0.043364 -0.000000 -1.000000 0.000000 0.000000 -1.000000 0.000000 0.000000 -1.000000 0.000000 0.000000 -1.000000 0.000000 -0.000000 -1.000000 0.000000 0.000000 -1.000000 -0.000000 0.000000 -1.000000 -0.000000 0.000000 -1.000000 -0.000000 0.000000 -1.000000 -0.000000 0.000000 0.000000 0.000000 -1.000000 0.000000 0.000000 -1.000000 0.000000 0.000000 -1.000000 0.000000 0.000000 -1.000000 0.000000 -0.000000 1.000000 0.000000 -0.000000 1.000000 0.000000 -0.000000 1.000000 0.000000 -0.000000 1.000000 -0.382684 0.000000 -0.923879 -0.707107 0.000000 -0.707107 -0.707107 0.000000 -0.707107 -0.382684 0.000000 -0.923879 -0.923880 0.000000 -0.382683 -0.923880 0.000000 -0.382683 -0.000001 0.000000 -1.000000 -0.000001 0.000000 -1.000000 -1.000000 -0.000000 -0.000000 -1.000000 0.000000 0.000000 -0.923880 -0.000000 0.382683 -0.923880 -0.000000 0.382683 -0.707107 -0.000000 0.707107 -0.707107 -0.000000 0.707107 -0.382684 -0.000000 0.923879 -0.382684 -0.000000 0.923879 -0.000001 -0.000000 1.000000 -0.000001 -0.000000 1.000000 0.382684 -0.000000 0.923879 0.382684 -0.000000 0.923879 
						0.707107 -0.000000 0.707107 0.707107 -0.000000 0.707107 0.923880 -0.000000 0.382683 0.923880 0.000000 0.382683 1.000000 0.000000 -0.000000 1.000000 0.000000 0.000000 1.000000 0.000000 -0.000000 0.923880 0.000000 -0.382683 0.923880 0.000000 -0.382683 1.000000 0.000000 0.000000 0.707107 0.000000 -0.707107 0.707107 0.000000 -0.707107 0.382684 0.000000 -0.923879 0.382684 0.000000 -0.923879 0.707107 0.000000 -0.707107 0.382682 0.000000 -0.923880 0.382682 0.000000 -0.923880 0.707106 0.000000 -0.707107 0.923880 0.000000 -0.382682 0.923880 0.000000 -0.382682 1.000000 0.000000 0.000000 1.000000 -0.000000 0.000000 0.923880 0.000000 0.382683 1.000000 0.000000 0.000000 1.000000 -0.000000 0.000000 0.923880 0.000000 0.382683 0.707107 -0.000000 0.707106 0.707107 -0.000000 0.707107 0.382684 -0.000000 0.923880 0.382683 -0.000000 0.923880 0.000000 -0.000000 1.000000 0.000000 -0.000000 1.000000 -0.382684 -0.000000 0.923880 -0.382683 -0.000000 0.923880 -0.707107 -0.000000 0.707106 -0.707107 -0.000000 0.707107 -0.923880 -0.000000 0.382683 -0.923880 -0.000000 0.382683 -1.000000 0.000000 0.000000 -1.000000 0.000000 0.000000 -0.923880 0.000000 -0.382682 -0.923880 0.000000 -0.382682 -0.707107 0.000000 -0.707107 -0.707107 0.000000 -0.707107 -0.382683 0.000000 -0.923880 -0.382683 0.000000 -0.923880 0.000000 0.000000 -1.000000 0.000000 0.000000 -1.000000 0.327032 0.519324 -0.789526 0.327033 0.519324 -0.789526 0.000000 0.519326 -0.854576 0.000000 0.519326 -0.854576 0.604278 0.519321 -0.604279 0.604278 0.519321 -0.604279 0.789529 0.519320 -0.327032 0.789529 0.519320 -0.327033 0.854579 0.519321 -0.000000 0.854579 0.519321 -0.000000 0.789528 0.519322 0.327032 0.789528 0.519322 0.327032 0.854579 0.519321 -0.000000 0.854579 0.519321 -0.000000 0.604278 0.519321 0.604280 0.604278 0.519321 0.604280 
						0.327033 0.519321 0.789528 0.327034 0.519321 0.789528 0.000000 0.519324 0.854577 0.000000 0.519324 0.854577 -0.327034 0.519324 0.789526 -0.327033 0.519324 0.789527 -0.604278 0.519322 0.604279 -0.604278 0.519322 0.604279 -0.789529 0.519320 0.327032 -0.789529 0.519320 0.327033 -0.854579 0.519322 -0.000000 -0.854579 0.519322 -0.000000 -0.789529 0.519321 -0.327033 -0.789529 0.519321 -0.327033 -0.604279 0.519322 -0.604278 -0.604279 0.519322 -0.604278 -0.327033 0.519326 -0.789525 -0.327032 0.519326 -0.789526 0.000000 -0.519325 -0.854577 0.000000 -0.519325 -0.854577 -0.327031 -0.519327 -0.789525 -0.327030 -0.519327 -0.789525 0.000000 0.519328 -0.854575 0.000000 0.519328 -0.854575 -0.327030 0.519329 -0.789524 -0.327031 0.519329 -0.789524 -0.604278 -0.519325 -0.604276 -0.604277 -0.519325 -0.604276 -0.604276 0.519330 -0.604275 -0.604276 0.519330 -0.604274 -0.789527 -0.519324 -0.327031 -0.789527 -0.519324 -0.327032 -0.789526 0.519327 -0.327031 -0.789526 0.519327 -0.327030 -0.854577 -0.519324 0.000000 -0.854577 -0.519324 0.000000 -0.854577 0.519324 -0.000000 -0.854577 0.519324 -0.000000 -0.789526 -0.519325 0.327031 -0.789526 -0.519325 0.327032 -0.789528 0.519323 0.327032 -0.789528 0.519323 0.327032 -0.604274 -0.519331 0.604275 -0.604274 -0.519331 0.604275 -0.604277 0.519327 0.604276 -0.604277 0.519327 0.604276 -0.327032 -0.519328 0.789524 -0.327031 -0.519328 0.789524 -0.327031 0.519327 0.789525 -0.327032 0.519327 0.789525 -0.000002 -0.519326 0.854577 -0.000002 -0.519326 0.854577 -0.000002 0.519325 0.854577 -0.000002 0.519325 0.854577 0.327030 -0.519326 0.789526 0.327031 -0.519326 0.789526 0.327032 0.519324 0.789526 0.327031 0.519324 0.789527 0.604279 -0.519320 0.604279 0.604279 -0.519320 0.604279 0.604278 0.519323 0.604278 0.604278 0.519323 0.604278 0.789531 -0.519318 0.327032 0.789530 -0.519318 0.327033 
						0.789527 0.519324 0.327032 0.789527 0.519324 0.327032 0.854580 -0.519319 -0.000000 0.854580 -0.519319 -0.000000 0.854578 0.519322 -0.000000 0.854578 0.519322 -0.000000 0.854580 -0.519319 -0.000000 0.854580 -0.519319 -0.000000 0.789527 -0.519324 -0.327032 0.789527 -0.519324 -0.327032 0.854578 0.519322 -0.000000 0.854578 0.519322 -0.000000 0.789527 0.519324 -0.327031 0.789527 0.519324 -0.327031 0.604276 -0.519327 -0.604277 0.604275 -0.519327 -0.604277 0.604276 0.519326 -0.604277 0.604276 0.519326 -0.604277 0.327030 -0.519326 -0.789526 0.327031 -0.519326 -0.789526 0.327032 0.519326 -0.789526 0.327031 0.519326 -0.789526 -0.577350 -0.577350 0.577350 -0.577350 -0.577350 0.577350 -0.577350 -0.577350 0.577350 -0.577350 -0.577350 0.577350 -0.577350 -0.577350 0.577350 -0.577350 -0.577350 0.577350 -0.707107 -0.000000 0.707107 -0.707107 -0.000000 0.707107 -0.707107 -0.000000 0.707107 -0.707107 -0.000000 0.707107 -0.707107 0.000000 0.707107 -0.707107 0.000000 0.707107 -0.577350 -0.577350 0.577350 -0.577350 -0.577350 0.577350 -0.577350 -0.577350 0.577350 0.408248 -0.816497 -0.408248 0.408248 -0.816497 -0.408248 0.408248 -0.816497 -0.408248 0.408248 -0.816497 -0.408248 -0.816497 0.408248 -0.408248 -0.816497 0.408248 -0.408248 -0.816497 0.408248 -0.408248 -0.816497 0.408248 -0.408248 0.408248 0.408248 0.816497 0.408248 0.408248 0.816497 0.408248 0.408248 0.816497 0.408248 0.408248 0.816497 -0.707107 0.000000 0.707107 -0.707107 0.000000 0.707107 -0.707107 0.000000 0.707107 -0.707107 0.000000 0.707107 -0.707107 -0.000000 -0.707106 -0.707107 -0.000000 -0.707106 -0.707107 -0.000000 -0.707106 -0.707107 -0.000000 -0.707106 0.000000 1.000000 -0.000000 0.000000 1.000000 -0.000000 0.000000 1.000000 -0.000000 0.000000 1.000000 -0.000000 0.707106 0.000000 0.707107 0.707106 0.000000 0.707107 0.707106 0.000000 0.707107 
						0.707106 0.000000 0.707107 0.000000 -1.000000 0.000000 0.000000 -1.000000 0.000000 0.000000 -1.000000 0.000000 0.000000 -1.000000 0.000000 0.000000 -1.000000 0.000000 0.000000 -1.000000 0.000000 0.000000 -1.000000 0.000000 0.000000 0.000000 1.000000 0.000000 0.000000 1.000000 0.000000 -1.000000 0.000000 0.000000 -1.000000 0.000000 0.000000 -1.000000 0.000000 0.000000 -1.000000 0.000000 0.000000 0.000000 -1.000000 0.000000 0.000000 -1.000000 0.000000 0.000000 -1.000000 0.000000 0.000000 -1.000000 0.000000 -1.000000 0.000000 0.000000 -1.000000 0.000000 0.000000 0.000000 -1.000000 0.000000 0.000000 -1.000000 0.000000 0.000000 1.000000 0.000000 0.000000 1.000000 0.000000 -0.000000 -1.000000 0.000000 -0.000000 -1.000000 0.000000 -0.000000 -1.000000 0.000000 -0.000000 -1.000000 0.000000 -1.000000 0.000000 0.000000 -1.000000 0.000000 0.000000 -1.000000 0.000000 0.000000 -1.000000 0.000000 0.000000 -1.000000 0.000000 0.000000 -1.000000 0.000000 0.000000 -1.000000 0.000000 0.000000 -1.000000 0.000000 0.000000 0.000000 1.000000 0.000000 -1.000000 0.000000 0.000000 -1.000000 0.000000 0.000000 -1.000000 0.000000 0.000000 -1.000000 0.000000 0.000000 0.000000 -1.000000 0.000000 0.000000 -1.000000 0.000000 0.000000 -1.000000 0.000000 -1.000000 0.000000 0.000000 -1.000000 0.000000 0.000000 -0.000001 1.000000 0.000000 -0.000001 1.000000 0.000000 -0.000001 1.000000 0.000000 -0.000001 1.000000 0.000000 0.000001 1.000000 0.000000 0.000001 1.000000 0.000000 0.000000 1.000000 0.000000 0.000000 1.000000 0.000000 0.000000 -1.000000 0.000000 -0.707107 -0.707107 0.000000 -0.707107 -0.707107 0.000000 -0.707107 0.707107 0.000000 -0.707107 0.707107 0.000000 -0.707107 0.707107 0.000000 -0.707107 0.707107 0.000000 -1.000000 0.000000 0.000000 -1.000000 0.000000 1.000000 0.000000 0.000000 
						1.000000 0.000000 0.000000 1.000000 0.000000 0.000000 1.000000 0.000000 0.000000 0.000000 1.000000 0.000000 0.000000 1.000000 0.000000 0.000000 1.000000 0.000000 0.000000 1.000000 0.000000 -1.000000 0.000000 0.000000 -1.000000 0.000000 0.000000 -1.000000 0.000000 0.000000 -1.000000 0.000000 0.000000 -1.000000 0.000000 0.000000 -1.000000 0.000000 0.000000 -1.000000 0.000000 0.000000 1.000000 -0.000000 0.000000 1.000000 -0.000000 0.000000 1.000000 -0.000000 0.000000 1.000000 -0.000000 0.000000 1.000000 0.000000 0.000000 1.000000 0.000000 0.000000 1.000000 0.000000 0.000000 1.000000 0.000000 0.000000 -1.000000 0.000000 0.000000 -1.000000 0.000000 0.000000 1.000000 0.000000 0.000000 1.000000 0.000000 0.000000 1.000000 0.000000 0.000000 1.000000 0.000000 0.000000 0.000000 -1.000000 0.000000 0.000000 -1.000000 0.000000 0.000000 -1.000000 0.000000 0.000000 0.000000 1.000000 0.000000 0.000000 1.000000 0.000000 0.000000 1.000000 0.000000 0.000000 1.000000 0.000000 -0.999325 0.036727 0.000000 -0.999325 0.036727 0.000000 -0.999325 0.036727 0.000000 -0.999325 0.036727 0.000000 -0.650709 -0.759327 0.000000 -0.650709 -0.759327 0.000000 -0.650709 -0.759327 0.000000 -0.650709 -0.759327 0.000000 -1.000000 0.000000 0.000000 -1.000000 0.000000 0.000000 -1.000000 0.000000 0.000000 -1.000000 0.000000 0.000000 -1.000000 0.000000 0.000000 -1.000000 0.000000 0.000000 -1.000000 0.000000 0.000000 -1.000000 0.000000 0.000000 0.000000 -1.000000 0.000000 0.000000 -1.000000 0.000000 0.000000 -1.000000 0.000000 0.000000 -1.000000 0.000000 -0.707107 0.707107 0.000000 -0.707107 0.707107 0.000000 -0.707107 0.707107 0.000000 -0.707107 0.707107 0.000000 -0.026787 0.999641 0.000000 -0.026787 0.999641 0.000000 -0.026787 0.999641 0.000000 -0.026787 0.999641 1.000000 0.000000 0.000000 
						1.000000 0.000000 0.000000 1.000000 0.000000 0.000000 1.000000 0.000000 0.000000 -1.000000 0.000000 0.000000 -1.000000 0.000000 0.000000 -1.000000 0.000000 0.000000 -1.000000 0.000000 0.000000 -1.000000 0.000000 0.000000 -1.000000 0.000000 0.000000 -1.000000 0.000000 0.000000 -1.000000 -0.000001 0.000000 -1.000000 -0.000001 0.000000 -1.000000 0.000000 0.000000 -1.000000 0.000000 0.000000 -1.000000 -0.000000 0.000000 -1.000000 -0.000000 0.000000 -1.000000 -0.000000 0.000000 -1.000000 -0.000000 0.000000 1.000000 0.000001 -0.000000 1.000000 0.000001 -0.000000 1.000000 0.000001 -0.000000 1.000000 0.000001 -0.000000 -1.000000 -0.000000 0.000000 -1.000000 -0.000000 0.000000 -1.000000 -0.000000 0.000000 -1.000000 -0.000000 0.000000 1.000000 0.000000 0.000002 1.000000 0.000000 0.000000 1.000000 0.000000 0.000000 1.000000 0.000000 0.000000 1.000000 0.000000 0.000000 1.000000 0.000000 0.000000 0.000000 -0.707107 0.707107 0.000000 -0.707107 0.707107 0.000000 -0.707107 0.707107 0.000000 -0.707107 0.707107 0.000000 -0.707107 0.707107 0.000000 -0.707107 0.707107 0.000000 -0.707107 0.707107 0.000000 -0.707107 0.707107 0.000000 -0.707107 0.707107 0.000000 -0.707107 0.707107 1.000000 0.000000 0.000000 1.000000 0.000000 0.000000 1.000000 0.000000 0.000000 1.000000 0.000000 0.000000 0.000000 0.707107 0.707106 0.000000 0.707107 0.707106 0.000000 0.707107 0.707106 0.000000 0.707107 0.707106 0.000000 -0.707107 -0.707106 0.000000 -0.707107 -0.707106 0.000000 -0.707107 -0.707106 0.000000 -0.707107 -0.707106 0.000000 0.000000 -1.000000 0.000000 0.000000 -1.000000 0.000000 0.000000 -1.000000 0.000000 0.000000 -1.000000 0.707107 0.000000 -0.707107 0.707107 0.000000 -0.707107 1.000000 0.000000 0.000000 1.000000 0.000000 0.000000 1.000000 0.000000 0.000000 1.000000 0.000000 0.000000 
						0.577350 0.577350 -0.577350 0.577350 0.577350 -0.577350 0.577350 0.577350 -0.577350 0.707107 0.707107 -0.000000 0.707107 0.707107 -0.000000 0.707107 0.707107 -0.000000 0.707107 0.707107 -0.000000 0.707107 -0.000001 0.707107 0.707107 -0.000001 0.707107 0.707107 -0.000001 0.707107 0.707107 -0.000001 0.707107 0.000000 0.707107 -0.707107 0.000000 0.707107 -0.707107 0.000000 0.707107 -0.707107 0.000000 0.707107 -0.707107 0.000000 0.000000 1.000000 0.000000 0.000000 1.000000 0.000000 0.000000 1.000000 0.000000 0.000000 1.000000 0.707107 0.707107 0.000000 0.707107 0.707107 0.000000 0.707107 0.707107 0.000000 0.707107 0.707107 0.000000 0.000000 -0.000000 -1.000000 0.000000 -0.000000 -1.000000 0.000000 -0.000000 -1.000000 0.000000 -0.000000 -1.000000 1.000000 0.000000 0.000000 1.000000 0.000000 0.000000 1.000000 0.000000 0.000000 1.000000 0.000000 0.000000 0.707107 0.707107 -0.000000 0.707107 0.707107 -0.000000 0.707107 0.707107 -0.000000 0.707107 0.707107 -0.000000 0.000000 0.000000 1.000000 0.000000 0.000000 1.000000 0.000000 0.000000 1.000000 0.000000 0.000000 1.000000 0.000000 0.000000 1.000000 0.000000 0.000000 1.000000 0.000000 0.000000 1.000000 0.000000 0.000000 1.000000 1.000000 0.000000 0.000000 1.000000 0.000000 0.000000 1.000000 0.000000 0.000000 1.000000 0.000000 0.000000 0.000000 -1.000000 0.000000 0.000000 -1.000000 0.000000 0.000000 -1.000000 0.000000 0.000000 -1.000000 0.000000 0.000000 0.000000 -1.000000 0.000000 0.000000 -1.000000 0.000000 0.000000 -1.000000 0.000000 0.000000 -1.000000 1.000000 0.000000 0.000000 1.000000 0.000000 0.000000 0.707107 0.000002 0.707107 0.707107 0.000002 0.707107 1.000000 0.000000 0.000000 1.000000 0.000000 0.000000 0.707107 0.000000 -0.707107 0.707107 0.000000 -0.707107 0.707107 0.000000 -0.707107 
						0.707107 0.000000 -0.707107 0.000000 0.000000 -1.000000 0.000000 0.000000 -1.000000 0.000000 -0.000000 -1.000000 0.000000 -0.000000 -1.000000 0.000000 -0.000000 -1.000000 0.000000 -0.000000 -1.000000 0.999059 -0.043364 0.000000 0.999059 -0.043364 0.000000 0.999059 -0.043364 0.000000 0.999059 -0.043364 0.000000 0.707107 0.707107 0.000000 0.707107 0.707107 0.000000 0.707107 0.707107 0.000000 0.707107 0.707107 0.000000 0.999059 -0.043364 0.000000 0.999059 -0.043364 0.000000 0.999059 -0.043364 0.000000 0.999059 -0.043364 0.000000 0.000000 0.000000 1.000000 0.000000 0.000000 1.000000 0.707107 0.707107 -0.000000 0.707107 0.707107 -0.000000 0.707107 0.707107 -0.000000 0.707107 0.707107 -0.000000 0.000000 -0.000000 -1.000000 0.000000 -0.000000 -1.000000 0.000000 0.000000 1.000000 0.000000 0.000000 1.000000 0.000000 0.000000 1.000000 0.000000 0.000000 1.000000 -0.000000 -0.000000 -1.000000 -0.000000 -0.000000 -1.000000 -0.000000 -0.000000 -1.000000 -0.000000 -0.000000 -1.000000 -0.000000 0.000000 -1.000000 -0.000000 0.000000 -1.000000 0.000000 -0.000000 1.000000 0.000000 -0.000000 1.000000 0.000000 -0.000000 1.000000 0.000000 -0.000000 1.000000 0.000000 0.000000 1.000000 0.000000 0.000000 1.000000 0.000000 0.000000 1.000000 0.000000 0.000000 1.000000 0.000000 0.000000 1.000000 0.000000 0.000000 1.000000 0.000000 0.000000 1.000000 0.000000 0.000000 1.000000 0.000000 0.000000 -1.000000 0.000000 0.000000 -1.000000 0.000000 0.000000 -1.000000 0.000000 0.000000 -1.000000 0.000000 1.000000 0.000000 0.000000 1.000000 0.000000 0.000000 1.000000 0.000000 0.000000 1.000000 0.000000 0.000000 1.000000 -0.000000 0.000000 1.000000 -0.000000 0.000000 1.000000 -0.000000 0.000000 1.000000 -0.000000 0.000000 0.000001 1.000000 0.000000 0.000001 1.000000 0.000000 0.000001 1.000000 
						0.000000 0.000001 1.000000 0.000000 0.000000 -1.000000 0.000000 0.000000 -1.000000 0.000000 0.000000 -1.000000 0.000000 0.000000 -1.000000 0.000000 1.000000 0.000000 0.000000 1.000000 0.000000 0.000000 1.000000 0.000000 0.000000 1.000000 0.000000 0.000000 1.000000 0.000000 0.000000 1.000000 0.000000 0.000000 1.000000 0.000000 0.000000 1.000000 0.000000 1.000000 -0.000000 -0.000000 1.000000 -0.000000 -0.000000 1.000000 -0.000000 -0.000000 1.000000 -0.000000 -0.000000 0.000000 -0.000001 1.000000 0.000000 -0.000001 1.000000 0.000000 1.000000 0.000000 0.000000 1.000000 0.000000 0.000000 1.000000 0.000000 0.000000 1.000000 0.000000 1.000000 0.000000 0.000000 1.000000 0.000000 0.000000 1.000000 0.000000 0.000000 1.000000 0.000000 0.000000 1.000000 0.000000 0.000000 1.000000 0.000000 0.000000 1.000000 0.000000 0.000000 1.000000 0.000000 0.000000 1.000000 0.000000 0.000000 1.000000 0.000000 0.000000 1.000000 0.000000 0.000000 1.000000 0.000000 0.000000 -0.000001 0.000000 -1.000000 -0.000001 0.000000 -1.000000 -0.000001 0.000000 -1.000000 -0.000001 0.000000 -1.000000 0.000000 0.000000 1.000000 0.000000 0.000000 1.000000 0.000000 -1.000000 0.000000 0.000000 -1.000000 0.000000 0.000000 -1.000000 0.000000 0.000000 -1.000000 0.000000 0.000000 0.000000 -1.000000 0.000000 0.000000 -1.000000 0.000000 0.000000 -1.000000 0.000000 0.000000 -1.000000 0.000000 -1.000000 0.000000 0.000000 -1.000000 0.000000 0.000000 -1.000000 0.000000 0.000000 -1.000000 0.000000 0.000000 1.000000 0.000000 0.000000 1.000000 0.000000 1.000000 0.000000 0.000000 1.000000 0.000000 0.000000 0.707107 0.707107 -0.000000 0.707107 0.707107 -0.000000 1.000000 0.000000 0.000000 0.000000 -1.000000 0.000000 0.000000 -1.000000 0.000000 0.000000 -1.000000 0.000000 0.000000 -1.000000 0.000000 
						0.000000 -0.000000 -1.000000 0.000000 -0.000000 -1.000000 0.000000 0.000000 1.000000 0.000000 0.000000 1.000000 0.000000 0.000000 1.000000 0.000000 0.000000 1.000000 1.000000 0.000000 0.000000 0.000000 1.000000 -0.000000 0.000000 1.000000 -0.000000 1.000000 0.000000 0.000000 1.000000 0.000000 0.000000 0.707107 0.707107 0.000000 0.707107 0.707107 0.000000 0.000000 -1.000000 0.000000 0.000000 -1.000000 0.000000 0.000000 -1.000000 0.000000 0.000000 -1.000000 0.000000 0.000000 -1.000000 0.000000 0.000000 -1.000000 0.000000 0.000000 -1.000000 0.000000 0.000000 -1.000000 0.000000 0.999999 0.000458 -0.001059 0.999999 0.000458 -0.001059 0.999999 0.000458 -0.001059 0.999999 0.000458 -0.001059 1.000000 0.000000 0.000000 1.000000 0.000000 0.000000 0.000000 0.000000 1.000000 0.000000 0.000000 1.000000 0.000000 -0.000000 -1.000000 0.000000 -0.000000 -1.000000 0.000000 0.000000 1.000000 0.000000 -0.000000 -1.000000 0.000000 0.000000 -1.000000 0.000000 0.000000 -1.000000 -0.000000 -0.000000 -1.000000 -0.000000 -0.000000 -1.000000 -0.000000 -0.000000 -1.000000 0.000001 0.000000 -1.000000 0.000001 0.000000 -1.000000 0.000001 0.000000 -1.000000 0.000001 0.000000 -1.000000 0.000000 0.000000 -1.000000 0.000000 0.000000 1.000000 0.000000 0.000000 1.000000 0.000000 0.000000 1.000000 0.000000 0.000000 1.000000 0.000000 0.000000 1.000000 0.000000 0.000000 1.000000 0.000000 0.000000 1.000000 1.000000 0.000000 0.000000 0.000000 -1.000000 0.000000 0.000000 -1.000000 0.000000 1.000000 0.000000 0.000000 0.000000 1.000000 0.000000 0.707107 0.707107 0.000000 0.707107 0.707107 0.000000 0.999059 -0.043364 0.000000 0.999059 -0.043364 0.000000 1.000000 0.000000 0.000000 1.000000 -0.000000 0.000000 1.000000 0.000000 -0.000000 1.000000 0.000000 -0.000000 0.000000 0.000000 -1.000000 
						0.000000 0.000000 -1.000000 0.000000 0.000000 1.000000 0.000000 0.000000 1.000000 0.382684 -0.000000 -0.923879 0.707107 -0.000000 -0.707107 0.707107 -0.000000 -0.707107 0.382684 -0.000000 -0.923879 0.923880 -0.000000 -0.382683 0.923880 -0.000000 -0.382683 0.000001 -0.000000 -1.000000 0.000001 -0.000000 -1.000000 1.000000 -0.000000 -0.000000 1.000000 0.000000 0.000000 0.923880 0.000000 0.382683 0.923880 0.000000 0.382683 0.707107 0.000000 0.707107 0.707107 0.000000 0.707107 0.382684 0.000000 0.923879 0.382684 0.000000 0.923879 0.000001 0.000000 1.000000 0.000001 0.000000 1.000000 -0.382684 0.000000 0.923879 -0.382684 0.000000 0.923879 -0.707107 0.000000 0.707107 -0.707107 0.000000 0.707107 -0.923880 -0.000000 0.382683 -0.923880 0.000000 0.382683 -1.000000 0.000000 -0.000000 -1.000000 0.000000 0.000000 -1.000000 0.000000 -0.000000 -0.923880 0.000000 -0.382683 -0.923880 0.000000 -0.382683 -1.000000 0.000000 0.000000 -0.707107 -0.000000 -0.707107 -0.707107 -0.000000 -0.707107 -0.382684 -0.000000 -0.923879 -0.382684 -0.000000 -0.923879 -0.707107 -0.000000 -0.707107 -0.382682 -0.000000 -0.923880 -0.382682 -0.000000 -0.923880 -0.707106 -0.000000 -0.707107 -0.923880 0.000000 -0.382682 -0.923880 0.000000 -0.382682 -1.000000 0.000000 0.000000 -1.000000 -0.000000 0.000000 -0.923880 0.000000 0.382683 -1.000000 0.000000 0.000000 -1.000000 -0.000000 0.000000 -0.923880 0.000000 0.382683 -0.707107 0.000000 0.707106 -0.707107 0.000000 0.707107 -0.382684 0.000000 0.923880 -0.382683 0.000000 0.923880 0.000000 0.000000 1.000000 0.000000 0.000000 1.000000 0.382684 0.000000 0.923880 0.382683 0.000000 0.923880 0.707107 0.000000 0.707106 0.707107 0.000000 0.707107 0.923880 0.000000 0.382683 0.923880 0.000000 0.382683 1.000000 0.000000 0.000000 1.000000 0.000000 0.000000 0.923880 0.000000 -0.382682 
						0.923880 0.000000 -0.382682 0.707107 -0.000000 -0.707107 0.707107 -0.000000 -0.707107 0.382683 -0.000000 -0.923880 0.382683 -0.000000 -0.923880 0.000000 -0.000000 -1.000000 0.000000 -0.000000 -1.000000 -0.327032 -0.519324 -0.789526 -0.327033 -0.519324 -0.789526 -0.000000 -0.519326 -0.854576 -0.000000 -0.519326 -0.854576 -0.604278 -0.519321 -0.604279 -0.604278 -0.519321 -0.604279 -0.789529 -0.519320 -0.327032 -0.789529 -0.519320 -0.327033 -0.854579 -0.519321 -0.000000 -0.854579 -0.519321 -0.000000 -0.789528 -0.519322 0.327032 -0.789528 -0.519322 0.327032 -0.854579 -0.519321 -0.000000 -0.854579 -0.519321 -0.000000 -0.604278 -0.519321 0.604280 -0.604278 -0.519321 0.604280 -0.327033 -0.519321 0.789528 -0.327034 -0.519321 0.789528 -0.000000 -0.519324 0.854577 -0.000000 -0.519324 0.854577 0.327034 -0.519324 0.789526 0.327033 -0.519324 0.789527 0.604278 -0.519322 0.604279 0.604278 -0.519322 0.604279 0.789529 -0.519320 0.327032 0.789529 -0.519320 0.327033 0.854579 -0.519322 -0.000000 0.854579 -0.519322 -0.000000 0.789529 -0.519321 -0.327033 0.789529 -0.519321 -0.327033 0.604279 -0.519322 -0.604278 0.604279 -0.519322 -0.604278 0.327033 -0.519326 -0.789525 0.327032 -0.519326 -0.789526 -0.000000 0.519325 -0.854577 -0.000000 0.519325 -0.854577 0.327031 0.519327 -0.789525 0.327030 0.519327 -0.789525 -0.000000 -0.519327 -0.854575 -0.000000 -0.519328 -0.854575 0.327030 -0.519329 -0.789524 0.327031 -0.519329 -0.789524 0.604278 0.519325 -0.604276 0.604277 0.519325 -0.604276 0.604276 -0.519330 -0.604274 0.604276 -0.519330 -0.604274 0.789527 0.519324 -0.327031 0.789527 0.519324 -0.327032 0.789526 -0.519327 -0.327031 0.789526 -0.519327 -0.327030 0.854577 0.519324 0.000000 0.854577 0.519324 0.000000 0.854577 -0.519324 -0.000000 0.854577 -0.519324 -0.000000 0.789526 0.519325 0.327031 0.789526 0.519325 0.327032 0.789528 -0.519323 0.327032 
						0.789528 -0.519323 0.327032 0.604274 0.519331 0.604275 0.604274 0.519331 0.604275 0.604277 -0.519327 0.604276 0.604277 -0.519327 0.604276 0.327032 0.519328 0.789524 0.327031 0.519328 0.789524 0.327031 -0.519327 0.789525 0.327032 -0.519328 0.789524 0.000002 0.519325 0.854577 0.000002 0.519325 0.854576 0.000002 -0.519325 0.854577 0.000002 -0.519325 0.854577 -0.327030 0.519326 0.789526 -0.327031 0.519326 0.789526 -0.327032 -0.519324 0.789526 -0.327031 -0.519324 0.789527 -0.604279 0.519321 0.604279 -0.604279 0.519321 0.604279 -0.604278 -0.519323 0.604278 -0.604278 -0.519323 0.604278 -0.789531 0.519318 0.327032 -0.789530 0.519318 0.327033 -0.789527 -0.519324 0.327032 -0.789527 -0.519324 0.327032 -0.854580 0.519319 -0.000000 -0.854580 0.519319 -0.000000 -0.854578 -0.519322 -0.000000 -0.854578 -0.519322 -0.000000 -0.854580 0.519319 -0.000000 -0.854580 0.519319 -0.000000 -0.789527 0.519324 -0.327032 -0.789527 0.519324 -0.327032 -0.854578 -0.519322 -0.000000 -0.854578 -0.519322 -0.000000 -0.789527 -0.519324 -0.327031 -0.789527 -0.519324 -0.327031 -0.604276 0.519327 -0.604277 -0.604275 0.519327 -0.604277 -0.604276 -0.519326 -0.604277 -0.604276 -0.519326 -0.604277 -0.327030 0.519326 -0.789526 -0.327031 0.519326 -0.789526 -0.327032 -0.519326 -0.789526 -0.327031 -0.519326 -0.789526 0.577350 0.577350 0.577350 0.577350 0.577350 0.577350 0.577350 0.577350 0.577350 0.577350 0.577350 0.577350 0.577350 0.577350 0.577350 0.577350 0.577350 0.577350 0.707107 -0.000000 0.707107 0.707107 -0.000000 0.707107 0.707107 0.000000 0.707107 0.707107 0.000000 0.707107 0.577350 0.577350 0.577350 0.577350 0.577350 0.577350 0.577350 0.577350 0.577350 -0.408248 0.816497 -0.408248 -0.408248 0.816497 -0.408248 -0.408248 0.816497 -0.408248 -0.408248 0.816497 -0.408248 0.816497 -0.408248 -0.408248 0.816497 -0.408248 -0.408248 
						0.816497 -0.408248 -0.408248 0.816497 -0.408248 -0.408248 -0.408248 -0.408248 0.816497 -0.408248 -0.408248 0.816497 -0.408248 -0.408248 0.816497 -0.408248 -0.408248 0.816497 0.707107 0.000000 0.707107 0.707107 0.000000 0.707107 0.707107 0.000000 0.707107 0.707107 0.000000 0.707107 0.707107 -0.000000 -0.707106 0.707107 -0.000000 -0.707106 0.707107 -0.000000 -0.707106 0.707107 -0.000000 -0.707106 0.000000 -1.000000 0.000000 0.000000 -1.000000 0.000000 0.000000 -1.000000 0.000000 0.000000 -1.000000 0.000000 -0.707106 0.000000 0.707107 -0.707106 0.000000 0.707107 -0.707106 0.000000 0.707107 -0.707106 0.000000 0.707107 0.000000 1.000000 -0.000000 0.000000 1.000000 -0.000000 0.000000 1.000000 -0.000000 0.000000 1.000000 -0.000000 0.000000 1.000000 -0.000000 0.000000 1.000000 -0.000000 0.000000 1.000000 -0.000000 0.000000 0.000000 1.000000 0.000000 0.000000 1.000000 0.000000 1.000000 0.000000 0.000000 1.000000 0.000000 0.000000 1.000000 0.000000 0.000000 1.000000 0.000000 0.000000 0.000000 -1.000000 0.000000 0.000000 -1.000000 0.000000 0.000000 -1.000000 0.000000 0.000000 -1.000000 0.000000 1.000000 0.000000 0.000000 1.000000 0.000000 0.000000 0.000000 -1.000000 0.000000 0.000000 -1.000000 0.000000 0.000000 1.000000 0.000000 0.000000 1.000000 0.000000 -0.000000 -1.000000 0.000000 -0.000000 -1.000000 0.000000 -0.000000 -1.000000 0.000000 -0.000000 -1.000000 0.000000 1.000000 0.000000 0.000000 1.000000 0.000000 0.000000 1.000000 0.000000 0.000000 1.000000 0.000000 0.000000 1.000000 0.000000 0.000000 1.000000 0.000000 0.000000 1.000000 0.000000 0.000000 1.000000 0.000000 0.000000 0.000000 1.000000 0.000000 1.000000 -0.000000 0.000000 1.000000 -0.000000 0.000000 1.000000 -0.000000 0.000000 1.000000 -0.000000 0.000000 0.000000 -1.000000 0.000000 0.000000 -1.000000 
						0.000000 1.000000 0.000000 0.000000 1.000000 0.000000 0.000000 0.000001 1.000000 0.000000 0.000001 1.000000 0.000000 0.000001 1.000000 0.000000 0.000001 1.000000 0.000000 -0.000001 1.000000 0.000000 -0.000001 1.000000 0.000000 0.000000 -1.000000 0.000000 0.707107 -0.707107 0.000000 0.707107 -0.707107 0.000000 0.707107 0.707107 0.000000 0.707107 0.707107 0.000000 0.707107 0.707107 0.000000 0.707107 0.707107 0.000000 1.000000 0.000000 0.000000 1.000000 0.000000 -1.000000 0.000000 0.000000 -1.000000 0.000000 0.000000 -1.000000 0.000000 0.000000 -1.000000 0.000000 0.000000 0.000000 -1.000000 0.000000 0.000000 -1.000000 0.000000 0.000000 -1.000000 0.000000 0.000000 -1.000000 0.000000 1.000000 0.000000 0.000000 1.000000 0.000000 0.000000 1.000000 0.000000 0.000000 0.000000 0.000000 1.000000 0.000000 0.000000 1.000000 1.000000 0.000000 0.000000 1.000000 0.000000 0.000000 1.000000 0.000000 0.000000 1.000000 0.000000 0.000000 0.000000 0.000000 -1.000000 0.000000 0.000000 -1.000000 0.000000 0.000000 -1.000000 -0.000000 0.000000 1.000000 -0.000000 0.000000 1.000000 0.000000 0.000000 1.000000 -1.000000 0.000000 -0.000000 -1.000000 0.000000 -0.000000 -1.000000 0.000000 -0.000000 -1.000000 0.000000 -0.000000 -1.000000 0.000000 0.000000 -1.000000 0.000000 0.000000 -1.000000 0.000000 0.000000 -1.000000 0.000000 0.000000 0.000000 0.707107 -0.707107 0.000000 0.707107 -0.707107 1.000000 0.000000 0.000000 1.000000 0.000000 0.000000 -1.000000 0.000000 0.000000 -1.000000 0.000000 0.000000 -1.000000 0.000000 0.000000 -1.000000 0.000000 0.000000 0.000000 1.000000 0.000000 0.000000 1.000000 0.000000 0.000000 1.000000 0.000000 0.000000 1.000000 -0.000000 0.000000 0.000000 1.000000 0.000000 0.000000 1.000000 0.000000 0.000000 1.000000 0.000000 0.000000 1.000000 
						0.000000 0.999325 0.036727 0.000000 0.999325 0.036727 0.000000 0.999325 0.036727 0.000000 0.999325 0.036727 0.000000 0.650709 -0.759327 0.000000 0.650709 -0.759327 0.000000 0.650709 -0.759327 0.000000 0.650709 -0.759327 0.000000 1.000000 -0.000000 0.000000 1.000000 -0.000000 0.000000 1.000000 -0.000000 0.000000 1.000000 -0.000000 0.000000 1.000000 0.000000 0.000000 1.000000 0.000000 0.000000 1.000000 0.000000 0.000000 1.000000 0.000000 0.000000 0.000000 -1.000000 0.000000 0.000000 -1.000000 0.000000 0.000000 -1.000000 0.000000 0.000000 -1.000000 0.000000 0.707107 0.707107 0.000000 0.707107 0.707107 0.000000 0.707107 0.707107 0.000000 0.707107 0.707107 0.000000 0.026787 0.999641 0.000000 0.026787 0.999641 0.000000 0.026787 0.999641 0.000000 0.026787 0.999641 -1.000000 0.000000 0.000000 -1.000000 0.000000 0.000000 -1.000000 0.000000 0.000000 -1.000000 0.000000 0.000000 1.000000 0.000000 0.000000 1.000000 0.000000 0.000000 1.000000 0.000000 0.000000 1.000000 0.000000 0.000000 1.000000 0.000000 0.000000 1.000000 0.000000 0.000000 1.000000 0.000000 0.000000 1.000000 0.000001 0.000000 1.000000 0.000001 0.000000 1.000000 0.000000 0.000000 1.000000 0.000000 0.000000 1.000000 0.000000 -0.000000 1.000000 0.000000 -0.000000 1.000000 0.000000 -0.000000 1.000000 0.000000 -0.000000 -1.000000 -0.000001 -0.000000 -1.000000 -0.000001 -0.000000 -1.000000 -0.000001 -0.000000 -1.000000 -0.000001 -0.000000 1.000000 0.000000 0.000000 1.000000 0.000000 0.000000 1.000000 0.000000 0.000000 1.000000 0.000000 0.000000 -1.000000 0.000000 0.000002 -1.000000 -0.000000 0.000000 -1.000000 -0.000000 0.000000 -1.000000 -0.000000 0.000000 -1.000000 -0.000000 0.000000 -1.000000 0.000000 0.000000 0.000000 0.707107 0.707107 0.000000 0.707107 0.707107 0.000000 0.707107 0.707107 
						0.000000 0.707107 0.707107 -0.000000 0.707107 0.707107 -0.000000 0.707107 0.707107 0.000000 0.707107 0.707107 0.000000 0.707107 0.707107 0.000000 0.707107 0.707107 0.000000 0.707107 0.707107 0.000000 0.707107 0.707107 0.000000 0.707107 0.707107 -1.000000 -0.000000 0.000000 -1.000000 -0.000000 0.000000 -1.000000 -0.000000 0.000000 -1.000000 -0.000000 0.000000 0.000000 -0.707107 0.707106 0.000000 -0.707107 0.707106 0.000000 -0.707107 0.707106 0.000000 -0.707107 0.707106 0.000000 0.707107 -0.707106 0.000000 0.707107 -0.707106 0.000000 0.707107 -0.707106 0.000000 0.707107 -0.707106 0.000000 0.000000 -1.000000 0.000000 0.000000 -1.000000 0.000000 0.000000 -1.000000 0.000000 0.000000 -1.000000 -0.707107 0.000000 -0.707107 -0.707107 0.000000 -0.707107 -1.000000 0.000000 0.000000 -1.000000 0.000000 0.000000 -1.000000 0.000000 0.000000 -1.000000 0.000000 0.000000 -0.577350 0.577350 -0.577350 -0.577350 0.577350 -0.577350 -0.577350 0.577350 -0.577350 -0.707107 0.707107 -0.000000 -0.707107 0.707107 -0.000000 -0.707107 0.707107 -0.000000 -0.707107 0.707107 -0.000000 -0.707107 -0.000001 0.707107 -0.707107 -0.000001 0.707107 -0.707107 -0.000001 0.707107 -0.707107 -0.000001 0.707107 0.000000 0.707107 -0.707107 0.000000 0.707107 -0.707107 0.000000 0.707107 -0.707107 0.000000 0.707107 -0.707107 0.000000 0.000000 1.000000 0.000000 0.000000 1.000000 0.000000 0.000000 1.000000 0.000000 0.000000 1.000000 -0.707107 0.707107 0.000000 -0.707107 0.707107 0.000000 -0.707107 0.707107 0.000000 -0.707107 0.707107 0.000000 0.000000 -0.000000 -1.000000 0.000000 -0.000000 -1.000000 0.000000 -0.000000 -1.000000 0.000000 -0.000000 -1.000000 -1.000000 0.000000 0.000000 -1.000000 0.000000 0.000000 -1.000000 0.000000 0.000000 -1.000000 0.000000 0.000000 -0.707107 0.707107 -0.000000 -0.707107 0.707107 -0.000000 
						-0.707107 0.707107 -0.000000 -0.707107 0.707107 -0.000000 0.000000 0.000000 1.000000 0.000000 0.000000 1.000000 0.000000 0.000000 1.000000 0.000000 0.000000 1.000000 0.000000 0.000000 1.000000 0.000000 0.000000 1.000000 0.000000 0.000000 1.000000 0.000000 0.000000 1.000000 -1.000000 0.000000 0.000000 -1.000000 0.000000 0.000000 -1.000000 0.000000 0.000000 -1.000000 0.000000 0.000000 0.000000 -1.000000 0.000000 0.000000 -1.000000 0.000000 0.000000 -1.000000 0.000000 0.000000 -1.000000 0.000000 -0.000000 0.000000 -1.000000 -0.000000 0.000000 -1.000000 -0.000000 0.000000 -1.000000 -0.000000 0.000000 -1.000000 -1.000000 0.000000 0.000000 -1.000000 0.000000 0.000000 -0.707107 0.000002 0.707107 -0.707107 0.000002 0.707107 -1.000000 0.000000 0.000000 -1.000000 0.000000 0.000000 -0.707107 0.000000 -0.707107 -0.707107 0.000000 -0.707107 -0.707107 0.000000 -0.707107 -0.707107 0.000000 -0.707107 0.000000 0.000000 -1.000000 0.000000 0.000000 -1.000000 -0.000001 0.000000 -1.000000 -0.000001 0.000000 -1.000000 -0.000001 0.000000 -1.000000 -0.000001 0.000000 -1.000000 -0.999059 -0.043364 0.000000 -0.999059 -0.043364 0.000000 -0.999059 -0.043364 0.000000 -0.999059 -0.043364 0.000000 -0.707107 0.707107 0.000000 -0.707107 0.707107 0.000000 -0.707107 0.707107 0.000000 -0.707107 0.707107 0.000000 -0.999059 -0.043364 0.000000 -0.999059 -0.043364 0.000000 -0.999059 -0.043364 0.000000 -0.999059 -0.043364 0.000000 0.000000 0.000000 1.000000 0.000000 0.000000 1.000000 -0.707107 0.707107 -0.000000 -0.707107 0.707107 -0.000000 -0.707107 0.707107 -0.000000 -0.707107 0.707107 -0.000000 0.000000 -0.000000 -1.000000 0.000000 -0.000000 -1.000000 0.000000 0.000000 1.000000 0.000000 0.000000 1.000000 0.000000 0.000000 1.000000 0.000000 0.000000 1.000000 0.000000 0.000000 -1.000000 0.000000 0.000000 -1.000000 
						0.000000 0.000000 -1.000000 0.000000 0.000000 -1.000000 0.000000 -0.000000 -1.000000 0.000000 -0.000000 -1.000000 0.000000 -0.000000 1.000000 0.000000 -0.000000 1.000000 0.000000 -0.000000 1.000000 0.000000 -0.000000 1.000000 0.000000 0.000000 1.000000 0.000000 0.000000 1.000000 0.000000 0.000000 1.000000 0.000000 0.000000 1.000000 0.000000 0.000000 1.000000 0.000000 0.000000 1.000000 0.000000 0.000000 1.000000 0.000000 0.000000 1.000000 0.000000 0.000000 -1.000000 0.000000 0.000000 -1.000000 0.000000 1.000000 0.000000 0.000000 1.000000 0.000000 0.000000 1.000000 -0.000000 0.000000 1.000000 -0.000000 0.000000 0.000001 1.000000 0.000000 0.000001 1.000000 0.000000 0.000000 -1.000000 0.000000 0.000000 -1.000000 0.000000 1.000000 0.000000 0.000000 1.000000 0.000000 0.000000 1.000000 0.000000 0.000000 1.000000 0.000000 -1.000000 0.000000 0.000000 -1.000000 0.000000 0.000000 -1.000000 0.000000 0.000000 -1.000000 0.000000 0.000000 0.000000 -0.000001 1.000000 0.000000 1.000000 0.000000 0.000000 1.000000 0.000000 -1.000000 0.000000 0.000000 -1.000000 0.000000 0.000000 -1.000000 0.000000 0.000000 -1.000000 0.000000 0.000000 -1.000000 0.000000 0.000000 -1.000000 0.000000 0.000000 -1.000000 0.000000 0.000000 -1.000000 0.000000 0.000000 -1.000000 0.000000 0.000000 -1.000000 0.000000 0.000000 -1.000000 0.000000 0.000000 -1.000000 0.000000 0.000000 0.000001 0.000000 -1.000000 0.000001 0.000000 -1.000000 0.000001 0.000000 -1.000000 0.000001 0.000000 -1.000000 -0.000000 0.000000 1.000000 -0.000000 0.000000 1.000000 0.000000 -1.000000 0.000000 0.000000 -1.000000 0.000000 0.000000 -1.000000 0.000000 0.000000 -1.000000 0.000000 0.000000 0.000000 -1.000000 0.000000 0.000000 -1.000000 0.000000 -1.000000 0.000000 0.000000 -1.000000 0.000000 0.000000 -1.000000 0.000000 
						0.000000 -1.000000 0.000000 0.000000 1.000000 0.000000 -1.000000 0.000000 0.000000 -1.000000 0.000000 0.000000 -0.707107 0.707107 -0.000000 -0.707107 0.707107 -0.000000 -1.000000 0.000000 0.000000 0.000000 -1.000000 0.000000 0.000000 -1.000000 0.000000 0.000000 -1.000000 0.000000 0.000000 -1.000000 0.000000 0.000000 -0.000000 -1.000000 0.000000 -0.000000 -1.000000 0.000000 0.000000 1.000000 0.000000 0.000000 1.000000 0.000000 0.000000 1.000000 0.000000 0.000000 1.000000 -1.000000 0.000000 0.000000 0.000000 1.000000 -0.000000 -1.000000 0.000000 0.000000 -1.000000 0.000000 0.000000 -0.707107 0.707107 0.000000 -0.707107 0.707107 0.000000 0.000000 -1.000000 0.000000 0.000000 -1.000000 0.000000 0.000000 -1.000000 0.000000 0.000000 -1.000000 0.000000 0.000000 -1.000000 0.000000 0.000000 -1.000000 0.000000 0.000000 -1.000000 0.000000 0.000000 -1.000000 0.000000 -0.999999 0.000458 -0.001059 -0.999999 0.000458 -0.001059 -0.999999 0.000458 -0.001059 -0.999999 0.000458 -0.001059 -1.000000 0.000000 0.000000 -1.000000 0.000000 0.000000 0.000000 0.000000 1.000000 0.000000 0.000000 1.000000 0.000000 -0.000000 -1.000000 0.000000 -0.000000 -1.000000 0.000000 0.000000 1.000000 0.000000 -0.000000 -1.000000 0.000000 0.000000 -1.000000 0.000000 -0.000000 -1.000000 0.000000 -0.000000 -1.000000 -0.000001 0.000000 -1.000000 -0.000001 0.000000 -1.000000 -0.000001 0.000000 -1.000000 -0.000001 0.000000 -1.000000 0.000000 0.000000 -1.000000 0.000000 0.000000 1.000000 0.000000 0.000000 1.000000 0.000000 0.000000 1.000000 0.000000 0.000000 1.000000 0.000000 0.000000 1.000000 0.000000 0.000000 1.000000 0.000000 0.000000 1.000000 -1.000000 0.000000 0.000000 0.000000 -1.000000 0.000000 0.000000 -1.000000 0.000000 -1.000000 0.000000 0.000000 0.000000 1.000000 0.000000 -0.707107 0.707107 -0.000000 
						-0.707107 0.707107 -0.000000 -0.999059 -0.043364 0.000000 -0.999059 -0.043364 0.000000 -1.000000 0.000000 0.000000 -1.000000 -0.000000 0.000000 -1.000000 0.000000 -0.000000 -1.000000 0.000000 -0.000000 0.000000 0.000000 -1.000000 0.000000 0.000000 -1.000000 0.000000 0.000000 1.000000 0.000000 0.000000 1.000000 -0.382684 -0.000000 -0.923879 -0.382684 -0.000000 -0.923879 -0.707107 -0.000000 -0.707107 -0.707107 -0.000000 -0.707107 -0.923880 -0.000000 -0.382683 -0.923880 -0.000000 -0.382683 -0.000001 -0.000000 -1.000000 -0.000001 -0.000000 -1.000000 -1.000000 0.000000 0.000000 -1.000000 0.000000 -0.000000 -0.923880 0.000000 0.382683 -0.923880 0.000000 0.382683 -0.707107 0.000000 0.707107 -0.707107 0.000000 0.707107 -0.382684 0.000000 0.923879 -0.382684 0.000000 0.923879 -0.000001 0.000000 1.000000 -0.000001 0.000000 1.000000 0.382684 0.000000 0.923879 0.382684 0.000000 0.923879 0.707107 0.000000 0.707107 0.707107 0.000000 0.707107 0.923880 -0.000000 0.382683 0.923880 -0.000000 0.382683 1.000000 -0.000000 0.000000 1.000000 -0.000000 -0.000000 1.000000 -0.000000 -0.000000 1.000000 -0.000000 0.000000 0.923880 -0.000000 -0.382683 0.923880 -0.000000 -0.382683 0.707107 -0.000000 -0.707107 0.707107 -0.000000 -0.707107 0.382684 -0.000000 -0.923879 0.382684 -0.000000 -0.923879 0.707106 -0.000000 -0.707107 0.707106 -0.000000 -0.707107 0.382682 -0.000000 -0.923880 0.382682 -0.000000 -0.923880 0.923880 -0.000000 -0.382682 0.923880 -0.000000 -0.382682 1.000000 -0.000000 0.000000 1.000000 -0.000000 0.000000 0.923880 -0.000000 0.382683 0.923880 -0.000000 0.382683 1.000000 -0.000000 0.000000 1.000000 -0.000000 0.000000 0.707107 0.000000 0.707107 0.707107 0.000000 0.707107 0.382683 0.000000 0.923879 0.382683 0.000000 0.923879 0.000000 0.000000 1.000000 0.000000 0.000000 1.000000 -0.382683 0.000000 0.923880 
						-0.382683 0.000000 0.923879 -0.707107 0.000000 0.707107 -0.707107 0.000000 0.707107 -0.923880 0.000000 0.382683 -0.923880 0.000000 0.382683 -1.000000 0.000000 0.000000 -1.000000 0.000000 0.000000 -0.923880 -0.000000 -0.382682 -0.923880 -0.000000 -0.382682 -0.707107 -0.000000 -0.707107 -0.707107 -0.000000 -0.707107 -0.382683 -0.000000 -0.923880 -0.382683 -0.000000 -0.923880 0.000000 -0.000000 -1.000000 0.000000 -0.000000 -1.000000 0.327032 -0.519324 -0.789527 0.000000 -0.519326 -0.854576 0.000000 -0.519326 -0.854576 0.327033 -0.519324 -0.789527 0.604278 -0.519323 -0.604278 0.604277 -0.519323 -0.604279 0.789527 -0.519323 -0.327032 0.789527 -0.519323 -0.327032 0.854578 -0.519323 -0.000000 0.854578 -0.519323 -0.000000 0.789528 -0.519323 0.327032 0.854578 -0.519323 -0.000000 0.854578 -0.519323 -0.000000 0.789528 -0.519323 0.327032 0.604278 -0.519320 0.604280 0.604278 -0.519320 0.604280 0.327034 -0.519321 0.789528 0.327034 -0.519321 0.789528 0.000000 -0.519325 0.854577 0.000000 -0.519325 0.854577 -0.327034 -0.519324 0.789526 -0.327033 -0.519324 0.789526 -0.604279 -0.519320 0.604279 -0.604279 -0.519320 0.604279 -0.789529 -0.519320 0.327033 -0.789529 -0.519320 0.327033 -0.854578 -0.519323 -0.000000 -0.854578 -0.519323 -0.000000 -0.789529 -0.519320 -0.327033 -0.789529 -0.519320 -0.327033 -0.604279 -0.519320 -0.604279 -0.604279 -0.519320 -0.604279 -0.327033 -0.519325 -0.789526 -0.327033 -0.519325 -0.789526 0.000000 0.519325 -0.854577 -0.327030 0.519329 -0.789525 -0.327031 0.519329 -0.789524 0.000000 0.519325 -0.854577 0.000000 -0.519328 -0.854575 -0.327031 -0.519330 -0.789524 -0.327030 -0.519330 -0.789524 0.000000 -0.519328 -0.854575 -0.604277 0.519327 -0.604276 -0.604277 0.519327 -0.604275 -0.604276 -0.519330 -0.604274 -0.604275 -0.519330 -0.604274 -0.789527 0.519325 -0.327032 -0.789527 0.519325 -0.327031 -0.789526 -0.519327 -0.327030 
						-0.789525 -0.519327 -0.327031 -0.854577 0.519325 -0.000000 -0.854577 0.519325 -0.000000 -0.854577 -0.519325 -0.000000 -0.854577 -0.519325 -0.000000 -0.789525 0.519328 0.327031 -0.789525 0.519327 0.327031 -0.789528 -0.519322 0.327032 -0.789528 -0.519322 0.327032 -0.604274 0.519331 0.604275 -0.604274 0.519331 0.604275 -0.604277 -0.519325 0.604276 -0.604277 -0.519325 0.604276 -0.327031 0.519328 0.789525 -0.327032 0.519328 0.789524 -0.327032 -0.519327 0.789525 -0.327031 -0.519327 0.789525 -0.000002 0.519326 0.854576 -0.000002 0.519326 0.854576 -0.000002 -0.519325 0.854577 -0.000002 -0.519325 0.854577 0.327031 0.519326 0.789526 0.327030 0.519326 0.789526 0.327031 -0.519324 0.789527 0.327032 -0.519324 0.789527 0.604279 0.519321 0.604279 0.604279 0.519321 0.604279 0.604277 -0.519324 0.604277 0.604277 -0.519324 0.604277 0.789530 0.519319 0.327033 0.789530 0.519319 0.327033 0.789527 -0.519325 0.327032 0.789526 -0.519325 0.327032 0.854581 0.519319 -0.000000 0.854581 0.519319 -0.000000 0.854577 -0.519324 0.000000 0.854577 -0.519324 0.000000 0.854581 0.519319 -0.000000 0.789528 0.519322 -0.327032 0.789528 0.519322 -0.327032 0.854581 0.519319 -0.000000 0.854577 -0.519324 0.000000 0.789527 -0.519325 -0.327031 0.789527 -0.519325 -0.327031 0.854577 -0.519324 0.000000 0.604276 0.519326 -0.604277 0.604276 0.519326 -0.604277 0.604277 -0.519325 -0.604277 0.604277 -0.519325 -0.604277 0.327031 0.519326 -0.789526 0.327030 0.519326 -0.789526 0.327031 -0.519325 -0.789526 0.327032 -0.519325 -0.789526 -0.577350 0.577350 0.577350 -0.577350 0.577350 0.577350 -0.577350 0.577350 0.577350 -0.577350 0.577350 0.577350 -0.577350 0.577350 0.577350 -0.577350 0.577350 0.577350 -0.707107 -0.000000 0.707107 -0.707107 -0.000000 0.707107 -0.707107 0.000000 0.707107 -0.707107 -0.000000 0.707107 -0.577350 0.577350 0.577350 
						-0.577350 0.577350 0.577350 -0.577350 0.577350 0.577350 0.408248 0.816497 -0.408248 0.408248 0.816497 -0.408248 0.408248 0.816497 -0.408248 0.408248 0.816497 -0.408248 -0.816497 -0.408248 -0.408248 -0.816497 -0.408248 -0.408248 -0.816497 -0.408248 -0.408248 -0.816497 -0.408248 -0.408248 0.408248 -0.408248 0.816497 0.408248 -0.408248 0.816497 0.408248 -0.408248 0.816497 0.408248 -0.408248 0.816497 -0.707107 0.000000 0.707107 -0.707107 0.000000 0.707107 -0.707107 0.000000 0.707107 -0.707107 0.000000 0.707107 -0.707107 -0.000000 -0.707106 -0.707107 -0.000000 -0.707106 -0.707107 -0.000000 -0.707106 -0.707107 -0.000000 -0.707106 0.000000 -1.000000 0.000000 0.000000 -1.000000 0.000000 0.000000 -1.000000 0.000000 0.000000 -1.000000 0.000000 0.707106 0.000000 0.707107 0.707106 0.000000 0.707107 0.707106 0.000000 0.707107 0.707106 0.000000 0.707107 0.000000 1.000000 0.000000 0.000000 1.000000 0.000000 0.000000 1.000000 0.000000 0.000000 1.000000 0.000000 0.000000 1.000000 -0.000000 0.000000 1.000000 -0.000000 0.000000 1.000000 -0.000000 0.000000 0.000000 1.000000 0.000000 0.000000 1.000000 0.000000 1.000000 0.000000 0.000000 1.000000 0.000000 0.000000 1.000000 0.000000 0.000000 1.000000 0.000000 0.000000 0.000000 -1.000000 0.000000 0.000000 -1.000000 0.000000 0.000000 -1.000000 0.000000 0.000000 -1.000000 0.000000 1.000000 0.000000 0.000000 1.000000 0.000000 0.000000 0.000000 -1.000000 0.000000 0.000000 -1.000000 0.000000 0.000000 1.000000 0.000000 0.000000 1.000000 0.000000 -0.000000 -1.000000 0.000000 -0.000000 -1.000000 0.000000 -0.000000 -1.000000 0.000000 -0.000000 -1.000000 0.000000 1.000000 0.000000 0.000000 1.000000 0.000000 0.000000 1.000000 0.000000 0.000000 1.000000 0.000000 0.000000 1.000000 0.000000 0.000000 1.000000 0.000000 0.000000 1.000000 0.000000 
						0.000000 1.000000 0.000000 0.000000 0.000000 1.000000 0.000000 1.000000 -0.000000 0.000000 1.000000 -0.000000 0.000000 1.000000 -0.000000 0.000000 1.000000 -0.000000 0.000000 0.000000 -1.000000 0.000000 0.000000 -1.000000 0.000000 1.000000 0.000000 0.000000 1.000000 0.000000 0.000000 0.000001 1.000000 0.000000 0.000001 1.000000 0.000000 0.000001 1.000000 0.000000 0.000001 1.000000 0.000000 -0.000001 1.000000 0.000000 -0.000001 1.000000 0.000000 0.000000 -1.000000 0.000000 0.707107 -0.707107 0.000000 0.707107 -0.707107 0.000000 0.707107 0.707107 0.000000 0.707107 0.707107 0.000000 0.707107 0.707107 0.000000 0.707107 0.707107 0.000000 1.000000 0.000000 0.000000 1.000000 0.000000 1.000000 0.000000 0.000000 1.000000 0.000000 0.000000 1.000000 0.000000 0.000000 1.000000 0.000000 0.000000 0.000000 -1.000000 0.000000 0.000000 -1.000000 0.000000 0.000000 -1.000000 0.000000 0.000000 -1.000000 0.000000 -1.000000 0.000000 0.000000 -1.000000 0.000000 0.000000 -1.000000 0.000000 0.000000 -1.000000 -0.000000 0.000000 -1.000000 -0.000000 0.000000 -1.000000 -0.000000 0.000000 -1.000000 -0.000000 0.000000 1.000000 0.000000 0.000000 1.000000 0.000000 0.000000 1.000000 0.000000 0.000000 1.000000 0.000000 0.000000 1.000000 0.000000 0.000000 1.000000 0.000000 0.000000 1.000000 0.000000 0.000000 1.000000 0.000000 0.000000 -1.000000 0.000000 0.000000 -1.000000 0.000000 0.000000 -1.000000 0.000000 0.000000 -1.000000 0.000000 0.000000 1.000000 0.000000 0.000000 1.000000 0.000000 0.000000 1.000000 0.000000 0.000000 1.000000 0.000000 0.000000 0.000000 1.000000 0.000000 0.000000 1.000000 0.000000 0.000000 1.000000 0.000000 0.000000 0.000000 1.000000 0.000000 0.000000 1.000000 0.000000 0.000000 1.000000 0.000000 0.000000 1.000000 0.000000 0.999325 0.036727 
						0.000000 0.999325 0.036727 0.000000 0.999325 0.036727 0.000000 0.999325 0.036727 0.000000 0.650709 -0.759327 0.000000 0.650709 -0.759327 0.000000 0.650709 -0.759327 0.000000 0.650709 -0.759327 0.000000 1.000000 -0.000000 0.000000 1.000000 -0.000000 0.000000 1.000000 -0.000000 0.000000 1.000000 -0.000000 0.000000 1.000000 0.000000 0.000000 1.000000 0.000000 0.000000 1.000000 0.000000 0.000000 1.000000 0.000000 0.000000 0.000000 -1.000000 0.000000 0.000000 -1.000000 0.000000 0.000000 -1.000000 0.000000 0.000000 -1.000000 0.000000 0.707107 0.707107 0.000000 0.707107 0.707107 0.000000 0.707107 0.707107 0.000000 0.707107 0.707107 0.000000 0.026787 0.999641 0.000000 0.026787 0.999641 0.000000 0.026787 0.999641 0.000000 0.026787 0.999641 1.000000 0.000000 0.000000 1.000000 0.000000 0.000000 1.000000 0.000000 0.000000 1.000000 0.000000 0.000000 -1.000000 0.000000 0.000000 -1.000000 0.000000 0.000000 -1.000000 0.000000 0.000000 -1.000000 0.000000 0.000000 -1.000000 0.000000 0.000000 -1.000000 0.000000 0.000000 -1.000000 0.000000 0.000000 -1.000000 0.000001 -0.000000 -1.000000 0.000001 -0.000000 -1.000000 0.000000 0.000000 -1.000000 0.000000 0.000000 -1.000000 0.000000 0.000000 -1.000000 0.000000 0.000000 -1.000000 0.000000 0.000000 -1.000000 0.000000 0.000000 1.000000 -0.000001 -0.000000 1.000000 -0.000001 -0.000000 1.000000 -0.000001 -0.000000 1.000000 -0.000001 -0.000000 -1.000000 0.000001 0.000000 -1.000000 0.000001 0.000000 -1.000000 0.000001 0.000000 -1.000000 0.000001 0.000000 1.000000 0.000000 0.000002 1.000000 -0.000000 0.000000 1.000000 -0.000000 0.000000 1.000000 -0.000000 0.000000 1.000000 -0.000000 0.000000 1.000000 0.000000 0.000000 0.000000 0.707107 0.707107 0.000000 0.707107 0.707107 0.000000 0.707107 0.707107 0.000000 0.707107 0.707107 
						0.000000 0.707107 0.707107 0.000000 0.707107 0.707107 0.000000 0.707107 0.707107 0.000000 0.707107 0.707107 0.000000 0.707107 0.707107 0.000000 0.707107 0.707107 1.000000 -0.000000 0.000000 1.000000 -0.000000 0.000000 1.000000 -0.000000 0.000000 1.000000 -0.000000 0.000000 0.000000 -0.707107 0.707106 0.000000 -0.707107 0.707106 0.000000 -0.707107 0.707106 0.000000 -0.707107 0.707106 0.000000 0.707107 -0.707106 0.000000 0.707107 -0.707106 0.000000 0.707107 -0.707106 0.000000 0.707107 -0.707106 
					</float_array>
					<technique_common>
						<accessor count="2706" offset="0" source="#meshId0-normals-array" stride="3">
							<param name="X" type="float" />
							<param name="Y" type="float" />
							<param name="Z" type="float" />
						</accessor>
					</technique_common>
				</source>
				<source id="meshId0-tangents" name="meshId0-tangents">
					<float_array id="meshId0-tangents-array" count="8118"> 
						1.000000 -0.000000 -0.000000 1.000000 0.000000 0.000000 1.000000 0.000000 0.000000 1.000000 0.000000 0.000000 0.707107 0.000000 0.707107 0.707107 0.000000 0.707107 0.707107 0.000000 0.707107 0.707107 0.000000 0.707107 0.000000 0.000000 -1.000000 0.000000 0.000000 -1.000000 0.000000 0.000000 -1.000000 0.000000 0.000000 -1.000000 0.707107 0.000000 0.707107 0.707107 0.000000 0.707107 0.707107 0.000000 0.707107 0.707107 0.707106 -0.000000 0.707107 0.707107 -0.000000 0.707107 0.707106 -0.000000 0.707107 0.707107 -0.000000 -0.707107 -0.000001 0.707107 -0.707107 -0.000001 0.707107 -0.707107 -0.000001 0.707107 -0.707107 -0.000001 0.707107 1.000000 0.000000 0.000000 1.000000 0.000000 -0.000000 1.000000 0.000001 -0.000001 1.000000 0.000001 -0.000001 0.707106 0.707107 -0.000000 0.707106 0.707108 -0.000000 0.707107 0.707107 0.000000 0.707106 0.707108 0.000000 -0.000000 -0.000000 -1.000000 -0.000000 -0.000000 -1.000000 -0.000000 -0.000000 -1.000000 -0.000000 -0.000000 -1.000000 -1.000000 -0.000000 0.000000 -1.000000 0.000000 -0.000000 -1.000000 -0.000000 -0.000000 -1.000000 -0.000000 0.000000 0.000000 1.000000 -0.000000 0.000000 1.000000 -0.000004 0.000000 1.000000 -0.000000 0.000000 1.000000 -0.000000 0.000000 0.000000 -1.000000 0.000000 0.000000 -1.000000 0.000000 0.000000 -1.000000 0.000000 0.000000 -1.000000 0.000001 1.000000 -0.000000 0.000002 1.000000 0.000000 0.000000 1.000000 -0.000000 0.000003 1.000000 -0.000000 0.000000 -1.000000 -0.000000 0.000002 -1.000000 0.000000 -0.000007 -1.000000 0.000000 -0.000000 -1.000000 0.000000 0.000000 0.000000 -1.000000 0.000000 0.000000 -1.000000 0.000000 0.000000 -1.000000 0.000000 0.000000 -1.000000 0.000000 -0.000000 1.000000 0.000000 0.000000 1.000000 0.000000 -0.000000 1.000000 0.000000 0.000000 1.000000 -1.000000 -0.000004 -0.000000 
						-1.000000 0.000007 -0.000000 -1.000000 0.000012 -0.000000 -1.000000 -0.000002 -0.000000 0.000000 1.000000 0.000000 0.000000 1.000000 -0.000007 -0.707107 -0.000000 0.707107 -0.707107 -0.000001 0.707107 0.000000 0.000000 -1.000000 0.000000 0.000000 -1.000000 0.707107 0.000000 0.707107 0.707107 0.000000 0.707107 0.707107 0.000000 0.707107 0.707107 0.000000 0.707107 1.000000 -0.000000 -0.000000 1.000000 -0.000001 -0.000000 -0.707105 0.707109 -0.000000 -0.707102 0.707112 -0.000000 -0.707102 0.707112 -0.000000 -0.707105 0.707109 -0.000000 0.000000 -0.000001 -1.000000 0.000000 -0.000001 -1.000000 0.000000 -0.000000 -1.000000 0.000000 -0.000001 -1.000000 -0.000000 -0.000000 1.000000 0.000000 0.000000 1.000000 0.000001 0.000001 1.000000 0.000001 0.000001 1.000000 0.000000 -0.000000 1.000000 -0.000000 0.000001 1.000000 -0.000000 0.000002 1.000000 -0.000000 0.000000 1.000000 -1.000000 -0.000000 0.000000 -1.000000 -0.000000 0.000000 -1.000000 -0.000000 0.000000 -1.000000 -0.000000 0.000000 -0.000000 -0.000000 -1.000000 -0.000000 -0.000000 -1.000000 -0.000001 -0.000001 -1.000000 -0.000001 -0.000001 -1.000000 -1.000000 -0.000000 0.000000 -1.000000 -0.000000 0.000000 -0.000012 1.000000 -0.000000 0.000006 1.000000 0.000000 0.000008 1.000000 0.000000 -0.000001 1.000000 -0.000000 -0.707105 0.707108 -0.000000 -0.707108 0.707105 -0.000000 -0.707108 0.707105 0.000000 -0.707105 0.707108 -0.000000 -1.000000 0.000001 -0.000000 -1.000000 -0.000002 -0.000000 0.707102 -0.707112 0.000000 0.707105 -0.707109 0.000000 0.707105 -0.707109 0.000000 0.707102 -0.707112 0.000000 0.000000 -1.000000 0.000000 0.000004 -1.000000 0.000000 0.000005 -1.000000 0.000000 0.000001 -1.000000 0.000000 1.000000 -0.000009 0.000000 1.000000 0.000003 -0.000000 1.000000 0.000007 -0.000000 1.000000 -0.000007 0.000000 -1.000000 0.000001 -0.000000 
						-1.000000 0.000001 0.000000 -1.000000 0.000002 0.000000 -1.000000 0.000002 0.000000 0.000000 0.000000 1.000000 0.000000 0.000000 1.000000 0.000000 -0.000000 1.000000 0.000000 -0.000000 1.000000 0.000000 -0.000000 -1.000000 -0.000000 -0.000000 -1.000000 -0.000000 -0.000000 -1.000000 -0.000000 0.000000 -1.000000 -1.000000 0.000000 0.000000 -1.000000 0.000000 0.000000 -1.000000 -0.000000 0.000000 -1.000000 0.000000 0.000000 0.000000 1.000000 0.000000 0.000000 1.000000 -0.000000 0.000000 1.000000 0.000000 0.000000 1.000000 0.000000 0.000000 0.000000 -1.000000 0.000000 0.000000 -1.000000 0.000000 0.000000 -1.000000 0.000000 0.000000 -1.000000 0.000003 0.000000 -1.000000 0.000001 0.000000 -1.000000 0.000008 0.000000 -1.000000 0.000007 -0.000000 -1.000000 0.000000 -0.707107 0.707107 0.000000 -0.707107 0.707107 0.000000 -0.707107 0.707107 0.000000 -0.707107 0.707107 -1.000000 0.000000 -0.000000 -1.000000 0.000000 -0.000000 -1.000000 0.000000 -0.000000 -1.000000 0.000000 -0.000000 -1.000000 -0.000000 0.000000 -1.000000 0.000000 -0.000000 0.000000 1.000000 0.000000 0.000000 1.000000 -0.000000 0.000000 1.000000 -0.000000 0.000000 1.000000 -0.000000 0.000000 0.000000 -1.000000 0.000000 0.000000 -1.000000 0.000000 0.000000 -1.000000 0.000000 0.000000 -1.000000 0.000000 -0.000000 -1.000000 0.000000 0.000000 -1.000000 0.000000 0.000000 -1.000000 0.000000 -0.000000 -1.000000 -0.000000 1.000000 0.000000 -0.000000 1.000000 0.000000 -0.000000 1.000000 0.000000 -0.000000 1.000000 0.000000 -0.000000 1.000000 0.000000 0.000000 1.000000 0.000000 0.000000 1.000000 0.000000 -0.000000 1.000000 0.000000 0.000000 0.000000 -1.000000 0.000000 0.000000 -1.000000 0.000000 0.000000 -1.000000 0.000000 0.000000 -1.000000 0.000001 1.000000 0.000000 0.000003 1.000000 0.000000 -0.000002 0.000000 -1.000000 
						0.000002 -0.000000 -1.000000 0.000002 0.000000 -1.000000 -0.000002 -0.000000 -1.000000 -1.000000 0.000000 -0.000000 -1.000000 0.000000 -0.000000 0.000000 0.000001 -1.000000 0.000000 0.000001 -1.000000 0.000000 0.000000 -1.000000 0.000000 0.000000 -1.000000 0.000000 -0.000000 -1.000000 0.000000 1.000000 0.000000 0.000000 1.000000 -0.000000 1.000000 0.000000 0.000000 1.000000 0.000000 0.000000 1.000000 0.000000 0.000000 1.000000 0.000000 0.000000 0.000000 0.000000 -1.000000 0.000000 0.000000 -1.000000 0.000000 1.000000 -0.000000 0.000000 1.000000 -0.000000 -1.000000 0.000000 0.000000 -1.000000 -0.000000 -0.000000 1.000000 0.000325 0.000000 1.000000 -0.000104 0.000000 1.000000 -0.000104 0.000000 1.000000 0.000326 -0.000000 0.000000 1.000000 0.000000 0.000000 1.000000 -0.000000 0.000000 1.000000 0.000000 1.000000 0.000000 0.000000 1.000000 0.000000 -0.000000 0.000000 -0.000000 -1.000000 0.000000 -0.000000 -1.000000 -0.000003 1.000000 0.000000 0.000000 1.000000 0.000000 0.000000 1.000000 0.000000 0.000000 1.000000 0.000000 0.000005 -0.000000 -1.000000 0.000000 -0.000000 -1.000000 0.000000 1.000000 -0.000000 0.000000 1.000000 -0.000000 0.707107 0.707107 0.000000 0.707107 0.707107 -0.000000 0.000000 -0.000000 1.000000 0.000000 0.000000 1.000000 0.000000 -0.000000 1.000000 0.000000 0.000000 1.000000 0.001431 -0.000000 0.999999 0.001430 -0.000000 0.999999 0.001430 -0.000000 0.999999 0.001430 -0.000000 0.999999 0.001060 0.000332 0.999999 0.001060 0.000425 0.999999 0.001060 0.000690 0.999999 0.001060 0.000597 0.999999 0.000000 0.000004 1.000000 0.000000 0.000003 1.000000 0.000000 0.000000 1.000000 0.000000 0.000001 1.000000 -1.000000 -0.000000 0.000000 -1.000000 -0.000000 0.000000 -1.000000 -0.000000 0.000000 -1.000000 -0.000000 0.000000 1.000000 0.000337 -0.000000 
						1.000000 0.000649 -0.000000 1.000000 0.000660 -0.000000 1.000000 0.000336 -0.000000 -1.000000 -0.000000 0.000000 -1.000000 -0.000000 0.000000 1.000000 0.000325 0.000000 1.000000 -0.000104 0.000000 -1.000000 0.000000 0.000000 -1.000000 0.000001 -0.000000 -1.000000 -0.000000 0.000000 -1.000000 0.000002 -0.000000 -0.707096 0.707117 -0.000000 -0.707102 0.707112 -0.000000 -0.707097 0.707117 -0.000000 -1.000000 -0.000000 0.000000 0.000008 1.000000 0.000000 -0.000000 1.000000 0.000000 0.000002 -1.000000 0.000000 0.000005 -1.000000 0.000000 0.000000 1.000000 -0.000000 0.707107 0.707107 -0.000000 0.707106 0.707108 0.000000 0.000000 -0.000000 -1.000000 0.000000 -0.000000 -1.000000 0.000000 -0.000000 -1.000000 0.000001 0.000000 -1.000000 0.000001 -0.000000 -1.000000 0.000000 -0.000000 -1.000000 0.000000 0.000000 -1.000000 -0.000000 -0.000000 -1.000000 -0.000000 -0.000000 -1.000000 -0.000000 0.000002 -1.000000 -0.000000 0.000001 -1.000000 0.000000 0.000005 -1.000000 0.000000 0.000000 -1.000000 0.000000 0.000000 -1.000000 0.000000 -0.000002 -1.000000 0.000000 -0.000000 -1.000000 -0.000000 -1.000000 -0.000000 -0.000000 -1.000000 -0.000000 -0.000000 -1.000000 -0.000000 -0.000000 -1.000000 -0.000000 -1.000000 -0.000000 0.000000 -1.000000 -0.000000 0.000000 -1.000000 -0.000000 0.000000 -1.000000 -0.000000 0.000000 1.000000 0.000000 0.000000 1.000000 0.000000 0.000000 1.000000 0.000000 0.000000 1.000000 0.000000 0.000000 0.923850 0.007977 0.382672 0.923870 -0.004393 0.382681 0.707083 -0.008182 0.707083 0.707099 0.004651 0.707099 0.382640 -0.014993 0.923776 0.382682 0.001399 0.923879 0.999936 0.011336 0.000001 0.999994 -0.003451 0.000001 -0.000000 -0.002210 0.999997 0.000000 -0.001662 0.999999 -0.382681 0.002895 0.923876 -0.382681 -0.003218 0.923875 -0.707094 -0.006135 0.707093 -0.707094 -0.005973 0.707094 
						-0.923876 -0.002780 0.382683 -0.923850 -0.007906 0.382672 -0.999988 -0.004860 0.000001 -0.999946 -0.010347 0.000001 -0.923857 -0.007005 -0.382675 -0.923801 -0.013017 -0.382652 -0.706986 -0.018435 -0.706987 -0.707016 -0.015997 -0.707017 -0.382254 -0.047314 -0.922845 -0.382609 -0.019584 -0.923703 -0.000000 -0.067761 -0.997702 0.000000 -0.023154 -0.999732 0.000000 0.021322 -0.999773 -0.000000 0.058929 -0.998262 0.382164 0.052050 -0.922627 0.382591 0.021911 -0.923658 0.706954 0.020785 -0.706954 0.706973 0.019450 -0.706973 0.923874 -0.003520 -0.382682 0.923778 0.014835 -0.382642 0.707082 -0.008446 -0.707081 0.707064 0.011043 -0.707063 0.923811 -0.012252 -0.382653 0.923814 0.011942 -0.382655 0.382423 -0.036766 -0.923256 0.382382 0.039585 -0.923156 -0.000000 -0.044029 -0.999030 -0.000000 0.043807 -0.999040 -0.382622 0.017797 -0.923734 -0.382291 -0.045236 -0.922934 -0.000000 -0.053241 -0.998582 -0.000000 0.028733 -0.999587 -0.707076 -0.009250 -0.707077 -0.707021 -0.015525 -0.707022 -0.923651 -0.022252 -0.382589 -0.923857 0.006996 -0.382674 -0.999813 -0.019359 -0.000000 -0.999984 0.005687 0.000000 -0.923693 -0.020114 0.382606 -0.923869 0.004827 0.382679 -0.707076 -0.009246 0.707077 -0.707093 0.006282 0.707093 -0.382654 -0.012283 0.923810 -0.382659 0.011208 0.923822 -0.000000 -0.009713 0.999953 -0.000000 -0.008047 0.999968 0.382658 0.011180 0.923822 0.382682 0.000145 0.923880 0.707091 0.006567 0.707092 0.707100 0.004343 0.707100 0.923861 0.006405 0.382675 0.923790 -0.013982 0.382645 0.999930 -0.011849 -0.000000 0.999960 0.008926 0.000000 0.923159 -0.003072 -0.384406 0.999994 -0.002851 -0.001733 0.999968 -0.006778 -0.004119 0.922203 -0.007070 -0.386640 0.710388 0.007703 -0.703768 0.711507 0.010359 -0.702603 0.389097 0.011488 -0.921125 0.396157 0.024274 -0.917862 0.053362 0.087811 -0.994707 0.063332 0.104216 -0.992536 
						-0.388209 -0.009891 -0.921518 -0.069910 -0.115041 -0.990898 -0.080345 -0.132213 -0.987960 -0.397128 -0.026047 -0.917393 -0.706305 0.001866 -0.707905 -0.708862 -0.004101 -0.705335 -0.923478 0.001720 -0.383648 -0.922908 0.004131 -0.384999 -0.999999 0.001234 -0.000750 -0.999993 0.003246 -0.001973 -0.924180 0.001299 0.381955 -0.924573 0.003007 0.380993 -0.707959 0.001987 0.706251 -0.708894 0.004179 0.705302 -0.384585 0.003395 0.923083 -0.386584 0.006972 0.922228 0.004143 -0.006817 0.999968 0.005285 -0.008697 0.999948 0.379208 0.006171 0.925291 0.379778 0.005162 0.925063 0.708831 -0.004032 0.705367 0.708032 -0.002160 0.706177 0.924557 -0.002939 0.381032 0.925636 -0.007716 0.378336 0.999978 0.005663 -0.003442 0.924832 0.004138 0.380354 0.924438 0.002416 0.381324 0.999990 0.003753 -0.002281 1.000000 0.000586 0.000356 0.923964 -0.000364 0.382478 0.924420 -0.002335 0.381369 0.999998 -0.001663 -0.001011 0.708908 0.004212 0.705289 0.707907 0.001868 0.706303 0.707869 -0.001779 0.706342 0.709043 -0.004531 0.705150 0.386219 0.006317 0.922386 0.384084 0.002501 0.923295 0.384685 -0.003575 0.923041 0.387411 -0.008456 0.921868 -0.006214 -0.010225 0.999928 -0.004249 -0.006993 0.999967 0.001356 -0.002230 0.999997 0.002153 -0.003542 0.999991 -0.383973 -0.002301 0.923342 -0.384745 -0.003681 0.923015 -0.374955 -0.013676 0.926942 -0.379411 -0.005811 0.925210 -0.715133 -0.019088 0.698728 -0.717159 -0.024044 0.696494 -0.703516 -0.008279 0.710632 -0.705588 -0.003520 0.708614 -0.926221 -0.010360 0.376838 -0.924836 -0.004161 0.380343 -0.923154 -0.003095 0.384419 -0.923151 -0.003106 0.384424 -0.999884 -0.013014 -0.007906 -0.999933 -0.009889 -0.006007 -0.999970 -0.006601 0.004013 -0.999983 -0.004916 0.002989 -0.920209 -0.015159 -0.391133 -0.921378 -0.010462 -0.388526 -0.924867 -0.004295 -0.380266 -0.924864 -0.004284 -0.380273 
						-0.705786 -0.003064 -0.708419 -0.703574 -0.008146 -0.710575 -0.716545 -0.022536 -0.697177 -0.715257 -0.019391 -0.698592 -0.383861 0.002102 -0.923389 -0.374684 -0.014152 -0.927045 -0.392771 -0.018123 -0.919458 -0.396886 -0.025604 -0.917511 -0.057558 0.094717 -0.993839 -0.048673 0.080096 -0.995598 -0.075854 -0.124822 -0.989275 -0.087348 -0.143736 -0.985754 0.075672 -0.124524 -0.989327 0.393090 -0.018700 -0.919310 0.383921 -0.002210 -0.923363 0.064777 -0.106595 -0.992190 0.059624 0.098115 -0.993387 0.393733 0.019869 -0.919010 0.401229 0.033561 -0.915363 0.069888 0.115005 -0.990903 0.706780 0.000761 -0.707433 0.704216 0.006679 -0.709955 0.712896 0.013683 -0.701137 0.714492 0.017533 -0.699424 0.922042 0.007740 -0.387012 0.922592 0.005458 -0.385738 0.924241 0.001559 -0.381806 0.923583 -0.001270 -0.383395 -0.707107 -0.000001 0.707106 -0.707107 -0.000000 0.707107 -0.707107 -0.000000 0.707107 -0.707107 -0.000001 0.707106 -0.707107 -0.000001 0.707106 -0.707107 0.000000 0.707107 -0.707107 0.000000 0.707107 -0.707107 0.000001 0.707107 -0.707107 0.000000 0.707107 -0.707107 0.000000 0.707107 -0.707107 -0.000001 0.707107 -0.707107 -0.000000 0.707107 0.408248 -0.408249 -0.816497 0.408248 -0.408249 -0.816497 0.408248 -0.408249 -0.816497 0.577351 -0.577350 0.577350 0.577351 -0.577350 0.577350 0.577350 -0.577350 0.577351 0.577350 -0.577350 0.577351 0.577350 -0.577350 0.577351 0.577350 -0.577350 0.577351 0.577350 -0.577351 0.577350 0.577350 -0.577351 0.577350 0.577350 -0.577351 0.577350 0.577350 -0.577351 0.577350 0.577351 -0.577350 0.577350 0.577351 -0.577350 0.577350 0.000000 1.000000 -0.000000 0.000000 1.000000 -0.000000 0.000000 1.000000 -0.000000 0.000000 1.000000 -0.000000 0.707106 -0.000000 0.707107 0.707106 -0.000000 0.707107 0.707106 -0.000000 0.707107 0.707106 -0.000000 0.707107 0.707102 -0.000000 0.707112 
						0.707102 -0.000000 0.707111 0.707107 -0.000000 0.707107 0.707106 -0.000000 0.707107 0.707107 -0.000000 0.707106 0.707107 -0.000001 0.707106 0.707107 -0.000007 0.707106 0.707107 -0.000006 0.707106 0.707107 0.000000 0.707107 0.707107 0.000000 0.707107 0.707107 0.000000 0.707107 0.707107 0.000000 0.707107 -0.000004 -0.000000 -1.000000 -0.000004 -0.000000 -1.000000 -0.000004 -0.000000 -1.000000 0.000013 -1.000000 -0.000000 0.000000 -1.000000 -0.000000 0.000000 -0.000000 1.000000 0.000000 0.000000 1.000000 0.000000 -0.000000 1.000000 0.000000 0.000000 1.000000 0.000002 1.000000 0.000000 0.000001 1.000000 0.000000 0.000000 1.000000 0.000000 0.000008 1.000000 -0.000000 -0.000001 0.000000 -1.000000 -0.000001 0.000000 -1.000000 1.000000 0.000001 0.000000 1.000000 0.000000 0.000000 0.000000 -1.000000 -0.000000 0.000000 -1.000000 0.000000 -0.000004 1.000000 -0.000000 -0.000001 1.000000 -0.000000 0.000000 1.000000 -0.000000 -0.000004 1.000000 -0.000000 0.000000 0.000000 -1.000000 0.000000 -0.000000 -1.000000 0.000000 0.000000 -1.000000 0.000000 -0.000000 -1.000000 0.000001 0.000000 -1.000000 0.000003 -0.000000 -1.000000 0.000003 0.000000 -1.000000 0.000002 0.000000 -1.000000 0.000028 -1.000000 0.000000 0.000000 -0.000000 -1.000000 0.000000 -0.000000 -1.000000 0.000000 -0.000000 -1.000000 0.000000 -0.000000 -1.000000 -0.000003 1.000000 0.000000 -0.000000 1.000000 0.000000 1.000000 0.000000 0.000000 0.000000 0.000000 -1.000000 0.000000 0.000000 -1.000000 -1.000000 -0.000000 0.000000 -1.000000 -0.000000 0.000000 -1.000000 -0.000000 0.000000 -1.000000 -0.000000 0.000000 -1.000000 -0.000000 0.000000 -1.000000 -0.000000 0.000000 -1.000000 -0.000000 0.000000 -1.000000 -0.000000 0.000000 1.000000 0.000000 0.000000 1.000000 0.000000 0.000000 1.000000 -0.000001 0.000001 -0.866026 0.353553 0.353553 
						-0.866026 0.353553 0.353553 -0.866026 0.353552 0.353552 -0.866026 0.353552 0.353552 0.000000 0.000000 -1.000000 0.000000 0.000000 -1.000000 -0.000000 0.577335 -0.816507 -0.000000 0.577347 -0.816499 -0.000000 0.577356 -0.816493 -0.000000 0.577350 -0.816497 -0.001791 -0.000000 0.999998 -0.001791 -0.000000 0.999998 -0.001791 -0.000000 0.999998 -0.001791 -0.000000 0.999998 0.000000 0.000000 -1.000000 0.000000 0.000000 -1.000000 0.000000 0.000000 -1.000000 0.000000 -1.000000 0.000000 0.000000 -1.000000 0.000000 0.000000 -0.999801 -0.019941 0.000000 -0.999756 -0.022100 0.000000 -0.999744 -0.022640 0.000000 -0.999786 -0.020705 1.000000 0.000000 -0.000000 1.000000 0.000000 0.000000 1.000000 0.000000 0.000000 -0.000000 -1.000000 -0.000000 -0.000000 -1.000000 0.000000 0.000000 -1.000000 -0.000000 0.000000 -0.004695 -0.999989 0.000000 -0.002985 -0.999996 0.000000 -0.002807 -0.999996 0.000000 -0.004447 -0.999990 0.000000 -0.999924 -0.012339 0.000000 -0.999945 -0.010492 0.000000 -0.999964 -0.008476 0.000000 -0.999947 -0.010324 1.000000 0.000000 0.000000 1.000000 0.000000 -0.000000 1.000000 0.000000 -0.000000 0.000000 -0.999948 -0.010227 0.000000 -0.999971 -0.007599 0.000000 -0.999989 -0.004733 0.000000 -0.999973 -0.007361 0.000000 -0.000000 -1.000000 0.000000 0.000000 -1.000000 0.000000 -0.000000 -1.000000 0.000000 -0.000000 -1.000000 0.000000 -0.000000 -1.000000 0.000000 0.000000 -1.000000 0.000000 0.000000 -1.000000 0.000000 0.000000 -1.000000 0.004750 -0.999989 0.000000 -0.005566 -0.999985 0.000000 -0.008504 -0.999964 0.000000 0.001812 -0.999998 0.000000 0.006868 -0.036726 -0.999302 0.000649 -0.036727 -0.999325 -0.007536 -0.036726 -0.999297 -0.001318 -0.036727 -0.999325 0.000000 0.759327 -0.650709 0.000000 0.759327 -0.650709 0.000000 0.759327 -0.650709 0.000000 0.759327 -0.650709 0.000000 -0.000000 -1.000000 
						0.000000 -0.000000 -1.000000 0.000000 -0.000000 -1.000000 0.000000 -0.000000 -1.000000 -0.002950 0.000000 -0.999996 0.001225 0.000000 -0.999999 0.002841 0.000000 -0.999996 -0.001333 0.000000 -0.999999 0.000000 1.000000 0.000000 0.000000 1.000000 0.000000 0.000000 1.000000 0.000000 0.000000 1.000000 0.000000 -0.000448 -0.707107 -0.707107 -0.000448 -0.707107 -0.707107 -0.000448 -0.707107 -0.707107 -0.000448 -0.707107 -0.707107 -0.004162 -0.999632 -0.026786 -0.000496 -0.999641 -0.026787 0.003663 -0.999634 -0.026786 -0.000002 -0.999641 -0.026787 -0.000000 -0.024254 -0.999706 -0.000000 -0.027829 -0.999613 -0.000000 -0.029132 -0.999575 -0.000000 -0.026086 -0.999660 0.000000 0.577355 -0.816493 0.000000 0.577355 -0.816493 0.000000 0.577355 -0.816493 0.000000 -0.004292 -0.999991 0.000000 -0.003125 -0.999995 0.000000 -0.002974 -0.999996 0.000000 -0.004044 -0.999992 -0.000000 -0.000000 -1.000000 -0.000000 -0.000000 -1.000000 0.000000 0.577355 -0.816493 0.000000 0.577355 -0.816493 0.000000 -0.707424 -0.706789 0.000000 -0.707423 -0.706790 0.000000 -0.707423 -0.706790 0.000000 -0.707424 -0.706789 -0.000000 -0.706790 -0.707424 -0.000000 -0.706790 -0.707424 -0.000000 -0.706790 -0.707424 -0.000000 -0.706790 -0.707423 -0.000000 -0.024158 -0.999708 -0.000000 -0.028383 -0.999597 -0.000000 -0.029964 -0.999551 -0.000000 -0.026043 -0.999661 -0.000001 0.577372 -0.816481 -0.000001 0.577372 -0.816481 -0.000001 0.577372 -0.816481 -0.000000 -0.999775 -0.021208 -0.000000 -0.999741 -0.022746 -0.000000 -0.999733 -0.023123 -0.000000 -0.999766 -0.021654 0.000000 0.000000 -1.000000 -1.000000 -0.000000 0.000000 -1.000000 0.000001 0.000001 -1.000000 0.000001 0.000001 -1.000000 0.000000 0.000000 -1.000000 0.000001 0.000001 -1.000000 0.000002 0.000002 -1.000000 -0.000001 -0.000001 -1.000000 -0.000001 -0.000001 -1.000000 -0.000000 0.000000 -1.000000 -0.000000 0.000000 
						-1.000000 -0.000000 0.000000 -1.000000 -0.000000 0.000000 -0.000000 -0.707107 0.707107 -0.000000 -0.707107 0.707107 -0.000000 -0.707107 0.707107 -0.000000 -0.707107 0.707107 0.000000 -0.707106 0.707107 0.000000 -0.707106 0.707107 0.000000 -0.707106 0.707107 0.000000 -0.707106 0.707107 0.000000 -0.707107 0.707107 0.000000 -0.707107 0.707107 0.000000 -0.707107 0.707107 0.000000 -0.707107 0.707107 1.000000 0.000001 0.000000 1.000000 0.000000 0.000000 1.000000 0.000000 0.000000 1.000000 0.000000 0.000000 0.707107 0.000001 -0.707107 0.707107 0.000000 -0.707107 0.707107 0.000000 -0.707107 0.707107 0.000000 -0.707107 0.000000 0.000001 1.000000 0.000000 0.000001 1.000000 0.000000 -0.000000 1.000000 0.000000 -0.000000 1.000000 0.707107 0.000000 -0.707107 0.707107 0.000000 -0.707107 0.707107 0.000000 -0.707107 0.000000 -0.000000 1.000000 0.000000 -0.000000 1.000000 0.000000 -0.000000 1.000000 0.000000 -0.000000 1.000000 -0.707107 -0.000001 -0.707107 -0.707107 -0.000002 -0.707107 -0.707107 -0.000002 -0.707107 -0.707107 -0.000001 -0.707107 1.000000 0.000000 0.000000 1.000000 0.000000 0.000000 1.000000 0.000000 0.000000 1.000000 0.000000 0.000000 0.707107 0.707106 0.000000 0.707107 0.707106 0.000000 0.707111 0.707103 0.000000 0.707111 0.707103 0.000000 -0.000001 0.000001 1.000000 -0.000001 0.000001 1.000000 -0.000001 0.000001 1.000000 -0.000001 0.000001 1.000000 -1.000000 -0.000000 0.000000 -1.000000 -0.000000 0.000000 -1.000000 -0.000000 0.000000 -1.000000 -0.000000 0.000000 0.000000 0.000001 1.000000 0.000000 -0.000001 1.000000 0.000000 -0.000002 1.000000 0.000000 -0.000003 1.000000 -0.000000 0.000000 -1.000000 -0.000000 0.000000 -1.000000 -0.000000 0.000000 -1.000000 -0.000000 0.000000 -1.000000 1.000000 0.000003 0.000000 1.000000 -0.000006 0.000000 1.000000 -0.000001 0.000000 
						1.000000 -0.000000 0.000000 0.000010 -1.000000 0.000000 0.000013 -1.000000 0.000000 -0.000006 -1.000000 0.000000 -0.000002 -1.000000 0.000000 0.000000 0.000007 -1.000000 0.000000 0.000002 -1.000000 0.000000 0.000000 -1.000000 0.000000 0.000006 -1.000000 0.000000 -0.000000 1.000000 0.000000 0.000000 1.000000 0.000000 -0.000000 1.000000 0.000000 0.000000 1.000000 1.000000 -0.000013 -0.000000 1.000000 -0.000012 -0.000000 1.000000 0.000001 -0.000000 1.000000 -0.000004 -0.000000 0.000000 0.000001 1.000000 0.000000 -0.000002 1.000000 -0.707107 -0.000001 -0.707107 -0.707107 -0.000001 -0.707107 0.000000 0.000003 1.000000 0.000000 0.000003 1.000000 0.707107 0.000000 -0.707107 0.707107 0.000000 -0.707107 0.707107 -0.000000 -0.707107 0.707107 0.000000 -0.707107 1.000000 0.000000 0.000000 1.000000 -0.000001 -0.000000 0.707104 0.707109 -0.000000 0.707105 0.707109 -0.000000 0.707105 0.707108 -0.000000 0.707105 0.707108 -0.000000 -0.000000 -0.000003 -1.000000 -0.000000 -0.000002 -1.000000 -0.000000 -0.000002 -1.000000 -0.000000 -0.000002 -1.000000 0.000000 -0.000000 1.000000 0.000000 -0.000000 1.000000 0.000000 -0.000000 1.000000 0.000000 -0.000000 1.000000 -0.000000 -0.000000 1.000000 -0.000000 -0.000000 1.000000 -0.000000 -0.000000 1.000000 -0.000000 -0.000000 1.000000 1.000000 -0.000003 0.000000 1.000000 -0.000003 0.000000 1.000000 0.000003 0.000000 1.000000 0.000003 -0.000000 0.000000 -0.000000 -1.000000 0.000000 -0.000000 -1.000000 0.000000 -0.000000 -1.000000 0.000000 -0.000000 -1.000000 -1.000000 -0.000000 0.000000 -1.000000 -0.000000 0.000000 -1.000000 -0.000000 0.000000 -1.000000 -0.000000 0.000000 -1.000000 -0.000000 0.000000 -1.000000 -0.000000 0.000000 -0.707108 -0.707105 -0.000000 -0.707108 -0.707105 -0.000000 -0.707104 -0.707109 -0.000000 -0.707105 -0.707109 -0.000000 -1.000000 -0.000012 -0.000000 
						-1.000000 -0.000010 -0.000000 -0.707106 -0.707108 -0.000000 -0.707106 -0.707108 -0.000000 -0.707105 -0.707108 -0.000000 -0.707105 -0.707108 -0.000000 -0.000012 -1.000000 0.000000 -0.000009 -1.000000 0.000000 0.000006 -1.000000 0.000000 0.000002 -1.000000 0.000000 -1.000000 -0.000011 -0.000000 -1.000000 -0.000011 -0.000000 -1.000000 -0.000004 -0.000000 -1.000000 -0.000006 -0.000000 -1.000000 0.000001 0.000000 -1.000000 0.000000 0.000000 0.000000 0.000000 1.000000 0.000000 0.000000 1.000000 0.000000 -0.000000 -1.000000 -0.000000 -0.000000 -1.000000 -1.000000 -0.000000 0.000000 -1.000000 -0.000000 0.000000 0.000001 1.000000 0.000000 0.000000 1.000000 0.000000 0.000000 0.000000 -1.000000 0.000000 0.000000 -1.000000 0.000003 0.000000 -1.000000 0.000006 0.000000 -1.000000 -0.000000 -0.707107 0.707107 -0.000000 -0.707107 0.707107 -0.000000 -0.707107 0.707107 -0.000000 -0.707107 0.707107 -1.000000 -0.000000 0.000000 -1.000000 0.000000 -0.000000 -1.000000 -0.000000 0.000000 0.000000 0.000000 -1.000000 0.000000 0.000000 -1.000000 0.000000 0.000000 -1.000000 0.000000 0.000000 -1.000000 0.000000 -0.000000 1.000000 0.000000 -0.000000 1.000000 0.000000 0.000000 1.000000 0.000000 0.000000 1.000000 0.000000 -1.000000 -0.000000 0.000000 -1.000000 -0.000000 0.000000 -1.000000 -0.000000 0.000000 -1.000000 -0.000000 1.000000 -0.000009 0.000001 1.000000 -0.000009 0.000001 1.000000 -0.000009 0.000001 1.000000 -0.000009 0.000001 -1.000000 0.000003 -0.000000 -1.000000 0.000003 -0.000000 -1.000000 0.000010 -0.000000 -1.000000 0.000010 -0.000000 0.000007 0.000000 -1.000000 0.000005 0.000000 -1.000000 0.000000 0.000000 -1.000000 0.000002 0.000000 -1.000000 1.000000 0.000000 0.000000 1.000000 0.000000 0.000000 -0.000003 0.000000 -1.000000 -0.000003 -0.000000 -1.000000 -0.000002 0.000000 -1.000000 -0.000002 -0.000000 -1.000000 
						-1.000000 0.000000 -0.000001 0.000000 0.000000 1.000000 0.000000 0.000001 1.000000 0.000000 -0.000000 1.000000 0.000000 -0.000000 1.000000 0.000000 0.000001 1.000000 1.000000 0.000000 -0.000000 1.000000 -0.000000 -0.000000 -1.000000 -0.000000 0.000000 -1.000000 -0.000000 0.000000 -1.000000 -0.000000 0.000000 -1.000000 -0.000000 0.000000 0.000000 -0.000000 1.000000 0.000000 -0.000000 1.000000 -0.000000 0.000000 -1.000000 -0.000000 0.000000 -1.000000 -1.000000 -0.000000 0.000000 -1.000000 -0.000326 0.000000 -1.000000 -0.000338 0.000000 -1.000000 -0.000780 0.000000 -1.000000 -0.000773 0.000000 1.000000 0.000000 0.000000 1.000000 0.000000 0.000000 1.000000 0.000000 0.000000 1.000000 0.000000 -0.000000 1.000000 -0.000000 -0.000000 0.000000 0.000000 1.000000 0.000000 0.000001 1.000000 1.000000 -0.000002 0.000000 0.000000 -0.000000 1.000000 0.000000 -0.000000 1.000000 0.000000 -0.000000 1.000000 0.000000 -0.000000 -1.000000 0.000000 0.000003 1.000000 0.000000 0.000002 1.000000 -0.000000 0.000000 1.000000 0.000001 -0.000001 1.000000 0.000000 -0.000000 1.000000 0.000000 0.000000 1.000000 0.000001 -0.000000 1.000000 0.000001 0.000000 1.000000 -0.002085 -0.000000 0.999998 -0.002085 0.000000 0.999998 -0.002086 -0.000000 0.999998 -0.002085 0.000000 0.999998 -0.001059 -0.000333 0.999999 -0.001059 -0.000061 0.999999 -0.001059 0.000034 0.999999 -0.001059 -0.000238 0.999999 0.000000 -0.000003 1.000000 0.000000 0.000000 1.000000 0.000000 0.000001 1.000000 0.000000 -0.000002 1.000000 1.000000 -0.000003 0.000000 1.000000 -0.000003 0.000000 1.000000 0.000000 0.000000 1.000000 -0.000000 0.000000 -1.000000 -0.000337 0.000000 -1.000000 -0.000336 0.000000 -1.000000 -0.000000 0.000000 -1.000000 -0.000011 0.000000 1.000000 0.000000 0.000000 1.000000 -0.000002 0.000000 -1.000000 -0.000765 0.000000 
						-1.000000 -0.000312 0.000000 -1.000000 0.000001 -0.000000 -1.000000 -0.000000 -0.000000 -1.000000 -0.000001 -0.000000 -0.707100 -0.707113 0.000000 -0.707101 -0.707113 0.000000 -0.707108 -0.707106 0.000000 -1.000000 -0.000000 0.000000 1.000000 0.000001 -0.000000 1.000000 0.000000 0.000000 0.000000 -1.000000 0.000000 -0.000001 -1.000000 0.000000 1.000000 0.000010 -0.000000 0.707107 0.707107 0.000000 0.707096 0.707117 0.000000 0.707097 0.707117 0.000000 0.000000 -1.000000 -0.000000 0.000000 -1.000000 -0.000000 0.000000 -1.000000 -0.000000 -0.000003 0.000000 -1.000000 -0.000003 -0.000000 -1.000000 0.000000 -1.000000 -0.000000 0.000000 0.000000 -1.000000 0.000000 -0.000000 -1.000000 0.000001 -0.000001 -1.000000 -0.000000 -0.000003 -1.000000 -0.000000 -0.000002 -1.000000 0.000000 -1.000000 -0.000000 0.000000 -1.000000 0.000000 0.000000 -1.000000 0.000000 -0.000000 -1.000000 -0.000001 0.000000 -1.000000 -0.000000 0.000000 -0.000000 1.000000 -0.000000 0.000000 1.000000 -0.000000 0.000000 1.000000 -0.000000 0.000000 1.000000 1.000000 0.000000 0.000000 1.000000 0.000000 0.000000 1.000000 0.000000 0.000000 1.000000 0.000000 0.000000 -1.000000 -0.000000 0.000000 -1.000000 -0.000000 0.000000 -1.000000 -0.000000 0.000000 -1.000000 -0.000000 0.000000 -0.923850 0.007913 0.382672 -0.707099 0.004623 0.707099 -0.707083 -0.008209 0.707083 -0.923870 -0.004394 0.382681 -0.382682 0.001360 0.923879 -0.382639 -0.015040 0.923775 -0.999937 0.011269 0.000001 -0.999994 -0.003481 0.000001 -0.000000 -0.001671 0.999999 0.000000 -0.002237 0.999997 0.382681 -0.003229 0.923875 0.382681 0.002875 0.923876 0.707094 -0.006038 0.707094 0.707094 -0.006146 0.707093 0.923850 -0.007960 0.382672 0.923876 -0.002799 0.382683 0.999946 -0.010385 0.000001 0.999988 -0.004915 0.000001 0.923801 -0.013055 -0.382652 0.923856 -0.007025 -0.382675 
						0.707016 -0.016042 -0.707016 0.706986 -0.018453 -0.706987 0.382609 -0.019631 -0.923702 0.382253 -0.047352 -0.922843 -0.000000 -0.023190 -0.999731 0.000000 -0.067761 -0.997702 -0.000000 0.021303 -0.999773 -0.382591 0.021901 -0.923658 -0.382164 0.052039 -0.922628 0.000000 0.058908 -0.998263 -0.706973 0.019420 -0.706974 -0.706954 0.020774 -0.706954 -0.923778 0.014788 -0.382642 -0.923873 -0.003558 -0.382682 -0.707082 -0.008455 -0.707081 -0.923814 0.011923 -0.382655 -0.923811 -0.012242 -0.382654 -0.707064 0.011061 -0.707063 -0.382423 -0.036775 -0.923255 -0.382382 0.039573 -0.923156 0.000000 -0.044028 -0.999030 0.000000 0.043786 -0.999041 0.382622 0.017757 -0.923734 0.000000 0.028639 -0.999590 0.000000 -0.053241 -0.998582 0.382291 -0.045238 -0.922934 0.707076 -0.009240 -0.707077 0.707021 -0.015534 -0.707022 0.923650 -0.022270 -0.382589 0.923857 0.006986 -0.382674 0.999812 -0.019407 -0.000000 0.999984 0.005666 0.000000 0.923692 -0.020133 0.382606 0.923869 0.004807 0.382679 0.707076 -0.009253 0.707077 0.707093 0.006313 0.707093 0.382654 -0.012323 0.923810 0.382658 0.011215 0.923822 0.000000 -0.009741 0.999952 0.000000 -0.008048 0.999968 -0.382658 0.011151 0.923823 -0.382682 0.000163 0.923880 -0.707091 0.006566 0.707092 -0.707100 0.004342 0.707100 -0.923861 0.006398 0.382675 -0.923790 -0.013961 0.382645 -0.999961 0.008878 0.000000 -0.999930 -0.011841 -0.000000 -0.923164 -0.003050 -0.384393 -0.922206 -0.007059 -0.386634 -0.999968 -0.006779 -0.004120 -0.999994 -0.002856 -0.001736 -0.710403 0.007736 -0.703753 -0.711517 0.010385 -0.702592 -0.389095 0.011483 -0.921126 -0.396152 0.024266 -0.917864 -0.053362 0.087811 -0.994707 -0.063327 0.104209 -0.992537 0.388211 -0.009894 -0.921517 0.397129 -0.026048 -0.917393 0.080345 -0.132214 -0.987960 0.069910 -0.115042 -0.990898 0.706309 0.001856 -0.707901 0.708867 -0.004113 -0.705330 
						0.923476 0.001728 -0.383653 0.922907 0.004133 -0.385000 0.999999 0.001225 -0.000745 0.999993 0.003231 -0.001964 0.924180 0.001299 0.381955 0.924572 0.003001 0.380997 0.707965 0.002001 0.706245 0.708904 0.004202 0.705292 0.384580 0.003385 0.923085 0.386581 0.006967 0.922229 -0.004137 -0.006807 0.999968 -0.005279 -0.008688 0.999948 -0.379204 0.006178 0.925292 -0.379774 0.005169 0.925065 -0.708825 -0.004018 0.705373 -0.708028 -0.002150 0.706181 -0.924557 -0.002938 0.381032 -0.925634 -0.007705 0.378342 -0.999978 0.005634 -0.003424 -0.999990 0.003732 -0.002269 -0.924435 0.002404 0.381331 -0.924831 0.004133 0.380356 -1.000000 0.000555 0.000337 -0.999998 -0.001695 -0.001030 -0.924421 -0.002340 0.381367 -0.923968 -0.000380 0.382470 -0.707895 0.001840 0.706316 -0.708902 0.004199 0.705295 -0.709054 -0.004556 0.705140 -0.707881 -0.001809 0.706329 -0.384066 0.002470 0.923302 -0.386202 0.006288 0.922393 -0.387427 -0.008485 0.921861 -0.384698 -0.003599 0.923035 0.004259 -0.007008 0.999966 0.006225 -0.010243 0.999928 -0.002171 -0.003572 0.999991 -0.001372 -0.002258 0.999997 0.384760 -0.003707 0.923009 0.383990 -0.002332 0.923334 0.379405 -0.005822 0.925213 0.374948 -0.013687 0.926945 0.717158 -0.024041 0.696496 0.715132 -0.019085 0.698729 0.705583 -0.003532 0.708619 0.703510 -0.008292 0.710637 0.924844 -0.004194 0.380324 0.926227 -0.010384 0.376824 0.923146 -0.003127 0.384436 0.923147 -0.003124 0.384435 0.999933 -0.009924 -0.006028 0.999883 -0.013053 -0.007930 0.999983 -0.004944 0.003006 0.999970 -0.006620 0.004025 0.921376 -0.010470 -0.388531 0.920208 -0.015165 -0.391136 0.924873 -0.004322 -0.380252 0.924877 -0.004340 -0.380241 0.703563 -0.008170 -0.710586 0.705783 -0.003070 -0.708422 0.715258 -0.019393 -0.698592 0.716548 -0.022545 -0.697173 0.374659 -0.014196 -0.927054 0.383838 0.002061 -0.923398 
						0.396910 -0.025647 -0.917499 0.392797 -0.018169 -0.919446 0.048639 0.080040 -0.995604 0.057519 0.094652 -0.993847 0.087346 -0.143733 -0.985754 0.075864 -0.124840 -0.989272 -0.075671 -0.124522 -0.989327 -0.064780 -0.106601 -0.992189 -0.383933 -0.002230 -0.923358 -0.393096 -0.018712 -0.919307 -0.059612 0.098095 -0.993390 -0.069877 0.114986 -0.990906 -0.401218 0.033542 -0.915368 -0.393718 0.019842 -0.919017 -0.704222 0.006665 -0.709949 -0.706786 0.000749 -0.707428 -0.714492 0.017532 -0.699424 -0.712896 0.013683 -0.701136 -0.922593 0.005457 -0.385737 -0.922044 0.007730 -0.387007 -0.923579 -0.001287 -0.383405 -0.924241 0.001557 -0.381807 -0.707106 -0.000001 -0.707108 -0.707106 -0.000001 -0.707107 -0.707106 -0.000002 -0.707108 -0.707106 -0.000002 -0.707108 -0.707107 -0.000000 -0.707107 -0.707107 -0.000001 -0.707107 -0.707107 0.000000 -0.707107 -0.707107 -0.000000 -0.707107 -0.707107 -0.000003 -0.707107 -0.707107 -0.000000 -0.707107 -0.707107 -0.000001 -0.707107 -0.707107 -0.000001 -0.707107 -0.408248 -0.408248 -0.816497 -0.408248 -0.408248 -0.816497 -0.408248 -0.408248 -0.816497 -0.577351 -0.577350 0.577350 -0.577350 -0.577350 0.577351 -0.577350 -0.577350 0.577351 -0.577351 -0.577350 0.577350 -0.577350 -0.577345 0.577356 -0.577350 -0.577350 0.577350 -0.577350 -0.577351 0.577350 -0.577350 -0.577346 0.577355 -0.577350 -0.577351 0.577350 -0.577346 -0.577354 0.577350 -0.577346 -0.577355 0.577350 -0.577349 -0.577351 0.577350 0.707107 -0.000000 0.707107 0.707107 -0.000000 0.707107 0.707107 -0.000000 0.707107 0.707107 -0.000000 0.707107 0.707106 -0.000007 -0.707107 0.707106 -0.000001 -0.707107 0.707106 0.000000 -0.707107 0.707106 -0.000007 -0.707107 0.707112 -0.000000 -0.707102 0.707107 -0.000000 -0.707106 0.707107 -0.000000 -0.707107 0.707111 -0.000000 -0.707102 0.707107 -0.000000 -0.707106 0.707107 -0.000007 -0.707106 0.707107 -0.000007 -0.707106 
						0.707107 -0.000001 -0.707106 0.707107 -0.000000 -0.707107 0.707107 -0.000000 -0.707107 0.707107 -0.000000 -0.707107 0.707107 -0.000000 -0.707107 0.000000 -0.000000 -1.000000 0.000000 -0.000000 -1.000000 0.000000 -0.000000 -1.000000 0.000007 -1.000000 -0.000000 0.000014 -1.000000 -0.000000 0.000000 -0.000000 1.000000 0.000000 0.000000 1.000000 0.000000 -0.000000 1.000000 0.000000 0.000000 1.000000 0.000005 -1.000000 0.000000 -0.000003 -1.000000 0.000000 0.000000 -1.000000 -0.000000 -0.000000 -1.000000 0.000000 0.000000 0.000000 -1.000000 0.000000 0.000000 -1.000000 1.000000 0.000001 0.000000 1.000000 0.000001 0.000000 0.000000 -1.000000 -0.000000 -0.000002 -1.000000 0.000000 -0.000004 1.000000 -0.000000 -0.000002 1.000000 -0.000000 0.000012 1.000000 -0.000000 0.000009 1.000000 -0.000000 0.000000 0.000000 -1.000000 0.000000 -0.000000 -1.000000 0.000000 0.000000 -1.000000 0.000000 -0.000000 -1.000000 0.000000 0.000000 -1.000000 0.000000 0.000000 -1.000000 0.000002 0.000000 -1.000000 0.000000 -0.000000 -1.000000 0.000000 -1.000000 0.000000 -0.000002 0.000000 1.000000 -0.000001 0.000000 1.000000 -0.000001 0.000000 1.000000 -0.000001 0.000000 1.000000 0.000012 -1.000000 0.000000 0.000002 -1.000000 0.000000 1.000000 0.000000 -0.000000 0.000000 0.000000 -1.000000 0.000000 0.000000 -1.000000 -1.000000 -0.000000 0.000000 -1.000000 -0.000000 -0.000000 -1.000000 -0.000001 -0.000000 -1.000000 -0.000001 -0.000000 -1.000000 -0.000001 0.000000 -1.000000 -0.000000 0.000000 -1.000000 -0.000000 0.000000 -1.000000 -0.000000 0.000000 1.000000 0.000001 0.000000 1.000000 0.000000 0.000000 1.000000 0.000000 0.000000 -0.866024 -0.353555 -0.353555 -0.866024 -0.353555 -0.353555 -0.866024 -0.353555 -0.353555 -0.866024 -0.353555 -0.353555 0.000000 -0.000000 1.000000 0.000000 0.000000 1.000000 0.000000 0.577355 -0.816493 
						0.000000 0.577355 -0.816493 0.000000 0.577355 -0.816493 0.000000 0.577355 -0.816493 -0.999998 0.000000 0.001791 -0.999998 0.000000 0.001791 -0.999998 -0.000000 0.001792 -0.999998 0.000000 0.001791 0.000000 1.000000 -0.000002 0.000000 1.000000 -0.000002 0.000000 1.000000 -0.000002 0.000000 0.020512 -0.999790 0.000000 0.018669 -0.999826 0.000000 0.012517 -0.999922 0.000000 0.014636 -0.999893 -0.000000 -0.999877 0.015708 -0.000000 -0.999892 0.014697 -0.000000 -0.999968 0.008004 -0.000000 -0.999962 0.008731 0.000000 -0.012337 0.999924 0.000000 -0.013277 0.999912 0.000000 -0.014139 0.999900 0.000000 -0.013199 0.999913 0.000000 0.008386 -0.999965 0.000000 0.011296 -0.999936 0.000000 -1.000000 -0.000002 0.000000 -1.000000 -0.000002 0.000000 -1.000000 -0.000002 0.000000 -1.000000 -0.000002 0.000000 0.000000 -1.000000 0.000000 0.000000 -1.000000 0.000001 -0.000000 -1.000000 -0.999998 -0.001796 0.000000 -0.999998 -0.002007 -0.000000 -0.999996 -0.002749 0.000000 -0.999997 -0.002537 0.000000 -0.999997 0.000091 0.002480 -1.000000 0.000030 0.000815 -1.000000 -0.000017 -0.000451 -0.999999 0.000045 0.001215 -1.000000 -0.000000 0.000000 -1.000000 -0.000000 0.000000 -1.000000 -0.000001 0.000001 -1.000000 -0.000000 0.000000 -1.000000 0.000000 0.000001 -1.000000 -0.000000 0.000000 -1.000000 -0.000000 -0.000000 -1.000000 0.000000 0.000000 -1.000000 0.000000 -0.000000 -1.000000 0.000000 0.000694 -0.999997 0.000000 0.002488 -0.999998 -0.000000 0.001793 -1.000000 0.000000 0.000000 -1.000000 0.000000 0.000000 -1.000000 0.000000 0.000000 -1.000000 0.000000 0.000000 -1.000000 -0.000318 -0.000318 -1.000000 -0.000317 -0.000317 -1.000000 -0.000317 -0.000317 -1.000000 -0.000318 -0.000318 -0.999996 -0.002746 -0.000074 -0.999999 -0.001527 -0.000041 -1.000000 -0.000452 -0.000012 -0.999999 -0.001672 -0.000045 -0.000000 -0.999643 0.026712 
						-0.000000 -0.999745 0.022597 -0.000000 -0.999876 0.015754 -0.000000 -0.999825 0.018682 0.000000 0.577355 -0.816493 0.000000 0.577355 -0.816493 0.000000 0.577355 -0.816493 0.000000 0.999981 -0.006128 0.000000 0.999968 -0.007980 0.000000 0.999873 -0.015945 0.000000 0.999890 -0.014818 -0.000001 1.000000 0.000003 -0.000001 1.000000 0.000002 0.000000 0.577355 -0.816493 0.000000 0.577355 -0.816493 -0.000000 0.706790 -0.707423 -0.000000 0.706791 -0.707423 -0.000000 0.706794 -0.707419 -0.000000 0.706794 -0.707420 0.000000 -0.707423 0.706791 0.000000 -0.707423 0.706791 0.000000 -0.707422 0.706792 0.000000 -0.707422 0.706792 -0.000000 0.999875 -0.015815 -0.000000 0.999827 -0.018586 -0.000000 0.999703 -0.024350 -0.000000 0.999757 -0.022026 0.000001 0.577355 -0.816493 -0.000000 -0.014127 0.999900 -0.000000 -0.015672 0.999877 -0.000000 -0.020760 0.999785 -0.000000 -0.019455 0.999811 0.000000 -1.000000 -0.000002 -1.000000 -0.000000 0.000000 -1.000000 -0.000000 0.000000 -1.000000 -0.000000 0.000000 -1.000000 0.000004 0.000004 -1.000000 -0.000001 -0.000001 -1.000000 -0.000001 -0.000001 -1.000000 -0.000000 0.000000 -1.000000 -0.000000 0.000000 -1.000000 -0.000000 0.000000 -1.000000 -0.000000 0.000000 0.000000 -0.707107 0.707107 0.000000 -0.707107 0.707107 0.000000 -0.707107 0.707107 0.000000 -0.707107 0.707107 0.000000 -0.707106 0.707107 0.000000 -0.707107 0.707107 0.000000 -0.707106 0.707107 0.000000 -0.707107 0.707107 0.000000 -0.707107 0.707107 0.000000 -0.707107 0.707107 0.000000 -0.707107 0.707107 0.000000 -0.707107 0.707107 1.000000 0.000000 0.000000 1.000000 0.000000 0.000000 1.000000 0.000000 0.000000 1.000000 -0.000000 0.000000 0.707107 0.000001 0.707107 0.707107 0.000000 0.707107 0.000000 0.000000 -1.000000 0.000000 0.000000 -1.000000 0.000000 0.000000 -1.000000 0.000000 0.000000 -1.000000 
						0.707106 0.000001 0.707107 0.707106 0.000001 0.707107 0.707106 0.000001 0.707107 -0.707107 0.707107 -0.000000 -0.707107 0.707107 -0.000000 -0.707107 0.707107 -0.000000 -0.707107 0.707107 -0.000000 -0.707107 -0.000001 0.707107 -0.707107 -0.000002 0.707107 -0.707107 -0.000002 0.707107 -0.707107 -0.000001 0.707107 1.000000 0.000000 0.000000 1.000000 0.000000 0.000000 1.000000 0.000000 0.000000 1.000000 0.000000 0.000000 -0.707107 0.707106 0.000000 -0.707107 0.707106 0.000000 -0.707107 0.707106 0.000000 -0.707107 0.707106 0.000000 -0.000001 0.000001 -1.000000 -0.000000 0.000000 -1.000000 0.000000 -0.000000 -1.000000 -0.000001 0.000001 -1.000000 -1.000000 -0.000000 0.000000 -1.000000 -0.000000 0.000000 -1.000000 -0.000004 0.000000 -1.000000 -0.000000 0.000000 0.000000 1.000000 -0.000000 0.000000 1.000000 -0.000000 0.000000 1.000000 -0.000000 0.000000 1.000000 -0.000000 0.000000 -0.000000 1.000000 0.000014 -0.000014 1.000000 0.000015 -0.000015 1.000000 0.000001 -0.000001 1.000000 0.000000 1.000000 -0.000000 -0.000000 1.000000 0.000000 -0.000002 1.000000 0.000000 -0.000002 1.000000 0.000000 0.000000 1.000000 0.000000 0.000000 1.000000 0.000000 0.000006 1.000000 0.000000 0.000005 1.000000 0.000000 0.000000 -0.000000 1.000000 0.000000 -0.000017 1.000000 0.000000 -0.000022 1.000000 0.000000 -0.000005 1.000000 0.000000 -0.000000 1.000000 0.000000 0.000000 1.000000 0.000000 -0.000000 1.000000 0.000000 0.000000 1.000000 1.000000 0.000002 0.000000 1.000000 0.000002 0.000000 1.000000 0.000004 0.000000 1.000000 0.000003 0.000000 0.000000 1.000000 -0.000000 0.000000 1.000000 0.000000 -0.707107 -0.000000 0.707107 -0.707107 -0.000001 0.707107 0.000000 0.000000 -1.000000 0.000000 0.000000 -1.000000 0.707107 0.000001 0.707107 0.707107 0.000000 0.707107 0.707107 0.000000 0.707107 
						0.707107 0.000001 0.707107 1.000000 -0.000000 0.000000 1.000000 -0.000001 -0.000000 0.707104 0.707109 0.000000 0.707105 0.707109 0.000000 0.707109 0.707105 0.000000 0.707108 0.707105 0.000000 0.043364 0.999059 0.000008 0.043364 0.999059 0.000007 0.043364 0.999059 0.000000 0.043364 0.999059 0.000001 0.000000 -0.000000 1.000000 0.000000 -0.000000 1.000000 0.000000 -0.000000 1.000000 0.000000 -0.000000 1.000000 -0.000000 -0.000000 1.000000 -0.000000 -0.000000 1.000000 -0.000000 -0.000000 1.000000 -0.000000 -0.000000 1.000000 -1.000000 -0.000000 0.000000 -1.000000 -0.000000 0.000000 -0.707107 0.707107 0.000001 -0.707107 0.707107 0.000001 -0.707107 0.707107 0.000001 -0.707107 0.707107 0.000001 -1.000000 -0.000005 0.000000 -1.000000 -0.000013 0.000000 -0.000004 1.000000 -0.000000 -0.000004 1.000000 -0.000000 -0.000004 1.000000 -0.000000 -0.000004 1.000000 -0.000000 -0.707094 -0.707119 0.000000 -0.707095 -0.707119 0.000000 -0.707110 -0.707104 0.000000 -0.707109 -0.707105 0.000000 -1.000000 0.000018 0.000000 -1.000000 0.000014 0.000000 -0.707109 -0.707105 0.000000 -0.707110 -0.707104 0.000000 -0.707126 -0.707087 0.000000 -0.707125 -0.707089 0.000000 0.000000 -1.000000 0.000000 -0.000001 -1.000000 0.000000 -0.000010 -1.000000 0.000000 -0.000007 -1.000000 0.000000 -1.000000 0.000027 0.000000 -1.000000 0.000023 0.000000 -1.000000 -0.000002 0.000000 -1.000000 0.000006 0.000000 -1.000000 0.000001 -0.000000 -1.000000 0.000001 0.000000 -1.000000 0.000002 0.000000 -1.000000 0.000002 0.000000 0.000000 0.000000 1.000000 0.000000 -0.000000 1.000000 0.000000 -0.000000 1.000000 0.000000 0.000000 1.000000 -1.000000 0.000000 -0.000001 -1.000000 0.000000 -0.000000 -1.000000 -0.000000 0.000000 -1.000000 0.000000 -0.000000 -1.000000 -0.000000 0.000000 -1.000000 -0.000000 0.000000 -1.000000 -0.000000 0.000000 
						-1.000000 -0.000000 0.000000 0.000000 1.000000 0.000000 0.000000 1.000000 0.000000 0.000000 1.000000 0.000000 0.000000 1.000000 -0.000000 0.000000 -0.000000 1.000000 0.000000 0.000000 1.000000 0.000000 -0.000000 1.000000 0.000000 0.000000 1.000000 -0.000003 0.000000 -1.000000 -0.000004 -0.000000 -1.000000 -0.000004 0.000000 -1.000000 -0.000006 0.000000 -1.000000 -0.000000 -0.707107 0.707107 -0.000000 -0.707107 0.707107 -0.000000 -0.707107 0.707107 -0.000000 -0.707107 0.707107 -1.000000 -0.000000 0.000000 -1.000000 0.000000 0.000000 -1.000000 0.000000 0.000001 -1.000000 0.000000 0.000000 -1.000000 0.000000 0.000000 -1.000000 0.000000 0.000001 0.000000 1.000000 0.000008 0.000000 1.000000 0.000004 0.000000 1.000000 -0.000000 0.000000 1.000000 0.000003 0.000000 0.000000 -1.000000 0.000000 0.000000 -1.000000 0.000000 0.000000 -1.000000 0.000000 0.000000 -1.000000 0.000000 -0.000000 -1.000000 0.000000 -0.000001 -1.000000 0.000000 0.000000 -1.000000 0.000000 -0.000000 -1.000000 0.000009 1.000000 -0.000000 0.000004 1.000000 -0.000000 -0.000000 1.000000 0.000000 0.000004 1.000000 -0.000000 -0.000000 1.000000 -0.000000 0.000000 1.000000 -0.000000 0.000000 -0.000000 1.000000 0.000000 -0.000000 1.000000 0.000000 -0.000000 1.000000 0.000000 -0.000000 1.000000 -0.000016 1.000000 0.000000 -0.000016 1.000000 0.000000 -0.000016 1.000000 0.000000 -0.000016 1.000000 0.000000 1.000000 0.000000 0.000000 1.000000 0.000000 0.000000 1.000000 0.000000 0.000000 1.000000 0.000000 0.000000 -1.000000 0.000000 0.000002 -1.000000 0.000000 0.000001 0.000000 -0.000000 -1.000000 0.000000 -0.000000 -1.000000 0.000003 -0.000003 -1.000000 0.000000 -0.000000 -1.000000 0.000000 -0.000000 -1.000000 1.000000 0.000000 0.000000 1.000000 0.000000 0.000000 1.000000 0.000000 0.000000 1.000000 0.000000 0.000000 
						1.000000 0.000767 -0.000000 1.000000 0.000767 -0.000000 0.000000 1.000000 0.000000 0.000000 1.000000 -0.000000 0.000000 1.000000 0.000000 -0.000002 1.000000 0.000000 0.000000 1.000000 -0.000000 0.000000 -0.000000 -1.000000 -0.000009 -0.000000 -1.000000 0.000000 1.000000 -0.000000 0.000000 1.000000 -0.000000 -0.707107 0.707107 0.000000 -0.707107 0.707107 -0.000000 0.000000 -0.000000 1.000000 0.000000 -0.000000 1.000000 0.000000 -0.000000 1.000000 0.000000 -0.000000 1.000000 0.002086 -0.000000 0.999998 0.002086 0.000000 0.999998 0.002086 -0.000000 0.999998 0.002086 0.000000 0.999998 0.001059 0.000333 0.999999 0.001059 0.000062 0.999999 0.001059 -0.000034 0.999999 0.001059 0.000238 0.999999 0.000000 0.000001 1.000000 0.000000 0.000000 1.000000 -1.000000 -0.000000 0.000000 -1.000000 -0.000000 0.000000 1.000000 0.000000 0.000000 1.000000 0.000011 -0.000000 -1.000000 -0.000000 0.000000 1.000000 0.000766 -0.000000 -1.000000 0.000002 0.000000 -1.000000 0.000001 0.000000 -1.000000 0.000000 0.000000 -1.000000 -0.000010 0.000000 -1.000000 -0.000008 0.000000 -0.707115 -0.707098 -0.000000 -0.707115 -0.707099 -0.000000 -0.707097 -0.707116 -0.000000 -0.707098 -0.707115 -0.000000 -1.000000 -0.000000 0.000000 0.000000 1.000000 -0.000000 -0.000002 1.000000 0.000000 0.000000 1.000000 -0.000000 0.000002 1.000000 -0.000000 0.000000 1.000000 0.000000 -0.707107 0.707107 0.000000 -0.707107 0.707106 0.000000 -0.000000 0.000002 -1.000000 1.000000 0.000000 0.000000 1.000000 0.000000 0.000000 0.000000 0.000002 -1.000000 -1.000000 -0.000000 0.000000 -0.707107 0.707107 0.000001 -0.707107 0.707107 0.000001 0.043364 0.999059 0.000000 0.043364 0.999059 0.000003 0.000000 0.000003 -1.000000 -0.000000 -0.000000 -1.000000 0.000000 -1.000000 0.000000 0.000000 -1.000000 -0.000000 -1.000000 -0.000000 0.000000 
						-1.000000 -0.000000 0.000000 1.000000 0.000000 0.000000 1.000000 0.000000 0.000000 0.923849 -0.008085 0.382672 0.707099 -0.004763 0.707099 0.707083 0.008151 0.707083 0.923870 0.004372 0.382681 0.382682 -0.001506 0.923879 0.382640 0.014962 0.923776 0.999934 -0.011445 0.000001 0.999994 0.003428 0.000001 0.000000 0.001550 0.999999 -0.000000 0.002188 0.999998 -0.382681 0.003107 0.923875 -0.382681 -0.002906 0.923876 -0.707095 0.005880 0.707094 -0.707094 0.006113 0.707093 -0.923851 0.007845 0.382672 -0.923876 0.002760 0.382683 -0.999947 0.010319 0.000001 -0.999988 0.004859 0.000001 -0.923801 0.012990 -0.382652 -0.923857 0.007005 -0.382675 -0.707016 0.015973 -0.707017 -0.706987 0.018416 -0.706987 -0.382609 0.019560 -0.923703 -0.382255 0.047293 -0.922846 0.000000 0.023136 -0.999732 -0.000000 0.067759 -0.997702 0.000000 -0.021398 -0.999771 0.382590 -0.021962 -0.923657 0.382163 -0.052079 -0.922626 -0.000000 -0.058968 -0.998260 0.706972 -0.019496 -0.706973 0.706953 -0.020823 -0.706954 0.923776 -0.014915 -0.382642 0.923874 0.003480 -0.382682 0.707082 0.008426 -0.707081 0.923814 -0.011981 -0.382655 0.923811 0.012240 -0.382654 0.707064 -0.011044 -0.707063 0.382423 0.036766 -0.923255 0.382382 -0.039566 -0.923157 -0.000000 0.044030 -0.999030 -0.000000 -0.043789 -0.999041 -0.382622 -0.017795 -0.923734 -0.000000 -0.028712 -0.999588 -0.000000 0.053260 -0.998581 -0.382290 0.045264 -0.922933 -0.707076 0.009239 -0.707077 -0.707021 0.015542 -0.707021 -0.923651 0.022253 -0.382589 -0.923857 -0.006976 -0.382674 -0.999813 0.019350 -0.000000 -0.999984 -0.005668 -0.000000 -0.923693 0.020095 0.382606 -0.923869 -0.004817 0.382679 -0.707076 0.009236 0.707077 -0.707093 -0.006273 0.707093 -0.382654 0.012274 0.923810 -0.382659 -0.011208 0.923822 -0.000000 0.009703 0.999953 -0.000000 0.008047 0.999968 0.382658 -0.011189 0.923822 
						0.382682 -0.000145 0.923880 0.707091 -0.006594 0.707091 0.707100 -0.004333 0.707100 0.923861 -0.006416 0.382675 0.923789 0.013990 0.382645 0.999960 -0.008936 -0.000000 0.999930 0.011848 0.000000 0.923160 0.003068 -0.384403 0.922205 0.007063 -0.386637 0.999968 0.006778 -0.004119 0.999994 0.002851 -0.001733 0.710387 -0.007699 -0.703770 0.711505 -0.010356 -0.702604 0.389095 -0.011483 -0.921126 0.396151 -0.024264 -0.917865 0.053362 -0.087811 -0.994707 0.063327 -0.104209 -0.992537 -0.388218 0.009907 -0.921514 -0.397139 0.026066 -0.917388 -0.080355 0.132230 -0.987957 -0.069916 0.115052 -0.990896 -0.706315 -0.001842 -0.707895 -0.708869 0.004117 -0.705328 -0.923484 -0.001694 -0.383633 -0.922914 -0.004107 -0.384985 -0.999999 -0.001234 -0.000750 -0.999993 -0.003239 -0.001969 -0.924179 -0.001294 0.381958 -0.924571 -0.003000 0.380997 -0.707959 -0.001987 0.706251 -0.708893 -0.004176 0.705304 -0.384585 -0.003395 0.923083 -0.386584 -0.006972 0.922228 0.004142 0.006817 0.999968 0.005285 0.008696 0.999948 0.379208 -0.006171 0.925291 0.379778 -0.005161 0.925063 0.708836 0.004044 0.705362 0.708036 0.002168 0.706173 0.924561 0.002956 0.381022 0.925639 0.007729 0.378329 0.999978 -0.005672 -0.003447 0.999990 -0.003769 -0.002291 0.924443 -0.002438 0.381313 0.924836 -0.004155 0.380344 1.000000 -0.000606 0.000368 0.999998 0.001647 -0.001001 0.924416 0.002319 0.381378 0.923961 0.000348 0.382488 0.707914 -0.001885 0.706296 0.708915 -0.004231 0.705281 0.709035 0.004512 0.705159 0.707862 0.001762 0.706349 0.384089 -0.002510 0.923293 0.386223 -0.006326 0.922384 0.387400 0.008437 0.921873 0.384678 0.003562 0.923044 -0.004243 0.006981 0.999967 -0.006209 0.010217 0.999929 0.002139 0.003520 0.999991 0.001341 0.002207 0.999997 -0.384736 0.003663 0.923020 -0.383966 0.002287 0.923345 -0.379415 0.005803 0.925208 
						-0.374962 0.013663 0.926939 -0.717156 0.024035 0.696498 -0.715130 0.019079 0.698731 -0.705593 0.003508 0.708609 -0.703520 0.008270 0.710628 -0.924833 0.004144 0.380352 -0.926218 0.010344 0.376847 -0.923156 0.003086 0.384413 -0.923159 0.003073 0.384407 -0.999933 0.009880 -0.006002 -0.999884 0.013005 -0.007901 -0.999983 0.004916 0.002989 -0.999970 0.006597 0.004011 -0.921378 0.010461 -0.388526 -0.920209 0.015159 -0.391133 -0.924864 0.004284 -0.380273 -0.924867 0.004295 -0.380266 -0.703577 0.008138 -0.710572 -0.705789 0.003057 -0.708416 -0.715252 0.019379 -0.698598 -0.716541 0.022527 -0.697181 -0.374686 0.014147 -0.927044 -0.383861 -0.002102 -0.923388 -0.396877 0.025589 -0.917515 -0.392764 0.018110 -0.919461 -0.048674 -0.080096 -0.995598 -0.057554 -0.094710 -0.993840 -0.087346 0.143734 -0.985754 -0.075853 0.124821 -0.989276 0.075673 0.124525 -0.989327 0.064777 0.106596 -0.992190 0.383920 0.002207 -0.923364 0.393090 0.018700 -0.919310 0.059624 -0.098115 -0.993387 0.069896 -0.115019 -0.990901 0.401242 -0.033585 -0.915356 0.393743 -0.019888 -0.919005 0.704207 -0.006700 -0.709963 0.706772 -0.000781 -0.707441 0.714501 -0.017554 -0.699414 0.712903 -0.013699 -0.701129 0.922587 -0.005482 -0.385751 0.922036 -0.007766 -0.387027 0.923592 0.001235 -0.383376 0.924249 -0.001592 -0.381787 -0.707106 -0.000002 0.707108 -0.707106 -0.000002 0.707108 -0.707106 -0.000001 0.707108 -0.707106 -0.000001 0.707108 -0.707107 0.000000 0.707107 -0.707106 -0.000001 0.707107 -0.707107 -0.000001 0.707107 -0.707107 -0.000000 0.707107 -0.707107 0.000000 0.707107 -0.707107 -0.000000 0.707107 0.408248 0.408249 -0.816497 0.408248 0.408249 -0.816497 0.408248 0.408249 -0.816497 0.577351 0.577350 0.577350 0.577350 0.577350 0.577351 0.577350 0.577350 0.577351 0.577351 0.577350 0.577350 0.577350 0.577355 0.577346 0.577350 0.577351 0.577349 
						0.577350 0.577351 0.577350 0.577350 0.577354 0.577346 0.577350 0.577351 0.577350 0.577355 0.577345 0.577350 0.577356 0.577345 0.577350 0.577351 0.577350 0.577350 -0.707107 -0.000000 0.707107 -0.707107 -0.000000 0.707107 -0.707107 -0.000000 0.707107 -0.707107 -0.000000 0.707107 -0.707106 0.000004 -0.707107 -0.707106 0.000000 -0.707107 -0.707106 0.000000 -0.707107 -0.707106 0.000003 -0.707107 -0.707108 -0.000000 -0.707106 -0.707108 -0.000000 -0.707106 -0.707108 -0.000000 -0.707106 -0.707108 -0.000000 -0.707106 -0.707107 -0.000000 -0.707106 -0.707107 0.000001 -0.707106 -0.707107 0.000001 -0.707106 -0.707107 0.000000 -0.707106 -0.707107 -0.000000 -0.707107 -0.707107 -0.000000 -0.707107 -0.707107 -0.000000 -0.707107 -0.707107 -0.000000 -0.707107 -1.000000 -0.000000 0.000000 -1.000000 -0.000000 -0.000004 -1.000000 0.000000 -0.000005 -0.000007 1.000000 0.000000 0.000000 1.000000 0.000000 0.000000 -0.000000 1.000000 0.000000 0.000000 1.000000 0.000000 -0.000000 1.000000 0.000000 0.000000 1.000000 0.000016 -1.000000 0.000000 0.000015 -1.000000 0.000000 0.000000 -1.000000 -0.000000 0.000001 -1.000000 0.000000 -1.000000 -0.000000 0.000000 -1.000000 -0.000000 0.000000 1.000000 0.000000 0.000000 1.000000 0.000000 0.000000 0.000000 -1.000000 -0.000000 0.000000 -1.000000 0.000000 0.000008 1.000000 -0.000000 0.000007 1.000000 -0.000000 0.000000 1.000000 -0.000000 0.000001 1.000000 -0.000000 0.000000 -0.000000 1.000000 0.000000 0.000000 1.000000 0.000000 -0.000000 1.000000 0.000000 0.000000 1.000000 0.000001 0.000000 -1.000000 0.000001 0.000000 -1.000000 -0.000003 0.000000 -1.000000 -0.000001 -0.000000 -1.000000 -0.000014 1.000000 0.000000 -0.000002 -0.000000 -1.000000 -0.000001 -0.000000 -1.000000 0.000000 -0.000000 -1.000000 -0.000001 -0.000000 -1.000000 0.000018 -1.000000 0.000000 0.000002 -1.000000 0.000000 
						0.000000 0.000000 -1.000000 0.000004 0.000000 -1.000000 -1.000000 -0.000002 0.000000 -1.000000 -0.000002 0.000000 -1.000000 -0.000001 0.000000 -1.000000 -0.000001 0.000000 -1.000000 -0.000001 -0.000000 -1.000000 -0.000001 -0.000000 1.000000 0.000000 -0.000000 1.000000 0.000001 0.000001 1.000000 0.000000 0.000000 -0.866024 -0.353555 0.353555 -0.866025 -0.353554 0.353554 -0.866025 -0.353554 0.353554 -0.866024 -0.353555 0.353555 0.000000 0.000000 -1.000000 0.000003 0.000000 -1.000000 0.000000 0.577341 0.816503 0.000000 0.577351 0.816496 0.000000 0.577355 0.816493 0.000000 0.577349 0.816497 0.999998 0.000000 0.001790 0.999998 0.000000 0.001790 0.999998 0.000000 0.001791 0.999998 0.000000 0.001791 0.000000 -1.000000 -0.000000 0.000000 -1.000000 -0.000000 0.000000 -1.000000 -0.000000 -0.000000 1.000000 -0.000000 -0.000000 1.000000 0.000000 0.000000 -0.020512 -0.999790 0.000000 -0.018669 -0.999826 0.000000 -0.012517 -0.999922 0.000000 -0.014635 -0.999893 1.000000 0.000000 0.000000 1.000000 0.000000 -0.000000 1.000000 0.000000 0.000000 -0.000000 -1.000000 -0.000000 -0.000000 -1.000000 0.000000 0.000000 1.000000 0.000000 0.000000 0.999877 0.015711 0.000000 0.999892 0.014699 0.000000 0.999968 0.008006 0.000000 0.999962 0.008733 0.000000 0.012342 0.999924 0.000000 0.013282 0.999912 0.000000 0.014143 0.999900 0.000000 0.013204 0.999913 1.000000 0.000000 0.000000 1.000000 0.000000 0.000000 0.000000 -0.008391 -0.999965 0.000000 -0.011298 -0.999936 0.000000 1.000000 0.000003 0.000000 1.000000 0.000003 0.000000 1.000000 0.000000 0.000000 1.000000 0.000000 -1.000000 -0.000000 0.000000 -1.000000 0.000000 0.000000 -1.000000 0.000000 -0.000000 -1.000000 -0.000000 0.000000 0.999998 0.001795 0.000000 0.999998 0.002006 0.000000 0.999996 0.002746 -0.000000 0.999997 0.002535 -0.000000 
						0.999997 -0.000091 0.002481 1.000000 -0.000030 0.000816 1.000000 0.000016 -0.000449 0.999999 -0.000045 0.001216 1.000000 0.000000 0.000000 1.000000 0.000000 0.000000 1.000000 0.000000 0.000000 1.000000 0.000000 0.000000 1.000000 0.000000 0.000000 1.000000 -0.000000 -0.000000 1.000000 -0.000000 -0.000000 1.000000 -0.000000 -0.000000 1.000000 0.000000 -0.000000 1.000000 0.000000 0.000694 0.999997 0.000000 0.002488 0.999998 0.000000 0.001794 1.000000 0.000000 0.000000 1.000000 0.000000 0.000000 1.000000 0.000000 0.000000 1.000000 0.000000 0.000000 1.000000 0.000318 -0.000318 1.000000 0.000316 -0.000316 1.000000 0.000315 -0.000315 1.000000 0.000318 -0.000318 0.999996 0.002744 -0.000074 0.999999 0.001526 -0.000041 1.000000 0.000452 -0.000012 0.999999 0.001671 -0.000045 0.000000 0.999643 0.026715 0.000000 0.999745 0.022599 0.000000 0.999876 0.015757 0.000000 0.999825 0.018684 0.000000 0.577335 0.816508 0.000000 0.577346 0.816500 0.000000 0.577339 0.816505 0.000000 -0.999981 -0.006127 0.000000 -0.999968 -0.007981 0.000000 -0.999873 -0.015953 0.000000 -0.999890 -0.014825 0.000001 -1.000000 -0.000003 0.000001 -1.000000 -0.000003 0.000000 0.577348 0.816498 0.000000 0.577348 0.816498 0.000000 -0.706788 -0.707425 0.000000 -0.706788 -0.707425 0.000000 -0.706791 -0.707422 0.000000 -0.706791 -0.707422 -0.000000 0.707420 0.706794 -0.000000 0.707420 0.706794 -0.000000 0.707421 0.706792 -0.000000 0.707421 0.706792 0.000000 -0.999875 -0.015823 0.000000 -0.999827 -0.018594 0.000000 -0.999703 -0.024360 0.000000 -0.999757 -0.022035 0.000001 0.577355 0.816493 0.000000 0.014131 0.999900 0.000000 0.015675 0.999877 0.000000 0.020760 0.999784 0.000000 0.019456 0.999811 0.000000 1.000000 0.000000 -1.000000 -0.000000 0.000000 -1.000000 -0.000000 0.000000 -1.000000 -0.000000 0.000000 
						-1.000000 -0.000000 0.000000 -1.000000 0.000002 -0.000002 -1.000000 0.000002 -0.000003 -1.000000 -0.000001 0.000001 -1.000000 -0.000000 0.000000 0.000000 -0.707107 0.707107 0.000000 -0.707107 0.707107 0.000000 -0.707107 0.707107 0.000000 -0.707107 0.707107 -0.000000 0.707107 -0.707107 -0.000000 0.707107 -0.707107 -0.000000 0.707107 -0.707107 -0.000000 0.707107 -0.707107 -1.000000 -0.000000 0.000000 -1.000000 -0.000000 0.000000 -1.000000 -0.000000 0.000000 -1.000000 -0.000000 0.000000 1.000000 0.000000 0.000000 1.000000 0.000000 0.000000 1.000000 0.000000 0.000000 1.000000 0.000000 0.000000 1.000000 0.000000 0.000000 1.000000 -0.000000 0.000000 1.000000 0.000000 0.000000 1.000000 0.000000 -0.000000 0.707107 -0.000001 -0.707107 0.707107 -0.000000 -0.707107 0.000000 -0.000000 1.000000 0.000000 -0.000001 1.000000 0.000000 -0.000005 1.000000 0.000000 -0.000002 1.000000 0.707107 -0.000000 -0.707107 0.707107 -0.000000 -0.707107 0.707107 -0.000000 -0.707107 -0.000000 -0.000000 1.000000 -0.000000 -0.000000 1.000000 -0.000000 -0.000000 1.000000 -0.000000 -0.000000 1.000000 -0.707107 -0.000001 -0.707107 -0.707107 -0.000001 -0.707107 -0.707107 -0.000001 -0.707107 -0.707107 -0.000001 -0.707107 1.000000 0.000000 0.000000 1.000000 0.000000 0.000000 1.000000 0.000001 0.000001 1.000000 0.000001 0.000001 0.707109 -0.707105 0.000000 0.707115 -0.707099 0.000000 0.707114 -0.707099 0.000000 0.707110 -0.707104 0.000000 0.000000 0.000000 1.000000 -0.000000 -0.000000 1.000000 -0.000001 -0.000001 1.000000 -0.000001 -0.000001 1.000000 -1.000000 -0.000000 0.000000 -1.000000 0.000000 0.000000 -1.000000 -0.000000 -0.000000 -1.000000 -0.000000 0.000000 0.000000 0.000000 1.000000 0.000000 0.000000 1.000000 0.000000 0.000000 1.000000 0.000000 0.000000 1.000000 -0.000000 -0.000000 1.000000 -0.000000 -0.000000 1.000000 
						-0.000000 -0.000000 1.000000 -0.000000 -0.000000 1.000000 1.000000 0.000004 -0.000000 1.000000 0.000000 -0.000000 1.000000 0.000000 0.000000 1.000000 0.000003 -0.000000 -0.000000 1.000000 0.000000 0.000004 1.000000 0.000000 -0.000008 1.000000 0.000000 -0.000000 1.000000 0.000000 0.000000 -0.000000 1.000000 0.000000 -0.000000 1.000000 0.000000 -0.000000 1.000000 0.000000 -0.000000 1.000000 0.000000 -0.000000 1.000000 0.000000 0.000000 1.000000 0.000000 -0.000000 1.000000 0.000000 0.000000 1.000000 -1.000000 0.000008 0.000000 -1.000000 -0.000003 0.000000 -1.000000 -0.000007 0.000000 -1.000000 0.000006 0.000000 0.000000 -0.000000 1.000000 0.000000 0.000000 1.000000 -0.707107 -0.000000 -0.707107 -0.707107 -0.000001 -0.707107 0.000000 -0.000000 1.000000 0.000000 -0.000000 1.000000 0.707107 -0.000000 -0.707107 0.707107 -0.000000 -0.707107 0.707107 -0.000000 -0.707107 0.707107 -0.000000 -0.707107 1.000000 0.000001 0.000000 1.000000 0.000000 0.000000 -0.707108 0.707105 0.000000 -0.707109 0.707105 0.000000 -0.707109 0.707105 0.000000 -0.707108 0.707105 0.000000 0.043364 -0.999059 -0.000000 0.043364 -0.999059 -0.000000 0.043364 -0.999059 -0.000000 0.043364 -0.999059 -0.000000 -0.000000 -0.000000 1.000000 -0.000000 -0.000000 1.000000 -0.000000 -0.000000 1.000000 -0.000000 -0.000000 1.000000 0.000000 -0.000000 1.000000 0.000000 -0.000000 1.000000 0.000000 -0.000000 1.000000 0.000000 -0.000000 1.000000 1.000000 0.000000 0.000000 1.000000 0.000000 0.000000 -0.707107 -0.707107 -0.000000 -0.707107 -0.707107 -0.000000 -0.707107 -0.707107 -0.000000 -0.707107 -0.707107 -0.000000 -1.000000 -0.000000 0.000000 -1.000000 -0.000000 0.000000 -1.000000 -0.000000 0.000000 -1.000000 -0.000000 0.000000 -1.000000 -0.000000 -0.000000 -1.000000 -0.000001 0.000000 -0.707106 0.707108 -0.000000 -0.707108 0.707106 0.000000 
						-0.707108 0.707106 0.000000 -0.707106 0.707108 -0.000000 -1.000000 0.000006 0.000000 -1.000000 -0.000002 -0.000000 0.707102 -0.707112 -0.000000 0.707108 -0.707106 -0.000000 0.707108 -0.707105 -0.000000 0.707102 -0.707111 -0.000000 0.000000 -1.000000 0.000000 -0.000005 -1.000000 0.000000 -0.000006 -1.000000 0.000000 -0.000001 -1.000000 0.000000 1.000000 -0.000002 -0.000000 1.000000 -0.000007 0.000000 1.000000 -0.000009 0.000000 1.000000 -0.000003 0.000000 -1.000000 0.000001 -0.000000 -1.000000 0.000002 -0.000000 0.000000 0.000000 1.000000 0.000000 0.000000 1.000000 -1.000000 -0.000000 0.000001 -1.000000 -0.000000 0.000000 -1.000000 -0.000000 0.000000 -1.000000 -0.000000 0.000000 0.000000 1.000000 0.000000 0.000000 1.000000 0.000000 0.000000 -0.000000 1.000000 0.000000 0.000000 1.000000 -0.000001 0.000000 -1.000000 -0.000001 0.000000 -1.000000 0.000000 0.707107 -0.707107 0.000000 0.707107 -0.707107 0.000000 0.707107 -0.707107 0.000000 0.707107 -0.707107 -1.000000 -0.000000 -0.000000 -1.000000 0.000000 0.000000 -1.000000 0.000000 0.000000 0.000000 -0.000003 -1.000000 0.000000 -0.000002 -1.000000 0.000000 0.000000 -1.000000 0.000000 -0.000002 -1.000000 0.000000 -0.000000 1.000000 0.000000 -0.000000 1.000000 0.000000 -0.000000 1.000000 0.000000 -0.000000 1.000000 0.000000 -1.000000 0.000000 0.000000 -1.000000 -0.000000 0.000000 -1.000000 -0.000000 0.000000 -1.000000 0.000000 1.000000 -0.000007 0.000001 1.000000 -0.000006 0.000001 1.000000 -0.000005 0.000001 1.000000 -0.000006 0.000001 -1.000000 -0.000001 -0.000000 -1.000000 0.000000 -0.000000 0.000000 -0.000000 1.000000 0.000000 -0.000000 1.000000 0.000000 -0.000000 1.000000 0.000000 -0.000000 1.000000 1.000000 0.000000 0.000000 1.000000 0.000000 0.000000 1.000000 0.000000 0.000000 1.000000 0.000000 0.000000 1.000000 0.000000 0.000000 
						1.000000 0.000000 0.000000 -1.000000 -0.000000 0.000000 0.000000 0.000000 1.000000 0.000000 0.000000 1.000000 -0.000000 -0.000000 1.000000 -0.000003 -0.000003 1.000000 0.000000 -0.000000 1.000000 -1.000000 -0.000000 0.000000 -1.000000 -0.000000 0.000000 -1.000000 -0.000000 0.000000 -1.000000 -0.000000 0.000000 -1.000000 0.000104 -0.000000 -1.000000 0.000104 -0.000000 1.000000 0.000000 0.000000 1.000000 0.000000 0.000000 1.000000 0.000000 0.000000 1.000000 0.000000 0.000000 0.000000 -0.000000 1.000000 0.000000 -0.000000 -1.000000 0.000000 -0.000000 1.000000 0.000000 -0.000000 1.000000 0.000000 0.000000 1.000000 0.000000 0.000000 1.000000 0.000001 -0.000000 1.000000 0.000000 -0.000000 1.000000 0.000000 -0.000000 1.000000 0.000001 -0.000000 1.000000 -0.001434 0.000000 0.999999 -0.001430 0.000000 0.999999 -0.001430 0.000000 0.999999 -0.001433 0.000000 0.999999 -0.001060 -0.000332 0.999999 -0.001060 -0.000425 0.999999 -0.001060 -0.000689 0.999999 -0.001060 -0.000597 0.999999 0.000000 0.000000 1.000000 0.000000 -0.000000 1.000000 1.000000 0.000000 0.000000 1.000000 0.000000 0.000000 -1.000000 -0.000649 0.000000 -1.000000 -0.000660 0.000000 1.000000 0.000000 0.000000 -1.000000 0.000105 -0.000000 -1.000000 0.000000 0.000000 -1.000000 -0.000000 0.000000 -1.000000 0.000008 0.000000 -0.707097 0.707117 0.000000 -0.707097 0.707117 0.000000 -0.707097 0.707117 0.000000 -0.707097 0.707117 0.000000 -1.000000 -0.000000 0.000000 1.000000 0.000000 0.000000 1.000000 0.000000 0.000000 0.000000 1.000000 -0.000000 0.000008 1.000000 0.000000 1.000000 0.000005 -0.000000 0.707108 -0.707105 0.000000 0.707115 -0.707098 0.000000 0.000000 -1.000000 -0.000000 1.000000 0.000000 0.000000 1.000000 0.000000 0.000000 0.000000 -1.000000 -0.000000 -1.000000 0.000000 -0.000000 -0.707107 -0.707107 0.000001 
						-0.707107 -0.707107 0.000000 0.043364 -0.999059 -0.000000 0.043364 -0.999059 -0.000000 0.000000 -1.000000 -0.000000 0.000000 -1.000000 0.000001 0.000000 0.000000 1.000000 0.000000 0.000000 1.000000 1.000000 0.000000 0.000000 1.000000 0.000000 0.000000 -1.000000 -0.000000 0.000000 -1.000000 -0.000000 0.000000 -0.923850 -0.007986 0.382672 -0.923870 0.004393 0.382681 -0.707083 0.008228 0.707083 -0.707099 -0.004623 0.707099 -0.382639 0.015041 0.923775 -0.382682 -0.001342 0.923879 -0.999935 -0.011362 0.000001 -0.999994 0.003498 0.000001 0.000000 0.002236 0.999997 -0.000000 0.001670 0.999999 0.382681 -0.002856 0.923876 0.382681 0.003229 0.923875 0.707093 0.006163 0.707093 0.707094 0.006020 0.707094 0.923876 0.002800 0.382683 0.923850 0.007943 0.382672 0.999988 0.004879 0.000001 0.999946 0.010384 0.000001 0.923856 0.007061 -0.382675 0.923801 0.013055 -0.382652 0.706986 0.018475 -0.706986 0.707016 0.016045 -0.707016 0.382254 0.047333 -0.922844 0.382609 0.019631 -0.923702 0.000000 0.067799 -0.997699 -0.000000 0.023193 -0.999731 -0.000000 -0.021303 -0.999773 0.000000 -0.058874 -0.998265 -0.382165 -0.052002 -0.922630 -0.382591 -0.021863 -0.923659 -0.706954 -0.020775 -0.706954 -0.706973 -0.019422 -0.706974 -0.923873 0.003555 -0.382682 -0.923777 -0.014864 -0.382642 -0.707081 0.008494 -0.707081 -0.707064 -0.011003 -0.707064 -0.923810 0.012302 -0.382653 -0.923815 -0.011883 -0.382655 -0.382423 0.036794 -0.923254 -0.382382 -0.039574 -0.923156 0.000000 0.044068 -0.999029 0.000000 -0.043786 -0.999041 0.382622 -0.017756 -0.923734 0.382291 0.045259 -0.922933 0.000000 0.053203 -0.998584 0.000000 -0.028678 -0.999589 0.707076 0.009279 -0.707076 0.707021 0.015573 -0.707021 0.923650 0.022290 -0.382588 0.923857 -0.006985 -0.382674 0.999812 0.019407 -0.000000 0.999984 -0.005686 -0.000000 0.923692 0.020136 0.382606 
						0.923869 -0.004786 0.382679 0.707076 0.009254 0.707077 0.707093 -0.006255 0.707093 0.382654 0.012321 0.923810 0.382659 -0.011216 0.923822 0.000000 0.009742 0.999953 0.000000 0.008068 0.999967 -0.382659 -0.011151 0.923823 -0.382682 -0.000126 0.923880 -0.707091 -0.006527 0.707092 -0.707100 -0.004323 0.707100 -0.923861 -0.006377 0.382675 -0.923789 0.013982 0.382645 -0.999930 0.011840 0.000000 -0.999960 -0.008897 -0.000000 -0.923152 0.003103 -0.384423 -0.999994 0.002856 -0.001736 -0.999968 0.006778 -0.004120 -0.922195 0.007103 -0.386659 -0.710374 -0.007669 -0.703782 -0.711494 -0.010327 -0.702617 -0.389095 -0.011483 -0.921126 -0.396152 -0.024266 -0.917864 -0.053362 -0.087811 -0.994707 -0.063327 -0.104209 -0.992537 0.388222 0.009913 -0.921512 0.069898 0.115022 -0.990901 0.080326 0.132182 -0.987965 0.397142 0.026072 -0.917387 0.706314 -0.001843 -0.707896 0.708873 0.004127 -0.705324 0.923484 -0.001694 -0.383634 0.922912 -0.004113 -0.384989 0.999999 -0.001234 -0.000750 0.999993 -0.003246 -0.001973 0.924176 -0.001280 0.381965 0.924566 -0.002977 0.381010 0.707961 -0.001992 0.706249 0.708892 -0.004173 0.705305 0.384585 -0.003395 0.923083 0.386586 -0.006975 0.922227 -0.004148 0.006826 0.999968 -0.005294 0.008712 0.999948 -0.379212 -0.006163 0.925289 -0.379782 -0.005154 0.925062 -0.708844 0.004063 0.705353 -0.708043 0.002186 0.706166 -0.924557 0.002938 0.381033 -0.925635 0.007712 0.378338 -0.999978 -0.005649 -0.003433 -0.924825 -0.004110 0.380369 -0.924431 -0.002386 0.381341 -0.999990 -0.003742 -0.002274 -1.000000 -0.000546 0.000332 -0.923968 0.000380 0.382470 -0.924421 0.002340 0.381367 -0.999998 0.001710 -0.001039 -0.708896 -0.004185 0.705301 -0.707895 -0.001839 0.706316 -0.707881 0.001808 0.706329 -0.709057 0.004562 0.705137 -0.386202 -0.006288 0.922393 -0.384063 -0.002463 0.923304 -0.384714 0.003626 0.923029 
						-0.387437 0.008503 0.921857 0.006231 0.010254 0.999928 0.004266 0.007020 0.999966 -0.001360 0.002237 0.999997 -0.002159 0.003552 0.999991 0.383985 0.002322 0.923337 0.384758 0.003704 0.923010 0.374926 0.013727 0.926953 0.379385 0.005858 0.925220 0.715141 0.019107 0.698719 0.717174 0.024080 0.696478 0.703504 0.008306 0.710643 0.705580 0.003538 0.708622 0.926227 0.010385 0.376824 0.924841 0.004181 0.380332 0.923153 0.003099 0.384421 0.923149 0.003116 0.384430 0.999884 0.013034 -0.007919 0.999933 0.009902 -0.006015 0.999970 0.006632 0.004032 0.999983 0.004942 0.003005 0.920199 0.015200 -0.391156 0.921365 0.010515 -0.388556 0.924878 0.004344 -0.380238 0.924874 0.004327 -0.380249 0.705774 0.003092 -0.708431 0.703563 0.008172 -0.710586 0.716553 0.022556 -0.697168 0.715267 0.019416 -0.698581 0.383849 -0.002080 -0.923394 0.374671 0.014176 -0.927050 0.392793 0.018162 -0.919448 0.396903 0.025635 -0.917503 0.057514 -0.094644 -0.993848 0.048616 -0.080002 -0.995608 0.075885 0.124872 -0.989267 0.087365 0.143764 -0.985748 -0.075692 0.124557 -0.989321 -0.393100 0.018719 -0.919305 -0.383936 0.002236 -0.923357 -0.064793 0.106622 -0.992186 -0.059612 -0.098096 -0.993390 -0.393704 -0.019817 -0.919023 -0.401203 -0.033514 -0.915376 -0.069870 -0.114976 -0.990908 -0.706802 -0.000711 -0.707411 -0.704242 -0.006617 -0.709929 -0.712876 -0.013635 -0.701158 -0.714481 -0.017507 -0.699435 -0.922052 -0.007699 -0.386989 -0.922601 -0.005423 -0.385718 -0.924240 -0.001553 -0.381809 -0.923581 0.001279 -0.383400 -0.707107 -0.000001 -0.707106 -0.707107 -0.000001 -0.707106 -0.707107 -0.000001 -0.707107 -0.707107 -0.000001 -0.707106 -0.707108 -0.000002 -0.707106 -0.707108 -0.000003 -0.707105 -0.707107 -0.000001 -0.707107 -0.707107 0.000000 -0.707107 -0.707107 -0.000000 -0.707107 -0.707107 -0.000002 -0.707107 -0.408248 0.408249 -0.816497 
						-0.408248 0.408249 -0.816497 -0.408248 0.408249 -0.816497 -0.577351 0.577350 0.577350 -0.577351 0.577350 0.577350 -0.577350 0.577350 0.577351 -0.577350 0.577350 0.577351 -0.577350 0.577350 0.577351 -0.577350 0.577350 0.577351 -0.577350 0.577351 0.577350 -0.577350 0.577351 0.577350 -0.577350 0.577351 0.577350 -0.577350 0.577351 0.577350 -0.577351 0.577350 0.577350 -0.577351 0.577350 0.577350 -0.707107 -0.000000 -0.707107 -0.707107 -0.000000 -0.707107 -0.707107 -0.000000 -0.707107 -0.707107 -0.000000 -0.707107 -0.707106 -0.000000 0.707107 -0.707106 -0.000000 0.707107 -0.707106 -0.000000 0.707107 -0.707106 -0.000000 0.707107 -0.707107 0.000000 0.707107 -0.707107 0.000000 0.707107 -0.707107 0.000000 0.707107 -0.707107 0.000000 0.707107 -0.707107 -0.000000 0.707106 -0.707107 -0.000000 0.707106 -0.707107 -0.000000 0.707106 -0.707107 -0.000000 0.707106 -0.707107 0.000000 0.707107 -0.707107 0.000000 0.707107 -0.707107 0.000000 0.707107 -0.707107 0.000000 0.707107 -1.000000 0.000000 0.000008 -1.000000 0.000000 0.000008 -1.000000 0.000000 0.000008 -0.000007 1.000000 0.000000 -0.000013 1.000000 0.000000 0.000000 -0.000000 1.000000 0.000000 0.000000 1.000000 0.000000 -0.000000 1.000000 0.000000 0.000000 1.000000 -0.000006 1.000000 0.000000 0.000000 1.000000 0.000000 0.000000 1.000000 0.000000 0.000000 1.000000 -0.000000 -1.000000 -0.000000 -0.000002 -1.000000 0.000000 -0.000003 1.000000 0.000000 -0.000000 1.000000 0.000000 -0.000000 0.000000 -1.000000 -0.000000 0.000000 -1.000000 0.000000 -0.000006 1.000000 -0.000000 -0.000001 1.000000 -0.000000 0.000000 1.000000 -0.000000 -0.000006 1.000000 -0.000000 0.000000 -0.000000 1.000000 0.000000 0.000000 1.000000 0.000000 -0.000000 1.000000 0.000000 0.000000 1.000000 -0.000002 0.000000 -1.000000 -0.000004 -0.000000 -1.000000 -0.000003 0.000000 -1.000000 
						-0.000002 0.000000 -1.000000 0.000000 1.000000 0.000000 0.000000 0.000000 1.000000 0.000000 0.000000 1.000000 0.000000 0.000000 1.000000 0.000000 0.000000 1.000000 -0.000011 1.000000 0.000000 -0.000001 1.000000 0.000000 0.000000 0.000000 -1.000000 0.000000 0.000000 -1.000000 -1.000000 -0.000001 0.000000 -1.000000 -0.000001 0.000000 -1.000000 -0.000001 0.000000 -1.000000 -0.000001 0.000000 -1.000000 -0.000001 -0.000000 -1.000000 -0.000001 -0.000000 1.000000 0.000000 -0.000000 1.000000 0.000001 0.000001 1.000000 -0.000001 -0.000001 -0.866026 0.353553 -0.353553 -0.866026 0.353553 -0.353553 -0.866026 0.353553 -0.353552 -0.866026 0.353553 -0.353552 0.000000 0.000000 1.000000 0.000000 -0.000000 1.000000 0.000000 -0.577355 -0.816493 0.000000 -0.577355 -0.816493 0.000000 -0.577355 -0.816493 0.000000 -0.577355 -0.816493 -0.999998 -0.000000 0.001790 -0.999998 -0.000000 0.001790 -0.999998 -0.000000 0.001790 -0.999998 -0.000000 0.001790 0.000000 -1.000000 -0.000000 0.000000 -1.000000 -0.000000 0.000000 -1.000000 -0.000000 0.000000 -0.020506 -0.999790 0.000000 -0.015315 -0.999883 0.000000 -0.014016 -0.999902 0.000000 -0.018668 -0.999826 0.000000 0.999877 0.015711 0.000000 0.999962 0.008731 0.000000 0.999968 0.008004 0.000000 0.999892 0.014699 0.000000 0.012330 0.999924 0.000000 0.013198 0.999913 0.000000 0.014143 0.999900 0.000000 0.013276 0.999912 0.000000 -0.013974 -0.999902 0.000000 -0.011300 -0.999936 0.000000 -0.008383 -0.999965 0.000000 -0.011057 -0.999939 0.000000 1.000000 0.000003 0.000000 1.000000 0.000000 0.000000 1.000000 0.000000 0.000000 1.000000 0.000003 -1.000000 0.000000 0.000001 -1.000000 0.000000 -0.000000 -1.000000 0.000000 0.000003 -0.999998 0.001794 0.000000 -0.999997 0.002537 -0.000000 -0.999996 0.002749 0.000000 -0.999998 0.002006 -0.000000 -0.999997 -0.000091 0.002484 
						-0.999999 -0.000045 0.001218 -1.000000 0.000016 -0.000449 -1.000000 -0.000030 0.000817 -1.000000 -0.000000 0.000000 -1.000000 0.000000 0.000000 -1.000000 0.000000 0.000000 -1.000000 0.000000 0.000000 -1.000000 0.000000 0.000000 -1.000000 0.000000 -0.000000 -1.000000 -0.000000 -0.000000 -1.000000 -0.000000 -0.000000 -1.000000 0.000000 -0.000000 -0.999998 0.000000 0.001796 -0.999997 0.000000 0.002491 -1.000000 -0.000000 0.000695 -1.000000 0.000000 0.000000 -1.000000 0.000000 0.000000 -1.000000 0.000000 0.000000 -1.000000 0.000000 0.000000 -1.000000 0.000315 -0.000315 -1.000000 0.000315 -0.000315 -1.000000 0.000315 -0.000315 -1.000000 0.000315 -0.000315 -0.999996 0.002747 -0.000074 -0.999999 0.001670 -0.000045 -1.000000 0.000448 -0.000012 -0.999999 0.001525 -0.000041 -0.000000 0.999643 0.026713 -0.000000 0.999825 0.018684 -0.000000 0.999876 0.015757 -0.000000 0.999745 0.022598 0.000000 -0.577355 -0.816493 0.000000 -0.577351 -0.816496 0.000000 -0.577347 -0.816499 0.000000 -0.999981 -0.006135 0.000000 -0.999890 -0.014826 0.000000 -0.999873 -0.015953 0.000000 -0.999968 -0.007988 -0.000001 -1.000000 -0.000003 -0.000001 -1.000000 -0.000003 0.000000 -0.577344 -0.816501 0.000000 -0.577348 -0.816498 0.000000 -0.706782 -0.707431 0.000000 -0.706786 -0.707428 0.000000 -0.706786 -0.707428 0.000000 -0.706782 -0.707431 0.000001 0.707425 0.706788 0.000001 0.707422 0.706792 0.000001 0.707422 0.706792 0.000001 0.707425 0.706789 -0.000001 -0.999875 -0.015823 -0.000001 -0.999757 -0.022029 -0.000001 -0.999703 -0.024352 -0.000001 -0.999827 -0.018592 0.000001 -0.577355 -0.816493 -0.000000 0.014132 0.999900 -0.000000 0.019467 0.999810 -0.000000 0.020774 0.999784 -0.000000 0.015679 0.999877 0.000000 1.000000 0.000000 -1.000000 -0.000000 0.000000 -1.000000 0.000000 -0.000000 -1.000000 0.000000 -0.000000 -1.000000 -0.000001 0.000001 
						-1.000000 -0.000000 0.000000 -1.000000 -0.000000 0.000000 0.000000 -0.707107 0.707107 0.000000 -0.707107 0.707107 0.000000 -0.707107 0.707107 0.000000 -0.707107 0.707107 -0.000000 -0.707107 0.707107 -0.000000 -0.707107 0.707107 -0.000000 -0.707107 0.707107 -0.000000 -0.707107 0.707107 -1.000000 -0.000000 0.000000 -1.000000 -0.000000 0.000000 -1.000000 -0.000000 0.000000 -1.000000 -0.000000 0.000000 1.000000 0.000000 0.000000 1.000000 0.000000 0.000000 1.000000 0.000000 0.000000 1.000000 0.000000 0.000000 
					</float_array>
					<technique_common>
						<accessor count="2706" offset="0" source="#meshId0-tangents-array" stride="3">
							<param name="X" type="float" />
							<param name="Y" type="float" />
							<param name="Z" type="float" />
						</accessor>
					</technique_common>
				</source>
				<source id="meshId0-bitangents" name="meshId0-bitangents">
					<float_array id="meshId0-bitangents-array" count="8118"> 
						-0.000000 -1.000000 0.000000 0.000000 -1.000000 0.000000 0.000000 -1.000000 0.000000 0.000000 -1.000000 0.000000 0.000000 -1.000000 0.000000 0.000000 -1.000000 0.000000 0.000000 -1.000000 0.000000 0.000000 -1.000000 0.000000 0.000000 1.000000 0.000000 0.000000 1.000000 0.000000 0.000000 1.000000 0.000000 0.000000 1.000000 0.000000 -0.408248 -0.816497 0.408248 -0.408248 -0.816497 0.408248 -0.408248 -0.816497 0.408248 0.000000 0.000000 1.000000 0.000000 0.000000 1.000000 0.000000 0.000000 1.000000 0.000000 0.000000 1.000000 0.000001 -1.000000 -0.000000 0.000001 -1.000000 -0.000000 0.000001 -1.000000 -0.000000 0.000001 -1.000000 -0.000000 0.000000 -0.707107 0.707107 0.000000 -0.707107 0.707107 0.000001 -0.707107 0.707107 0.000001 -0.707107 0.707107 -0.707107 0.707106 0.000000 -0.707108 0.707106 0.000000 -0.707107 0.707107 0.000000 -0.707108 0.707106 0.000000 0.707107 0.707107 -0.000000 0.707107 0.707107 -0.000000 0.707107 0.707107 -0.000000 0.707107 0.707107 -0.000000 -0.000000 1.000000 -0.000000 0.000000 1.000000 -0.000000 -0.000000 1.000000 -0.000000 -0.000000 1.000000 -0.000000 0.000000 0.000000 1.000000 0.000000 0.000004 1.000000 0.000000 0.000000 1.000000 0.000000 0.000000 1.000000 0.707107 0.707107 0.000000 0.707107 0.707107 0.000000 0.707107 0.707107 0.000000 0.707107 0.707107 0.000000 -1.000000 0.000001 -0.000000 -1.000000 0.000002 -0.000000 -1.000000 0.000000 0.000000 -1.000000 0.000003 -0.000000 1.000000 0.000000 0.000000 1.000000 0.000002 0.000000 1.000000 -0.000007 0.000000 1.000000 -0.000000 0.000000 0.000000 1.000000 0.000000 0.000000 1.000000 0.000000 0.000000 1.000000 0.000000 0.000000 1.000000 0.000000 1.000000 0.000000 0.000000 1.000000 0.000000 0.000000 1.000000 0.000000 0.000000 1.000000 0.000000 0.000000 -0.000004 1.000000 -0.000000 
						0.000007 1.000000 0.000000 0.000012 1.000000 0.000000 -0.000002 1.000000 -0.000000 0.000000 -0.000000 1.000000 0.000000 0.000007 1.000000 -0.000001 -1.000000 -0.000001 -0.000001 -1.000000 -0.000002 0.000000 1.000000 0.000000 0.000000 1.000000 0.000000 0.000000 -1.000000 0.000000 0.000000 -1.000000 0.000000 0.000000 -1.000000 0.000000 0.000000 -1.000000 0.000000 -0.000000 -1.000000 0.000000 -0.000001 -1.000000 0.000000 0.707109 0.707105 0.000000 0.707112 0.707102 0.000000 0.707112 0.707102 0.000000 0.707109 0.707105 0.000000 -0.043364 0.999059 -0.000001 -0.043364 0.999059 -0.000001 -0.043364 0.999059 -0.000000 -0.043364 0.999059 -0.000001 -0.707107 -0.707107 -0.000000 -0.707107 -0.707107 0.000000 -0.707107 -0.707107 0.000002 -0.707107 -0.707107 0.000001 0.043364 -0.999059 -0.000000 0.043364 -0.999059 0.000001 0.043364 -0.999059 0.000002 0.043364 -0.999059 0.000000 0.000000 -1.000000 0.000000 0.000000 -1.000000 0.000000 0.000000 -1.000000 0.000000 0.000000 -1.000000 0.000000 0.707107 0.707107 -0.000000 0.707107 0.707107 -0.000001 0.707107 0.707107 -0.000002 0.707107 0.707107 -0.000002 -0.000000 1.000000 -0.000000 -0.000000 1.000000 -0.000000 -1.000000 -0.000012 0.000000 -1.000000 0.000006 0.000000 -1.000000 0.000008 0.000000 -1.000000 -0.000001 0.000000 0.707108 0.707105 -0.000000 0.707105 0.707108 0.000000 0.707105 0.707108 0.000000 0.707108 0.707105 0.000000 0.000001 1.000000 -0.000000 -0.000002 1.000000 -0.000000 0.707112 0.707102 -0.000000 0.707109 0.707105 -0.000000 0.707109 0.707105 -0.000000 0.707112 0.707102 -0.000000 1.000000 0.000000 0.000000 1.000000 0.000004 -0.000000 1.000000 0.000005 -0.000000 1.000000 0.000001 -0.000000 0.000009 1.000000 0.000000 -0.000003 1.000000 0.000000 -0.000007 1.000000 0.000000 0.000007 1.000000 0.000000 0.000001 1.000000 0.000000 
						0.000001 1.000000 0.000000 0.000002 1.000000 0.000000 0.000002 1.000000 0.000000 -1.000000 -0.000000 0.000000 -1.000000 -0.000000 0.000000 -1.000000 -0.000000 0.000000 -1.000000 -0.000000 0.000000 1.000000 0.000000 0.000000 1.000000 -0.000000 -0.000000 1.000000 -0.000000 -0.000000 1.000000 -0.000000 -0.000000 -0.000000 -1.000000 -0.000001 -0.000000 -1.000000 -0.000001 0.000000 -1.000000 -0.000001 -0.000000 -1.000000 -0.000001 1.000000 0.000000 0.000000 1.000000 0.000000 0.000000 1.000000 0.000000 0.000000 1.000000 0.000000 0.000000 1.000000 0.000000 0.000000 1.000000 0.000000 0.000000 1.000000 0.000000 0.000000 1.000000 0.000000 0.000000 1.000000 0.000000 0.000003 1.000000 0.000000 0.000001 1.000000 0.000000 0.000008 1.000000 0.000000 0.000007 0.000000 -0.707107 -0.707107 0.000000 -0.707107 -0.707107 0.000000 -0.707107 -0.707107 0.000000 -0.707107 -0.707107 -0.000000 -1.000000 0.000001 -0.000000 -1.000000 0.000001 0.000000 0.000000 -1.000000 0.000000 0.000000 -1.000000 0.000000 0.000000 -1.000000 0.000000 0.000000 -1.000000 0.000000 -0.000000 1.000000 0.000000 0.000000 1.000000 0.000000 0.000000 1.000000 0.000000 0.000000 1.000000 0.000000 1.000000 0.000000 0.000000 1.000000 0.000000 0.000000 1.000000 0.000000 0.000000 1.000000 0.000000 0.000000 1.000000 -0.000000 0.000000 1.000000 0.000000 0.000000 1.000000 0.000000 0.000000 1.000000 -0.000000 1.000000 0.000000 -0.000001 1.000000 0.000000 -0.000001 1.000000 0.000000 -0.000001 1.000000 0.000000 -0.000001 -1.000000 -0.000000 0.000000 -1.000000 -0.000000 0.000000 -1.000000 -0.000000 0.000000 -1.000000 -0.000000 0.000000 -1.000000 0.000000 -0.000000 -1.000000 0.000000 -0.000000 -1.000000 0.000000 -0.000000 -1.000000 0.000000 -0.000000 1.000000 -0.000001 -0.000000 1.000000 -0.000003 0.000000 -1.000000 0.000000 0.000002 
						-1.000000 0.000000 -0.000002 -1.000000 0.000000 -0.000002 -1.000000 0.000000 0.000002 0.000000 0.000000 -1.000000 0.000000 0.000000 -1.000000 0.000000 1.000000 0.000001 0.000000 1.000000 0.000001 0.707107 0.707107 0.000000 0.707107 0.707107 0.000000 0.000000 1.000000 -0.000000 1.000000 0.000000 0.000000 1.000000 0.000000 0.000000 0.000000 0.000000 -1.000000 0.000000 0.000000 -1.000000 0.000000 0.000000 -1.000000 0.000000 0.000000 -1.000000 0.000000 1.000000 0.000000 0.000000 1.000000 0.000000 0.000000 0.000000 1.000000 0.000000 0.000000 1.000000 -0.000000 -1.000000 0.000000 0.000000 -1.000000 0.000000 0.000325 -1.000000 0.000000 -0.000104 -1.000000 0.000000 -0.000104 -1.000000 0.000000 0.000326 -1.000000 0.000000 -1.000000 0.000000 0.000000 -1.000000 0.000000 0.000000 -1.000000 0.000000 0.000000 0.000000 -1.000000 0.000000 0.000000 -1.000000 0.000000 0.000000 1.000000 -0.000000 0.000000 1.000000 -0.000000 -1.000000 -0.000003 0.000000 0.000000 -0.000000 1.000000 0.000000 -0.000000 1.000000 0.000000 -0.000000 1.000000 1.000000 0.000000 0.000005 1.000000 0.000000 0.000000 0.000000 0.000000 1.000000 0.000000 0.000000 1.000000 -0.000000 -0.000000 1.000000 0.000000 0.000000 1.000000 1.000000 0.000000 0.000000 1.000000 0.000000 0.000000 1.000000 0.000000 0.000000 1.000000 0.000000 0.000000 0.999999 0.000000 -0.001431 0.999999 0.000000 -0.001430 0.999999 0.000000 -0.001430 0.999999 0.000000 -0.001430 -0.000458 -1.000000 0.000333 -0.000458 -1.000000 0.000425 -0.000457 -1.000000 0.000690 -0.000457 -1.000000 0.000597 0.000000 -1.000000 0.000004 0.000000 -1.000000 0.000003 0.000000 -1.000000 0.000000 0.000000 -1.000000 0.000001 0.000000 -1.000000 0.000000 0.000000 -1.000000 0.000000 0.000000 -1.000000 0.000000 0.000000 -1.000000 0.000000 0.000337 -1.000000 0.000000 
						0.000649 -1.000000 0.000000 0.000660 -1.000000 0.000000 0.000336 -1.000000 0.000000 0.000000 -1.000000 0.000000 0.000000 -1.000000 0.000000 0.000325 -1.000000 0.000000 -0.000104 -1.000000 0.000000 0.000000 1.000000 0.000000 0.000001 1.000000 0.000000 -0.000000 1.000000 -0.000000 0.000002 1.000000 -0.000000 0.707117 0.707096 0.000000 0.707112 0.707102 0.000000 0.707117 0.707097 0.000000 -0.000000 1.000000 0.000000 -1.000000 0.000008 0.000000 -1.000000 -0.000000 0.000000 1.000000 0.000002 0.000000 1.000000 0.000005 0.000000 -1.000000 0.000000 0.000000 -0.707107 0.707107 0.000000 -0.707108 0.707106 0.000000 0.000000 1.000000 -0.000000 0.000000 1.000000 -0.000000 0.000000 1.000000 -0.000000 -1.000000 0.000000 -0.000001 -1.000000 0.000000 -0.000001 0.000000 1.000000 -0.000000 1.000000 0.000000 0.000000 0.707107 0.707107 -0.000000 0.707107 0.707107 -0.000000 -0.043364 0.999059 0.000002 -0.043364 0.999059 0.000001 0.000000 1.000000 0.000005 0.000000 1.000000 0.000000 0.000000 1.000000 0.000000 -0.000000 1.000000 -0.000002 -0.000000 1.000000 -0.000000 0.000000 0.000000 -1.000000 0.000000 0.000000 -1.000000 0.000000 0.000000 -1.000000 0.000000 0.000000 -1.000000 -0.000000 1.000000 0.000000 -0.000000 1.000000 0.000000 -0.000000 1.000000 0.000000 -0.000000 1.000000 0.000000 0.000000 1.000000 0.000000 0.000000 1.000000 0.000000 0.000000 1.000000 0.000000 0.000000 1.000000 0.000000 0.007370 -0.999968 0.003053 -0.004059 -0.999990 -0.001681 -0.005785 -0.999967 -0.005786 0.003289 -0.999989 0.003288 -0.005737 -0.999888 -0.013852 0.000536 -0.999999 0.001293 0.011336 -0.999936 -0.000000 -0.003451 -0.999994 -0.000000 -0.000000 -0.999997 -0.002210 -0.000000 -0.999999 -0.001662 -0.001108 -0.999996 0.002674 0.001231 -0.999995 -0.002973 0.004338 -0.999981 -0.004338 0.004224 -0.999982 -0.004224 
						0.002568 -0.999996 -0.001064 0.007304 -0.999969 -0.003025 0.004860 -0.999988 -0.000000 0.010347 -0.999946 -0.000000 0.006472 -0.999975 0.002680 0.012026 -0.999915 0.004981 0.013036 -0.999830 0.013036 0.011311 -0.999872 0.011311 0.018106 -0.998880 0.043713 0.007494 -0.999808 0.018094 -0.000000 -0.997702 0.067761 -0.000000 -0.999732 0.023154 -0.000000 -0.999773 -0.021322 -0.000000 -0.998262 -0.058929 0.019919 -0.998644 -0.048088 0.008385 -0.999760 -0.020244 0.014697 -0.999784 -0.014697 0.013753 -0.999811 -0.013753 -0.003253 -0.999994 0.001347 0.013706 -0.999890 -0.005677 -0.005972 -0.999964 0.005972 0.007808 -0.999939 -0.007809 -0.011319 -0.999925 0.004688 0.011033 -0.999929 -0.004570 -0.014070 -0.999324 0.033967 0.015148 -0.999216 -0.036572 -0.000000 -0.999030 0.044029 -0.000000 -0.999040 -0.043807 -0.006811 -0.999842 -0.016442 0.017311 -0.998976 0.041792 -0.000000 -0.998582 0.053241 -0.000000 -0.999587 -0.028733 0.006540 -0.999957 0.006540 0.010978 -0.999880 0.010978 0.020558 -0.999752 0.008515 -0.006463 -0.999976 -0.002677 0.019359 -0.999813 -0.000000 -0.005687 -0.999984 -0.000000 0.018583 -0.999798 -0.007697 -0.004460 -0.999988 0.001847 0.006538 -0.999957 -0.006538 -0.004442 -0.999980 0.004442 0.004700 -0.999925 -0.011348 -0.004289 -0.999937 0.010355 -0.000000 -0.999953 -0.009713 -0.000000 -0.999968 -0.008047 0.004278 -0.999938 0.010329 0.000056 -1.000000 0.000134 0.004644 -0.999978 0.004644 0.003071 -0.999991 0.003071 0.005918 -0.999979 0.002451 -0.012917 -0.999902 -0.005351 -0.011849 -0.999930 -0.000000 0.008926 -0.999960 -0.000000 -0.202057 -0.854572 -0.478414 -0.003337 -0.854572 -0.519323 -0.007931 -0.854549 -0.519310 -0.206374 -0.854548 -0.476610 -0.360828 -0.854543 -0.373576 -0.358617 -0.854515 -0.375762 -0.474605 -0.854501 -0.211137 -0.468728 -0.854233 -0.224899 -0.516574 -0.850055 -0.102754 -0.515446 -0.848200 -0.121951 
						-0.475331 -0.854521 0.209415 -0.514596 -0.846800 0.134618 -0.513070 -0.844289 0.154711 -0.467905 -0.854181 0.226803 -0.368757 -0.854578 0.365671 -0.363816 -0.854570 0.370605 -0.200594 -0.854578 0.479019 -0.203199 -0.854570 0.477934 -0.001444 -0.854576 0.519324 -0.003798 -0.854571 0.519321 0.197333 -0.854576 0.480374 0.195484 -0.854572 0.481137 0.365570 -0.854577 0.368859 0.363753 -0.854569 0.370669 0.478265 -0.854573 0.202403 0.476651 -0.854551 0.206266 0.519306 -0.854551 -0.007977 0.519296 -0.854534 -0.010177 0.482540 -0.854557 -0.192059 0.482092 -0.854564 -0.193151 0.363875 -0.854570 -0.370547 0.365427 -0.854577 -0.369001 0.195559 -0.854572 -0.481107 0.190388 -0.854542 -0.483229 0.006627 -0.854558 0.519314 -0.194261 -0.854565 0.481645 -0.196125 -0.854571 0.480877 0.004392 -0.854568 0.519320 0.000686 -0.854575 -0.519328 0.198345 -0.854574 -0.479961 0.196213 -0.854571 -0.480842 -0.001946 -0.854574 -0.519327 -0.363730 -0.854565 0.370700 -0.365674 -0.854573 0.368764 0.365749 -0.854572 -0.368693 0.363468 -0.854562 -0.370965 -0.476952 -0.854554 0.205561 -0.478672 -0.854573 0.201439 0.478191 -0.854568 -0.202600 0.475986 -0.854533 -0.207869 -0.519288 -0.854516 -0.011965 -0.519307 -0.854548 -0.008183 0.519323 -0.854574 -0.002610 0.519320 -0.854570 -0.004145 -0.478764 -0.854572 -0.201224 -0.478143 -0.854567 -0.202715 0.485854 -0.854469 0.183925 0.482382 -0.854559 0.192448 -0.351336 -0.854360 -0.382925 -0.347182 -0.854235 -0.386972 0.374052 -0.854536 0.360351 0.370128 -0.854569 0.364303 -0.187523 -0.854512 -0.484401 -0.194237 -0.854565 -0.481654 0.202083 -0.854570 0.478407 0.202094 -0.854570 0.478402 0.015227 -0.854477 -0.519266 0.011570 -0.854519 -0.519291 0.007725 -0.854551 0.519309 0.005754 -0.854563 0.519316 0.215094 -0.854442 -0.472931 0.210031 -0.854512 -0.475074 -0.194090 -0.854567 0.481711 -0.194103 -0.854567 0.481706 
						0.369748 -0.854574 -0.364678 0.373939 -0.854540 -0.360459 -0.348442 -0.854280 0.385737 -0.351079 -0.854357 0.383167 0.478846 -0.854578 -0.201005 0.486060 -0.854463 -0.183407 -0.471570 -0.854385 0.218284 -0.468113 -0.854193 0.226328 0.516119 -0.849316 -0.110834 0.517033 -0.850819 -0.093726 -0.513755 -0.845412 0.146063 -0.511926 -0.842403 0.168196 0.513776 -0.845459 0.145714 0.471302 -0.854374 0.218904 0.478800 -0.854576 0.201124 0.515263 -0.847907 0.124734 -0.515890 -0.848926 -0.114811 -0.470767 -0.854346 -0.220162 -0.464395 -0.853918 -0.234865 -0.514600 -0.846803 -0.134575 0.367848 -0.854576 0.366589 0.372734 -0.854550 0.361682 -0.355849 -0.854467 -0.378493 -0.352634 -0.854397 -0.381648 0.207097 -0.854541 0.476309 0.204632 -0.854559 0.477341 -0.197051 -0.854575 -0.480492 -0.200110 -0.854576 -0.479225 -0.408247 -0.816497 -0.408249 -0.408248 -0.816497 -0.408249 -0.408248 -0.816497 -0.408248 -0.408247 -0.816497 -0.408249 -0.408247 -0.816497 -0.408249 -0.408248 -0.816497 -0.408248 -0.000000 -1.000000 0.000000 -0.000000 -1.000000 0.000000 -0.000000 -1.000000 0.000000 -0.000000 -1.000000 0.000000 0.000001 -1.000000 -0.000001 0.000000 -1.000000 -0.000000 0.707107 0.707106 -0.000001 0.707107 0.707106 -0.000001 0.707107 0.707106 -0.000001 -0.707106 -0.000001 0.707107 -0.707106 -0.000000 0.707107 -0.707107 0.000000 0.707106 -0.707107 0.000000 0.707106 0.000000 -0.707107 -0.707106 0.000000 -0.707107 -0.707107 -0.000001 -0.707106 -0.707107 -0.000000 -0.707106 -0.707107 0.707107 0.707106 0.000001 0.707107 0.707106 0.000000 0.707106 0.707107 -0.000000 0.707106 0.707107 -0.000000 -0.707107 0.000000 0.707107 -0.707107 0.000000 0.707107 -0.707107 0.000000 0.707107 -0.707107 0.000000 0.707107 -0.000000 -1.000000 -0.000000 -0.000000 -1.000000 -0.000000 -0.000000 -1.000000 -0.000000 -0.000000 -1.000000 -0.000000 0.707112 0.000000 -0.707102 
						0.707111 0.000000 -0.707102 0.707107 0.000000 -0.707107 0.707107 0.000000 -0.707106 0.000000 1.000000 0.000000 0.000000 1.000000 0.000000 0.000005 1.000000 0.000005 0.000005 1.000000 0.000005 -0.707107 0.000000 0.707107 -0.707107 0.000000 0.707107 -0.707107 0.000000 0.707107 -0.707107 0.000000 0.707107 1.000000 -0.000000 -0.000004 1.000000 -0.000000 -0.000004 1.000000 -0.000000 -0.000004 1.000000 0.000013 -0.000000 1.000000 0.000000 0.000000 -1.000000 -0.000000 0.000000 -1.000000 -0.000000 0.000000 -1.000000 -0.000000 0.000000 -1.000000 -0.000000 0.000000 1.000000 -0.000002 0.000000 1.000000 -0.000001 0.000000 1.000000 0.000000 0.000000 1.000000 -0.000008 0.000000 1.000000 0.000000 -0.000001 1.000000 0.000000 -0.000001 0.000001 -1.000000 0.000000 0.000000 -1.000000 0.000000 1.000000 0.000000 0.000000 1.000000 0.000000 0.000000 1.000000 0.000004 -0.000000 1.000000 0.000001 0.000000 1.000000 0.000000 0.000000 1.000000 0.000004 -0.000000 1.000000 0.000000 0.000000 1.000000 0.000000 0.000000 1.000000 0.000000 0.000000 1.000000 0.000000 0.000000 1.000000 0.000000 0.000001 1.000000 -0.000000 0.000003 1.000000 0.000000 0.000003 1.000000 0.000000 0.000002 1.000000 0.000028 0.000000 1.000000 0.000000 0.000000 1.000000 0.000000 0.000000 1.000000 0.000000 0.000000 1.000000 0.000000 0.000000 1.000000 0.000003 -0.000000 1.000000 0.000000 0.000000 0.000000 -1.000000 0.000000 1.000000 0.000000 0.000000 1.000000 0.000000 0.000000 0.000000 -1.000000 -0.000001 0.000000 -1.000000 -0.000001 0.000000 -1.000000 -0.000001 0.000000 -1.000000 -0.000001 0.000000 -1.000000 0.000001 0.000000 -1.000000 0.000001 0.000000 -1.000000 0.000000 0.000000 -1.000000 0.000000 0.000000 -1.000000 0.000000 0.000000 -0.707107 0.707107 -0.000001 -0.707107 0.707107 -0.500000 -0.612373 -0.612372 
						-0.500000 -0.612373 -0.612373 -0.499998 -0.612373 -0.612373 -0.499999 -0.612373 -0.612373 1.000000 0.000000 0.000000 1.000000 0.000000 0.000000 -0.000000 -0.816507 -0.577335 -0.000000 -0.816499 -0.577347 -0.000000 -0.816493 -0.577356 -0.000000 -0.816497 -0.577350 0.999998 0.000000 0.001791 0.999998 0.000000 0.001791 0.999998 0.000000 0.001791 0.999998 0.000000 0.001791 0.000000 1.000000 0.000000 0.000000 1.000000 0.000000 0.000000 1.000000 0.000000 1.000000 0.000000 -0.000000 1.000000 0.000000 0.000000 -0.000000 0.019941 -0.999801 -0.000000 0.022100 -0.999756 -0.000000 0.022640 -0.999744 -0.000000 0.020705 -0.999786 0.000000 -1.000000 0.000000 0.000000 -1.000000 0.000000 0.000000 -1.000000 0.000000 1.000000 -0.000000 0.000000 1.000000 -0.000000 0.000000 1.000000 0.000000 0.000000 0.000000 -0.999989 0.004695 0.000000 -0.999996 0.002985 0.000000 -0.999996 0.002807 0.000000 -0.999990 0.004447 0.000000 -0.012339 0.999924 0.000000 -0.010492 0.999945 0.000000 -0.008476 0.999964 0.000000 -0.010324 0.999947 0.000000 -1.000000 0.000000 0.000001 -0.707107 0.707107 0.000001 -0.707107 0.707107 0.000000 0.010227 -0.999948 0.000000 0.007599 -0.999971 0.000000 0.004733 -0.999989 0.000000 0.007361 -0.999973 0.000000 -1.000000 0.000000 0.000000 -1.000000 -0.000000 0.000000 -1.000000 0.000000 0.000000 -1.000000 0.000000 1.000000 0.000000 0.000000 1.000000 0.000000 0.000000 1.000000 0.000000 0.000000 1.000000 0.000000 0.000000 0.999989 0.004750 0.000000 0.999985 -0.005566 0.000000 0.999964 -0.008504 0.000000 0.999998 0.001812 -0.000000 0.999976 0.000252 0.006863 1.000000 0.000024 0.000649 0.999972 -0.000277 -0.007531 0.999999 -0.000048 -0.001317 1.000000 0.000000 0.000000 1.000000 0.000000 0.000000 1.000000 0.000000 0.000000 1.000000 0.000000 0.000000 1.000000 0.000000 0.000000 
						1.000000 0.000000 0.000000 1.000000 0.000000 0.000000 1.000000 0.000000 0.000000 0.999996 -0.000000 -0.002950 0.999999 0.000000 0.001225 0.999996 0.000000 0.002841 0.999999 0.000000 -0.001333 1.000000 0.000000 0.000000 1.000000 0.000000 0.000000 1.000000 0.000000 0.000000 1.000000 0.000000 0.000000 1.000000 -0.000317 -0.000317 1.000000 -0.000317 -0.000317 1.000000 -0.000317 -0.000317 1.000000 -0.000317 -0.000317 0.999991 -0.004160 -0.000111 1.000000 -0.000496 -0.000013 0.999993 0.003662 0.000098 1.000000 -0.000002 -0.000000 0.000000 -0.999706 0.024254 0.000000 -0.999613 0.027829 0.000000 -0.999575 0.029132 0.000000 -0.999660 0.026086 0.000000 0.816493 0.577355 0.000000 0.816493 0.577355 0.000000 0.816493 0.577355 0.000000 0.999991 -0.004292 0.000000 0.999995 -0.003125 0.000000 0.999996 -0.002974 0.000000 0.999992 -0.004044 0.000001 1.000000 -0.000000 0.000001 1.000000 -0.000000 0.000000 0.816493 0.577355 0.000000 0.816493 0.577355 0.000000 0.706789 -0.707424 0.000000 0.706790 -0.707423 0.000000 0.706790 -0.707423 0.000000 0.706789 -0.707424 -0.000001 -0.707424 0.706790 -0.000001 -0.707424 0.706790 -0.000001 -0.707424 0.706790 -0.000001 -0.707423 0.706790 0.000001 0.999708 -0.024158 0.000001 0.999597 -0.028383 0.000001 0.999551 -0.029964 0.000001 0.999661 -0.026043 -0.000001 -0.816481 -0.577372 -0.000001 -0.816481 -0.577372 -0.000001 -0.816481 -0.577372 0.000000 -0.021208 0.999775 0.000000 -0.022746 0.999741 0.000000 -0.023123 0.999733 0.000000 -0.021654 0.999766 0.000000 -1.000000 -0.000000 0.000000 -0.707107 -0.707107 -0.000001 -0.707107 -0.707107 -0.000001 -0.707107 -0.707107 -0.000000 -0.707107 -0.707107 -0.000001 -0.707107 -0.707107 -0.000003 -0.707107 -0.707107 0.000001 -0.707107 -0.707107 0.000001 -0.707107 -0.707107 0.000000 -0.707107 -0.707107 0.000000 -0.707107 -0.707107 
						0.000000 -0.707107 -0.707107 0.000000 -0.707107 -0.707107 0.000000 0.707107 0.707107 0.000000 0.707107 0.707107 0.000000 0.707107 0.707107 0.000000 0.707107 0.707107 1.000000 0.000000 0.000000 1.000000 0.000000 0.000000 1.000000 0.000000 0.000000 1.000000 0.000000 0.000000 -1.000000 -0.000000 0.000000 -1.000000 -0.000000 0.000000 -1.000000 -0.000000 0.000000 -1.000000 -0.000000 0.000000 0.000001 -1.000000 0.000000 0.000000 -1.000000 0.000000 0.000000 -1.000000 0.000000 0.000000 -1.000000 0.000000 0.000001 -1.000000 -0.000001 0.000000 -1.000000 -0.000000 0.000000 -1.000000 -0.000000 0.000000 -1.000000 -0.000000 0.000000 1.000000 -0.000001 0.000000 1.000000 -0.000001 0.000000 1.000000 0.000000 0.000000 1.000000 0.000000 0.408249 -0.816497 0.408248 0.408249 -0.816497 0.408248 0.408249 -0.816497 0.408248 -0.707107 0.707107 0.000000 -0.707107 0.707107 0.000000 -0.707107 0.707107 0.000000 -0.707107 0.707107 0.000000 0.000000 -1.000000 0.000001 0.000001 -1.000000 0.000002 0.000001 -1.000000 0.000002 0.000000 -1.000000 0.000001 0.000000 -0.707107 0.707107 0.000000 -0.707107 0.707107 0.000000 -0.707107 0.707107 0.000000 -0.707107 0.707107 -0.707106 0.707107 -0.000000 -0.707106 0.707107 -0.000000 -0.707103 0.707111 -0.000000 -0.707103 0.707111 -0.000000 -0.707107 0.707107 -0.000002 -0.707107 0.707107 -0.000002 -0.707107 0.707107 -0.000002 -0.707107 0.707107 -0.000002 -0.000000 1.000000 -0.000000 -0.000000 1.000000 -0.000000 -0.000000 1.000000 -0.000000 -0.000000 1.000000 -0.000000 0.000000 1.000000 -0.000001 0.000000 1.000000 0.000001 0.000000 1.000000 0.000002 0.000000 1.000000 0.000003 0.707107 -0.707107 -0.000000 0.707107 -0.707107 -0.000000 0.707107 -0.707107 -0.000000 0.707107 -0.707107 -0.000000 -0.000003 1.000000 0.000000 0.000006 1.000000 0.000000 0.000001 1.000000 0.000000 
						0.000000 1.000000 0.000000 1.000000 0.000010 0.000000 1.000000 0.000013 0.000000 1.000000 -0.000006 0.000000 1.000000 -0.000002 0.000000 0.000000 -1.000000 -0.000007 0.000000 -1.000000 -0.000002 0.000000 -1.000000 -0.000000 0.000000 -1.000000 -0.000006 1.000000 0.000000 0.000000 1.000000 0.000000 0.000000 1.000000 0.000000 0.000000 1.000000 0.000000 0.000000 -0.000013 -1.000000 0.000000 -0.000012 -1.000000 0.000000 0.000001 -1.000000 -0.000000 -0.000004 -1.000000 0.000000 0.000000 1.000000 -0.000001 0.000000 1.000000 0.000002 0.000002 -1.000000 -0.000000 0.000002 -1.000000 -0.000000 0.000000 1.000000 -0.000003 0.000000 1.000000 -0.000003 0.000000 -1.000000 -0.000000 0.000000 -1.000000 -0.000000 -0.000000 -1.000000 0.000000 0.000000 -1.000000 -0.000000 0.000000 -1.000000 0.000000 -0.000001 -1.000000 0.000000 0.707109 -0.707104 -0.000000 0.707109 -0.707105 -0.000000 0.707108 -0.707105 -0.000000 0.707108 -0.707105 -0.000000 -0.043364 -0.999059 0.000003 -0.043364 -0.999059 0.000002 -0.043364 -0.999059 0.000002 -0.043364 -0.999059 0.000002 -0.707107 0.707107 0.000000 -0.707107 0.707107 0.000000 -0.707107 0.707107 0.000000 -0.707107 0.707107 0.000000 0.043364 0.999059 0.000000 0.043364 0.999059 0.000000 0.043364 0.999059 0.000000 0.043364 0.999059 0.000000 0.000003 1.000000 -0.000000 0.000003 1.000000 -0.000000 -0.000003 1.000000 -0.000000 -0.000003 1.000000 -0.000000 0.707107 -0.707107 0.000001 0.707107 -0.707107 0.000001 0.707107 -0.707107 0.000001 0.707107 -0.707107 0.000001 -0.000000 1.000000 -0.000000 -0.000000 1.000000 -0.000000 0.000000 -1.000000 0.000000 0.000000 -1.000000 0.000000 0.000000 -1.000000 0.000000 0.000000 -1.000000 0.000000 -0.707105 0.707108 -0.000000 -0.707105 0.707108 -0.000000 -0.707109 0.707104 -0.000000 -0.707109 0.707105 -0.000000 -0.000012 1.000000 -0.000000 
						-0.000010 1.000000 -0.000000 0.707108 -0.707106 0.000000 0.707108 -0.707106 0.000000 0.707108 -0.707105 0.000000 0.707108 -0.707105 0.000000 1.000000 -0.000012 0.000000 1.000000 -0.000009 0.000000 1.000000 0.000006 -0.000000 1.000000 0.000002 -0.000000 0.000011 -1.000000 0.000000 0.000011 -1.000000 0.000000 0.000004 -1.000000 0.000000 0.000006 -1.000000 0.000000 0.000001 1.000000 0.000000 0.000000 1.000000 0.000000 -1.000000 -0.000000 0.000000 -1.000000 -0.000000 0.000000 1.000000 0.000000 0.000000 1.000000 -0.000000 -0.000000 0.000000 -1.000000 -0.000001 0.000000 -1.000000 -0.000001 1.000000 -0.000001 0.000000 1.000000 0.000000 0.000000 1.000000 0.000000 0.000000 1.000000 0.000000 0.000000 1.000000 0.000000 0.000003 1.000000 0.000000 0.000006 0.000000 0.707107 0.707107 0.000000 0.707107 0.707107 0.000000 0.707107 0.707107 0.000000 0.707107 0.707107 0.000000 -1.000000 0.000001 0.000000 0.000000 -1.000000 0.000000 0.000000 -1.000000 0.000000 -1.000000 -0.000000 0.000000 -1.000000 -0.000000 0.000000 -1.000000 -0.000000 0.000000 -1.000000 -0.000000 0.000000 1.000000 0.000000 0.000000 1.000000 0.000000 0.000000 1.000000 -0.000000 0.000000 1.000000 -0.000000 0.000000 -0.000000 1.000000 0.000000 -0.000000 1.000000 0.000000 -0.000000 1.000000 0.000000 -0.000000 1.000000 -0.000009 -1.000000 -0.000000 -0.000009 -1.000000 -0.000000 -0.000009 -1.000000 -0.000000 -0.000009 -1.000000 -0.000000 -0.000003 -1.000000 -0.000000 -0.000003 -1.000000 -0.000000 -0.000010 -1.000000 -0.000000 -0.000010 -1.000000 -0.000000 -1.000000 0.000000 -0.000007 -1.000000 0.000000 -0.000005 -1.000000 0.000000 -0.000000 -1.000000 0.000000 -0.000002 0.000000 -1.000000 0.000000 0.000000 -1.000000 0.000000 -1.000000 0.000000 0.000003 -1.000000 0.000000 0.000003 -1.000000 0.000000 0.000002 -1.000000 0.000000 0.000002 
						0.000001 0.000000 -1.000000 0.000000 1.000000 -0.000000 0.000000 1.000000 -0.000001 -0.707107 0.707107 0.000000 -0.707107 0.707107 0.000000 0.000000 1.000000 -0.000001 0.000000 -1.000000 0.000000 -0.000000 -1.000000 0.000000 0.000000 0.000000 1.000000 0.000000 0.000000 1.000000 0.000000 0.000000 1.000000 0.000000 0.000000 1.000000 0.000000 1.000000 0.000000 0.000000 1.000000 0.000000 0.000000 -1.000000 -0.000000 0.000000 -1.000000 -0.000000 0.000000 -1.000000 0.000000 -0.000326 1.000000 -0.000000 -0.000338 1.000000 -0.000000 -0.000780 1.000000 -0.000000 -0.000773 1.000000 -0.000000 0.000000 1.000000 -0.000000 0.000000 1.000000 -0.000000 0.000000 1.000000 -0.000000 0.000000 -1.000000 0.000000 -0.000000 -1.000000 0.000000 0.000000 1.000000 -0.000000 0.000000 1.000000 -0.000001 0.000002 1.000000 0.000000 0.000000 1.000000 0.000000 0.000000 1.000000 0.000000 0.000000 1.000000 0.000000 1.000000 0.000000 0.000000 0.000000 1.000000 -0.000003 0.000000 1.000000 -0.000002 -0.707107 0.707107 -0.000000 -0.707107 0.707107 0.000001 1.000000 0.000000 -0.000000 1.000000 -0.000000 -0.000000 1.000000 0.000000 -0.000001 1.000000 0.000000 -0.000001 0.999998 0.000000 0.002085 0.999998 0.000000 0.002085 0.999998 0.000000 0.002086 0.999998 0.000000 0.002085 -0.000458 1.000000 0.000333 -0.000458 1.000000 0.000061 -0.000458 1.000000 -0.000035 -0.000458 1.000000 0.000237 0.000000 1.000000 0.000003 0.000000 1.000000 -0.000000 0.000000 1.000000 -0.000001 0.000000 1.000000 0.000002 0.000003 1.000000 -0.000000 0.000003 1.000000 -0.000000 0.000000 1.000000 -0.000000 0.000000 1.000000 -0.000000 -0.000337 1.000000 -0.000000 -0.000336 1.000000 -0.000000 -0.000000 1.000000 -0.000000 -0.000011 1.000000 -0.000000 0.000000 1.000000 0.000000 0.000002 1.000000 0.000000 -0.000765 1.000000 -0.000000 
						-0.000312 1.000000 -0.000000 0.000001 1.000000 0.000000 0.000000 1.000000 -0.000000 -0.000001 1.000000 -0.000000 -0.707113 0.707100 0.000000 -0.707113 0.707101 0.000000 -0.707106 0.707108 0.000000 -0.000000 1.000000 0.000000 -0.000001 1.000000 0.000000 0.000000 1.000000 0.000000 1.000000 0.000000 0.000000 1.000000 -0.000001 0.000000 -0.000010 1.000000 0.000000 -0.707107 0.707107 -0.000000 -0.707117 0.707096 -0.000000 -0.707117 0.707097 -0.000000 0.000000 -0.000000 1.000000 0.000000 -0.000000 1.000000 0.000000 -0.000000 1.000000 -1.000000 0.000000 0.000003 -1.000000 0.000000 0.000003 0.000000 -0.000000 1.000000 1.000000 0.000000 0.000000 0.707107 -0.707107 0.000001 0.707107 -0.707107 0.000001 -0.043364 -0.999059 0.000003 -0.043364 -0.999059 0.000002 0.000000 -0.000000 1.000000 0.000000 0.000000 1.000000 0.000000 0.000000 1.000000 -0.000000 -0.000001 1.000000 0.000000 -0.000000 1.000000 -0.000000 1.000000 0.000000 -0.000000 1.000000 -0.000000 -0.000000 1.000000 -0.000000 -0.000000 1.000000 -0.000000 0.000000 -1.000000 0.000000 0.000000 -1.000000 0.000000 0.000000 -1.000000 0.000000 0.000000 -1.000000 0.000000 0.000000 -1.000000 -0.000000 0.000000 -1.000000 -0.000000 0.000000 -1.000000 -0.000000 0.000000 -1.000000 -0.000000 0.007310 0.999969 -0.003028 0.003269 0.999989 -0.003269 -0.005805 0.999966 0.005805 -0.004059 0.999990 0.001681 0.000521 0.999999 -0.001257 -0.005756 0.999887 0.013896 0.011269 0.999937 0.000000 -0.003481 0.999994 0.000000 -0.000000 0.999999 0.001671 0.000000 0.999997 0.002237 0.001235 0.999995 0.002983 -0.001100 0.999996 -0.002656 0.004270 0.999982 0.004270 0.004346 0.999981 0.004346 0.007355 0.999968 0.003046 0.002586 0.999996 0.001071 0.010385 0.999946 0.000000 0.004915 0.999988 0.000000 0.012062 0.999915 -0.004996 0.006490 0.999975 -0.002688 
						0.011343 0.999871 -0.011343 0.013048 0.999830 -0.013048 0.007513 0.999807 -0.018137 0.018121 0.998878 -0.043748 -0.000000 0.999731 -0.023190 0.000000 0.997702 -0.067761 0.000000 0.999773 0.021303 0.008381 0.999760 0.020234 0.019915 0.998645 0.048078 -0.000000 0.998263 0.058908 0.013732 0.999811 0.013732 0.014689 0.999784 0.014689 0.013662 0.999891 0.005659 -0.003287 0.999994 -0.001361 -0.005978 0.999964 -0.005978 0.011015 0.999929 0.004563 -0.011310 0.999925 -0.004685 0.007821 0.999939 0.007821 -0.014073 0.999324 -0.033975 0.015144 0.999217 0.036561 0.000000 0.999030 -0.044028 -0.000000 0.999041 0.043786 -0.006795 0.999842 0.016406 -0.000000 0.999590 0.028639 0.000000 0.998582 -0.053241 0.017312 0.998976 -0.041795 0.006534 0.999957 -0.006533 0.010984 0.999879 -0.010984 0.020575 0.999752 -0.008522 -0.006454 0.999976 0.002674 0.019407 0.999812 0.000000 -0.005666 0.999984 0.000000 0.018601 0.999797 0.007705 -0.004442 0.999988 -0.001840 0.006543 0.999957 0.006543 -0.004464 0.999980 -0.004464 0.004715 0.999924 0.011385 -0.004292 0.999937 -0.010361 0.000000 0.999952 0.009741 0.000000 0.999968 0.008048 0.004267 0.999938 -0.010302 0.000062 1.000000 -0.000151 0.004643 0.999978 -0.004643 0.003070 0.999991 -0.003070 0.005911 0.999979 -0.002448 -0.012899 0.999903 0.005343 0.008878 0.999961 0.000000 -0.011841 0.999930 0.000000 -0.202033 0.854572 0.478424 -0.206362 0.854548 0.476616 -0.007933 0.854549 0.519310 -0.003342 0.854571 0.519323 -0.360799 0.854544 0.373602 -0.358596 0.854516 0.375781 -0.474604 0.854502 0.211131 -0.468730 0.854235 0.224889 -0.516572 0.850056 0.102753 -0.515445 0.848202 0.121942 -0.475328 0.854521 -0.209418 -0.467904 0.854182 -0.226803 -0.513068 0.844290 -0.154713 -0.514594 0.846801 -0.134618 -0.368749 0.854577 -0.365679 -0.363807 0.854569 -0.370615 
						-0.200604 0.854577 -0.479015 -0.203201 0.854569 -0.477934 -0.001433 0.854576 -0.519324 -0.003781 0.854571 -0.519321 0.197333 0.854576 -0.480374 0.195492 0.854572 -0.481134 0.365559 0.854576 -0.368871 0.363735 0.854568 -0.370688 0.478270 0.854573 -0.202393 0.476654 0.854551 -0.206260 0.519305 0.854552 0.007965 0.519295 0.854535 0.010166 0.482544 0.854557 0.192051 0.482096 0.854564 0.193144 0.363888 0.854569 0.370536 0.365437 0.854576 0.368994 0.195560 0.854571 0.481107 0.190399 0.854542 0.483225 0.006593 0.854558 -0.519314 0.004368 0.854568 -0.519320 -0.196137 0.854572 -0.480871 -0.194266 0.854566 -0.481641 0.000650 0.854575 0.519327 -0.001983 0.854574 0.519327 0.196207 0.854571 0.480844 0.198328 0.854574 0.479968 -0.365696 0.854575 -0.368739 -0.363740 0.854566 -0.370688 0.363447 0.854562 0.370985 0.365725 0.854572 0.368717 -0.478685 0.854574 -0.201405 -0.476964 0.854554 -0.205529 0.475972 0.854534 0.207901 0.478180 0.854568 0.202626 -0.519307 0.854549 0.008201 -0.519287 0.854516 0.011986 0.519320 0.854570 0.004179 0.519322 0.854574 0.002642 -0.478130 0.854569 0.202742 -0.478748 0.854573 0.201257 0.482388 0.854558 -0.192437 0.485860 0.854469 -0.183913 -0.347184 0.854235 0.386969 -0.351339 0.854360 0.382922 0.370139 0.854568 -0.364294 0.374063 0.854536 -0.360341 -0.194202 0.854564 0.481669 -0.187497 0.854512 0.484412 0.202117 0.854570 -0.478392 0.202115 0.854570 -0.478394 0.011611 0.854519 0.519291 0.015273 0.854477 0.519265 0.005786 0.854563 -0.519316 0.007747 0.854551 -0.519309 0.210041 0.854512 0.475070 0.215100 0.854442 0.472928 -0.194062 0.854566 -0.481722 -0.194042 0.854566 -0.481730 0.373959 0.854540 0.360438 0.369753 0.854574 0.364672 -0.351076 0.854358 -0.383169 -0.348435 0.854280 -0.385744 0.486078 0.854463 0.183359 0.478863 0.854578 0.200962 
						-0.468092 0.854192 -0.226374 -0.471548 0.854384 -0.218334 0.517037 0.850824 0.093660 0.516124 0.849322 0.110759 -0.511924 0.842404 -0.168192 -0.513751 0.845411 -0.146084 0.513777 0.845459 -0.145712 0.515263 0.847905 -0.124741 0.478793 0.854575 -0.201146 0.471299 0.854373 -0.218918 -0.515889 0.848930 0.114788 -0.514600 0.846807 0.134554 -0.464403 0.853919 0.234845 -0.470779 0.854347 0.220133 0.372723 0.854549 -0.361694 0.367839 0.854575 -0.366600 -0.352634 0.854396 0.381649 -0.355850 0.854467 0.378494 0.204632 0.854559 -0.477342 0.207086 0.854541 -0.476313 -0.200129 0.854575 0.479218 -0.197053 0.854575 0.480492 0.408249 -0.816497 -0.408247 0.408249 -0.816497 -0.408247 0.408250 -0.816497 -0.408247 0.408250 -0.816497 -0.408247 0.408248 -0.816497 -0.408248 0.408249 -0.816497 -0.408248 -0.000000 -1.000000 -0.000000 0.000000 -1.000000 0.000000 0.000002 -1.000000 0.000002 0.000000 -1.000000 -0.000000 0.000001 -1.000000 0.000001 0.000001 -1.000000 0.000001 0.707107 -0.707107 -0.000000 0.707107 -0.707107 -0.000000 0.707107 -0.707107 -0.000000 -0.707106 0.000001 -0.707107 -0.707107 -0.000000 -0.707106 -0.707107 -0.000000 -0.707106 -0.707106 0.000000 -0.707107 0.000005 0.707111 0.707102 0.000000 0.707107 0.707107 -0.000001 0.707106 0.707107 0.000004 0.707111 0.707103 0.707107 -0.707106 -0.000001 0.707110 -0.707103 -0.000003 0.707111 -0.707103 -0.000004 0.707108 -0.707106 -0.000001 0.000000 1.000000 0.000000 0.000000 1.000000 0.000000 0.000000 1.000000 0.000000 0.000000 1.000000 0.000000 -0.000005 -1.000000 0.000005 -0.000000 -1.000000 0.000000 0.000000 -1.000000 -0.000000 -0.000005 -1.000000 0.000005 -0.707102 -0.000000 -0.707112 -0.707106 -0.000000 -0.707107 -0.707107 -0.000000 -0.707107 -0.707102 -0.000000 -0.707111 0.000000 1.000000 -0.000000 0.000005 1.000000 -0.000005 0.000005 1.000000 -0.000005 
						0.000000 1.000000 -0.000000 0.707107 0.000000 0.707107 0.707107 0.000000 0.707107 0.707107 0.000000 0.707107 0.707107 0.000000 0.707107 1.000000 0.000000 0.000000 1.000000 0.000000 0.000000 1.000000 0.000000 0.000000 1.000000 0.000007 0.000000 1.000000 0.000014 0.000000 -1.000000 -0.000000 0.000000 -1.000000 -0.000000 0.000000 -1.000000 -0.000000 0.000000 -1.000000 -0.000000 0.000000 -1.000000 -0.000005 0.000000 -1.000000 0.000003 0.000000 -1.000000 -0.000000 0.000000 -1.000000 0.000000 0.000000 1.000000 0.000000 0.000000 1.000000 0.000000 0.000000 0.000001 -1.000000 0.000000 0.000001 -1.000000 0.000000 1.000000 0.000000 0.000000 1.000000 -0.000002 0.000000 1.000000 0.000004 0.000000 1.000000 0.000002 0.000000 1.000000 -0.000012 0.000000 1.000000 -0.000009 0.000000 1.000000 0.000000 0.000000 1.000000 0.000000 0.000000 1.000000 0.000000 0.000000 1.000000 0.000000 0.000000 1.000000 0.000000 0.000000 1.000000 0.000000 0.000000 1.000000 0.000000 0.000002 1.000000 0.000000 0.000000 1.000000 0.000000 0.000000 -1.000000 -0.000000 -0.000002 -1.000000 -0.000000 -0.000001 -1.000000 -0.000000 -0.000001 -1.000000 -0.000000 -0.000001 -1.000000 -0.000012 0.000000 -1.000000 -0.000002 0.000000 0.000000 -1.000000 0.000000 1.000000 0.000000 0.000000 1.000000 0.000000 0.000000 0.000000 -1.000000 -0.000001 0.000000 -1.000000 -0.000001 0.000001 -1.000000 -0.000001 0.000001 -1.000000 -0.000001 0.000001 -1.000000 0.000001 0.000000 -1.000000 0.000001 0.000000 -1.000000 0.000000 0.000000 -1.000000 0.000000 0.000001 -1.000000 0.000000 0.000000 -0.707107 0.707107 0.000000 -0.707107 0.707107 0.500002 -0.612372 -0.612372 0.500002 -0.612372 -0.612372 0.500002 -0.612372 -0.612372 0.500002 -0.612372 -0.612372 -1.000000 -0.000000 0.000000 -1.000000 -0.000000 0.000000 -0.000000 0.816493 0.577355 
						-0.000000 0.816493 0.577355 -0.000000 0.816493 0.577355 -0.000000 0.816493 0.577355 0.001791 0.000000 0.999998 0.001791 0.000000 0.999998 0.001792 0.000000 0.999998 0.001791 0.000000 0.999998 0.000000 -0.000002 -1.000000 0.000000 -0.000002 -1.000000 0.000000 -0.000002 -1.000000 0.000000 -0.999790 -0.020512 0.000000 -0.999826 -0.018669 0.000000 -0.999922 -0.012517 0.000000 -0.999893 -0.014636 -0.000000 -0.015708 -0.999877 -0.000000 -0.014697 -0.999892 -0.000000 -0.008004 -0.999968 -0.000000 -0.008731 -0.999962 0.000000 -0.999924 -0.012337 0.000000 -0.999912 -0.013277 0.000000 -0.999900 -0.014139 0.000000 -0.999913 -0.013199 0.000000 -0.999965 -0.008386 0.000000 -0.999936 -0.011296 0.000000 0.000002 -1.000000 0.000000 0.000002 -1.000000 0.000000 0.000002 -1.000000 0.000000 0.000002 -1.000000 1.000000 0.000000 0.000000 1.000000 0.000000 0.000000 1.000000 0.000000 0.000001 0.001796 -0.999998 0.000000 0.002007 -0.999998 0.000000 0.002749 -0.999996 0.000000 0.002537 -0.999997 0.000000 -0.002482 -0.036727 -0.999322 -0.000815 -0.036727 -0.999325 0.000451 -0.036727 -0.999325 -0.001216 -0.036727 -0.999325 -0.000000 0.759327 -0.650709 -0.000001 0.759327 -0.650709 -0.000001 0.759327 -0.650709 -0.000000 0.759327 -0.650709 -0.000001 -0.000000 -1.000000 -0.000000 -0.000000 -1.000000 0.000000 -0.000000 -1.000000 -0.000000 -0.000000 -1.000000 0.000000 0.000000 -1.000000 -0.000694 0.000000 -1.000000 -0.002488 -0.000000 -0.999997 -0.001793 0.000000 -0.999998 0.000000 1.000000 0.000000 0.000000 1.000000 0.000000 0.000000 1.000000 0.000000 0.000000 1.000000 0.000000 0.000450 -0.707107 -0.707107 0.000448 -0.707107 -0.707107 0.000448 -0.707107 -0.707107 0.000450 -0.707107 -0.707107 0.002747 -0.999637 -0.026786 0.001527 -0.999640 -0.026787 0.000452 -0.999641 -0.026787 0.001672 -0.999640 -0.026787 0.000000 -0.026712 -0.999643 
						0.000000 -0.022597 -0.999745 0.000000 -0.015754 -0.999876 0.000000 -0.018682 -0.999825 0.000000 -0.816493 -0.577355 0.000000 -0.816493 -0.577355 0.000000 -0.816493 -0.577355 0.000000 -0.006128 -0.999981 0.000000 -0.007980 -0.999968 0.000000 -0.015945 -0.999873 0.000000 -0.014818 -0.999890 -0.000000 0.000003 -1.000000 -0.000000 0.000002 -1.000000 0.000000 -0.816493 -0.577355 0.000000 -0.816493 -0.577355 0.000000 -0.707423 -0.706790 0.000000 -0.707423 -0.706791 0.000000 -0.707419 -0.706794 0.000000 -0.707420 -0.706794 0.000000 -0.706791 -0.707423 0.000000 -0.706791 -0.707423 0.000000 -0.706792 -0.707422 0.000000 -0.706792 -0.707422 0.000000 -0.015815 -0.999875 0.000000 -0.018586 -0.999827 0.000000 -0.024350 -0.999703 0.000000 -0.022026 -0.999757 -0.000001 0.816493 0.577355 0.000000 -0.999900 -0.014127 0.000000 -0.999877 -0.015672 0.000000 -0.999785 -0.020760 0.000000 -0.999811 -0.019455 0.000000 0.000002 -1.000000 0.000000 -0.707107 -0.707107 0.000000 -0.707107 -0.707107 0.000000 -0.707107 -0.707107 -0.000006 -0.707107 -0.707107 0.000001 -0.707107 -0.707107 0.000001 -0.707107 -0.707107 0.000000 -0.707107 -0.707107 0.000000 -0.707107 -0.707107 0.000000 -0.707107 -0.707107 0.000000 -0.707107 -0.707107 0.000000 -0.707107 -0.707107 0.000000 -0.707107 -0.707107 0.000000 -0.707107 -0.707107 0.000000 -0.707107 -0.707107 1.000000 0.000000 0.000000 1.000000 0.000000 0.000000 1.000000 0.000000 0.000000 1.000000 0.000000 0.000000 -1.000000 -0.000000 0.000000 -1.000000 -0.000000 0.000000 -1.000000 -0.000000 0.000000 -1.000000 -0.000000 0.000000 0.000000 -1.000000 0.000000 0.000000 -1.000000 0.000000 0.000000 -1.000000 0.000000 -0.000000 -1.000000 0.000000 0.000001 -1.000000 0.000001 0.000000 -1.000000 0.000000 0.000000 1.000000 0.000000 0.000000 1.000000 0.000000 0.000000 1.000000 0.000000 0.000000 1.000000 0.000000 
						0.408249 -0.816497 -0.408248 0.408249 -0.816497 -0.408248 0.408249 -0.816497 -0.408248 -0.000000 0.000000 1.000000 -0.000000 0.000000 1.000000 -0.000000 0.000000 1.000000 -0.000000 0.000000 1.000000 0.000000 -1.000000 -0.000001 0.000001 -1.000000 -0.000002 0.000001 -1.000000 -0.000002 0.000001 -1.000000 -0.000001 0.000000 -0.707107 -0.707107 0.000000 -0.707107 -0.707107 0.000000 -0.707107 -0.707107 0.000000 -0.707107 -0.707107 -0.707106 -0.707107 0.000000 -0.707106 -0.707107 0.000000 -0.707106 -0.707107 0.000000 -0.707106 -0.707107 0.000000 -0.707107 0.707107 0.000002 -0.707107 0.707107 0.000000 -0.707107 0.707107 -0.000000 -0.707107 0.707107 0.000001 -0.000000 1.000000 -0.000000 -0.000000 1.000000 -0.000000 -0.000004 1.000000 -0.000000 -0.000000 1.000000 -0.000000 0.000000 0.000000 1.000000 0.000000 0.000000 1.000000 0.000000 0.000000 1.000000 0.000000 0.000000 1.000000 0.707107 -0.707107 -0.000000 0.707107 -0.707107 -0.000020 0.707107 -0.707107 -0.000022 0.707107 -0.707107 -0.000002 -1.000000 0.000000 0.000000 -1.000000 -0.000000 0.000000 -1.000000 -0.000002 0.000000 -1.000000 -0.000002 0.000000 -1.000000 0.000000 0.000000 -1.000000 0.000000 0.000000 -1.000000 0.000006 0.000000 -1.000000 0.000005 -0.000000 0.000000 -1.000000 -0.000000 0.000000 -1.000000 -0.000017 0.000000 -1.000000 -0.000022 0.000000 -1.000000 -0.000005 -1.000000 -0.000000 0.000000 -1.000000 -0.000000 0.000000 -1.000000 -0.000000 0.000000 -1.000000 -0.000000 0.000000 0.000002 -1.000000 0.000000 0.000002 -1.000000 0.000000 0.000004 -1.000000 0.000000 0.000003 -1.000000 0.000000 0.000000 0.000000 1.000000 0.000000 -0.000000 1.000000 0.000001 -1.000000 0.000001 0.000002 -1.000000 0.000000 0.000000 1.000000 0.000000 0.000000 1.000000 0.000000 0.000000 -1.000000 0.000000 0.000000 -1.000000 0.000000 0.000000 -1.000000 0.000000 
						0.000000 -1.000000 0.000000 -0.000000 -1.000000 0.000000 -0.000001 -1.000000 0.000000 0.707109 -0.707104 0.000000 0.707109 -0.707105 0.000000 0.707105 -0.707109 0.000000 0.707105 -0.707108 0.000000 -0.000000 -0.000008 1.000000 -0.000000 -0.000007 1.000000 -0.000000 -0.000000 1.000000 -0.000000 -0.000001 1.000000 0.707107 -0.707107 -0.000000 0.707107 -0.707107 -0.000000 0.707107 -0.707107 -0.000000 0.707107 -0.707107 -0.000000 -0.043364 -0.999059 -0.000000 -0.043364 -0.999059 -0.000000 -0.043364 -0.999059 -0.000000 -0.043364 -0.999059 -0.000000 0.000000 -1.000000 0.000000 0.000000 -1.000000 0.000000 0.000001 -0.000001 1.000000 0.000001 -0.000001 1.000000 0.000001 -0.000001 1.000000 0.000001 -0.000001 1.000000 -0.000005 1.000000 -0.000000 -0.000013 1.000000 -0.000000 -1.000000 -0.000004 0.000000 -1.000000 -0.000004 0.000000 -1.000000 -0.000004 0.000000 -1.000000 -0.000004 0.000000 -0.707119 0.707094 0.000000 -0.707119 0.707095 0.000000 -0.707104 0.707110 0.000000 -0.707105 0.707109 0.000000 0.000018 1.000000 -0.000000 0.000014 1.000000 -0.000000 0.707105 -0.707109 -0.000000 0.707104 -0.707110 -0.000000 0.707087 -0.707126 -0.000000 0.707089 -0.707125 -0.000000 1.000000 0.000000 0.000000 1.000000 -0.000001 0.000000 1.000000 -0.000010 0.000000 1.000000 -0.000007 0.000000 -0.000027 -1.000000 0.000000 -0.000023 -1.000000 0.000000 0.000002 -1.000000 -0.000000 -0.000006 -1.000000 0.000000 0.000001 1.000000 0.000000 0.000001 1.000000 0.000000 0.000002 1.000000 0.000000 0.000002 1.000000 0.000000 1.000000 0.000000 0.000000 1.000000 0.000000 0.000000 1.000000 0.000000 0.000000 1.000000 0.000000 0.000000 -0.000001 0.000000 1.000000 -0.000000 0.000000 1.000000 0.000000 0.000000 1.000000 -0.000000 0.000000 1.000000 0.000000 -1.000000 0.000001 0.000000 -1.000000 0.000001 0.000000 -1.000000 0.000001 
						0.000000 -1.000000 0.000001 1.000000 0.000000 0.000000 1.000000 0.000000 0.000000 1.000000 0.000000 0.000000 1.000000 0.000000 0.000000 1.000000 0.000000 0.000000 1.000000 0.000000 0.000000 1.000000 0.000000 0.000000 1.000000 0.000000 0.000000 -1.000000 0.000000 0.000003 -1.000000 0.000000 0.000004 -1.000000 0.000000 0.000004 -1.000000 0.000000 0.000006 -0.000000 -0.707107 -0.707107 -0.000000 -0.707107 -0.707107 -0.000000 -0.707107 -0.707107 -0.000000 -0.707107 -0.707107 0.000000 -1.000000 -0.000001 -0.000000 -1.000000 -0.000001 0.000001 0.000000 1.000000 0.000000 0.000000 1.000000 0.000000 0.000000 1.000000 0.000001 0.000000 1.000000 0.000000 -0.000008 1.000000 0.000000 -0.000004 1.000000 0.000000 0.000000 1.000000 0.000000 -0.000003 1.000000 0.000000 1.000000 0.000000 0.000000 1.000000 0.000000 0.000000 1.000000 0.000000 0.000000 1.000000 0.000000 0.000000 1.000000 -0.000000 0.000000 1.000000 -0.000001 0.000000 1.000000 0.000000 0.000000 1.000000 -0.000000 1.000000 -0.000009 -0.000001 1.000000 -0.000004 -0.000001 1.000000 0.000000 -0.000001 1.000000 -0.000004 -0.000001 -1.000000 0.000000 0.000000 -1.000000 0.000000 0.000000 -1.000000 -0.000000 0.000000 -1.000000 -0.000000 0.000000 -1.000000 -0.000000 0.000000 -1.000000 -0.000000 0.000000 1.000000 0.000016 0.000000 1.000000 0.000016 0.000000 1.000000 0.000016 0.000000 1.000000 0.000016 0.000000 0.000000 0.000000 1.000000 0.000000 0.000000 1.000000 0.000000 0.000000 1.000000 0.000000 0.000000 1.000000 0.000002 0.000000 1.000000 0.000001 0.000000 1.000000 0.000000 1.000000 -0.000000 0.000000 1.000000 -0.000000 -0.707107 0.707107 -0.000004 -0.707107 0.707107 -0.000000 0.000000 1.000000 -0.000000 0.000000 0.000000 1.000000 0.000000 0.000000 1.000000 0.000000 0.000000 1.000000 0.000000 0.000000 1.000000 
						0.000767 -1.000000 0.000000 0.000767 -1.000000 0.000000 -1.000000 0.000000 0.000000 -1.000000 0.000000 0.000000 -1.000000 0.000000 0.000000 -1.000000 -0.000002 0.000000 0.000000 0.000000 1.000000 -1.000000 0.000000 -0.000000 -1.000000 0.000000 0.000009 0.000000 0.000000 1.000000 0.000000 0.000000 1.000000 0.000000 -0.000000 1.000000 -0.000000 0.000000 1.000000 -1.000000 -0.000000 0.000000 -1.000000 -0.000000 0.000000 -1.000000 -0.000000 0.000000 -1.000000 -0.000000 0.000000 -0.999998 0.000000 0.002086 -0.999998 0.000000 0.002086 -0.999998 0.000000 0.002086 -0.999998 0.000000 0.002086 0.000458 -1.000000 0.000333 0.000458 -1.000000 0.000061 0.000458 -1.000000 -0.000034 0.000458 -1.000000 0.000237 0.000000 -1.000000 0.000001 0.000000 -1.000000 0.000000 0.000000 -1.000000 0.000000 0.000000 -1.000000 0.000000 0.000000 -1.000000 0.000000 0.000011 -1.000000 0.000000 0.000000 -1.000000 0.000000 0.000766 -1.000000 0.000000 0.000002 1.000000 0.000000 0.000001 1.000000 0.000000 0.000000 1.000000 -0.000000 -0.000010 1.000000 0.000000 -0.000008 1.000000 0.000000 -0.707098 0.707115 -0.000000 -0.707099 0.707115 -0.000000 -0.707116 0.707097 -0.000000 -0.707115 0.707098 -0.000000 -0.000000 1.000000 0.000000 -1.000000 0.000000 -0.000000 -1.000000 -0.000002 -0.000000 -1.000000 0.000000 0.000000 -1.000000 0.000002 -0.000000 -1.000000 0.000000 0.000000 -0.707107 -0.707107 0.000000 -0.707106 -0.707107 0.000000 -0.000000 1.000000 0.000002 0.000000 0.000000 1.000000 0.000000 0.000000 1.000000 0.000000 1.000000 0.000002 0.000000 0.000000 1.000000 0.000001 -0.000001 1.000000 0.000001 -0.000001 1.000000 -0.000000 -0.000000 1.000000 -0.000000 -0.000003 1.000000 0.000000 1.000000 0.000003 0.000000 1.000000 -0.000000 0.000000 -0.000000 -1.000000 -0.000000 0.000000 -1.000000 -0.000000 1.000000 0.000000 
						-0.000000 1.000000 0.000000 0.000000 1.000000 -0.000000 0.000000 1.000000 -0.000000 -0.007469 -0.999967 -0.003094 -0.003368 -0.999989 -0.003368 0.005764 -0.999967 0.005764 0.004039 -0.999990 0.001673 -0.000577 -0.999999 -0.001391 0.005726 -0.999888 0.013823 -0.011445 -0.999934 0.000000 0.003428 -0.999994 0.000000 0.000000 -0.999999 0.001550 -0.000000 -0.999998 0.002188 -0.001189 -0.999995 0.002870 0.001112 -0.999996 -0.002685 -0.004158 -0.999983 0.004158 -0.004323 -0.999981 0.004323 -0.007248 -0.999969 0.003002 -0.002550 -0.999996 0.001056 -0.010319 -0.999947 0.000000 -0.004859 -0.999988 0.000000 -0.012001 -0.999916 -0.004971 -0.006472 -0.999975 -0.002680 -0.011295 -0.999873 -0.011295 -0.013022 -0.999830 -0.013022 -0.007485 -0.999809 -0.018071 -0.018098 -0.998881 -0.043693 0.000000 -0.999732 -0.023136 -0.000000 -0.997702 -0.067759 -0.000000 -0.999771 0.021398 -0.008405 -0.999759 0.020290 -0.019930 -0.998643 0.048115 0.000000 -0.998260 0.058968 -0.013786 -0.999810 0.013786 -0.014724 -0.999783 0.014724 -0.013780 -0.999889 0.005708 0.003215 -0.999994 -0.001332 0.005958 -0.999965 -0.005958 -0.011069 -0.999928 0.004585 0.011309 -0.999925 -0.004684 -0.007809 -0.999939 0.007809 0.014070 -0.999324 -0.033968 -0.015141 -0.999217 0.036554 -0.000000 -0.999030 -0.044030 0.000000 -0.999041 0.043789 0.006810 -0.999842 0.016440 0.000000 -0.999588 0.028712 -0.000000 -0.998581 -0.053260 -0.017322 -0.998975 -0.041819 -0.006533 -0.999957 -0.006533 -0.010990 -0.999879 -0.010990 -0.020559 -0.999752 -0.008516 0.006444 -0.999976 0.002670 -0.019350 -0.999813 0.000000 0.005668 -0.999984 0.000000 -0.018565 -0.999798 0.007690 0.004451 -0.999988 -0.001843 -0.006531 -0.999957 0.006531 0.004436 -0.999980 -0.004435 -0.004697 -0.999925 0.011340 0.004289 -0.999937 -0.010355 -0.000000 -0.999953 0.009703 -0.000000 -0.999968 0.008047 -0.004282 -0.999937 -0.010337 
						-0.000056 -1.000000 -0.000134 -0.004663 -0.999978 -0.004663 -0.003064 -0.999991 -0.003064 -0.005928 -0.999979 -0.002455 0.012925 -0.999902 0.005354 -0.008936 -0.999960 0.000000 0.011848 -0.999930 0.000000 0.202052 -0.854572 0.478416 0.206366 -0.854548 0.476614 0.007931 -0.854549 0.519310 0.003337 -0.854572 0.519323 0.360830 -0.854544 0.373571 0.358620 -0.854516 0.375758 0.474604 -0.854503 0.211131 0.468731 -0.854235 0.224886 0.516572 -0.850056 0.102753 0.515445 -0.848202 0.121942 0.475323 -0.854521 -0.209432 0.467895 -0.854181 -0.226823 0.513066 -0.844287 -0.154731 0.514593 -0.846799 -0.134630 0.368738 -0.854577 -0.365691 0.363803 -0.854569 -0.370619 0.200566 -0.854577 -0.479031 0.203173 -0.854569 -0.477946 0.001444 -0.854576 -0.519324 0.003791 -0.854571 -0.519320 -0.197338 -0.854576 -0.480372 -0.195493 -0.854572 -0.481133 -0.365571 -0.854576 -0.368859 -0.363756 -0.854568 -0.370667 -0.478266 -0.854573 -0.202403 -0.476652 -0.854551 -0.206266 -0.519305 -0.854552 0.007977 -0.519295 -0.854535 0.010176 -0.482541 -0.854557 0.192059 -0.482092 -0.854564 0.193152 -0.363867 -0.854569 0.370558 -0.365422 -0.854576 0.369009 -0.195540 -0.854571 0.481115 -0.190374 -0.854541 0.483236 -0.006637 -0.854558 -0.519314 -0.004411 -0.854568 -0.519320 0.196101 -0.854572 -0.480886 0.194243 -0.854565 -0.481651 -0.000709 -0.854575 0.519327 0.001928 -0.854574 0.519327 -0.196230 -0.854571 0.480835 -0.198363 -0.854574 0.479953 0.365659 -0.854575 -0.368776 0.363714 -0.854566 -0.370714 -0.363484 -0.854562 0.370949 -0.365763 -0.854572 0.368678 0.478667 -0.854574 -0.201449 0.476947 -0.854554 -0.205569 -0.475994 -0.854534 0.207848 -0.478197 -0.854568 0.202586 0.519307 -0.854549 0.008169 0.519287 -0.854516 0.011955 -0.519320 -0.854570 0.004119 -0.519322 -0.854575 0.002583 0.478149 -0.854569 0.202695 0.478768 -0.854573 0.201209 -0.482379 -0.854558 -0.192457 
						-0.485849 -0.854469 -0.183939 0.347189 -0.854235 0.386965 0.351344 -0.854360 0.382918 -0.370119 -0.854569 -0.364313 -0.374045 -0.854536 -0.360359 0.194256 -0.854565 0.481647 0.187541 -0.854512 0.484394 -0.202073 -0.854570 -0.478411 -0.202060 -0.854570 -0.478417 -0.011560 -0.854519 0.519291 -0.015217 -0.854478 0.519265 -0.005754 -0.854563 -0.519316 -0.007721 -0.854551 -0.519309 -0.210031 -0.854512 0.475074 -0.215094 -0.854442 0.472931 0.194103 -0.854566 -0.481706 0.194090 -0.854566 -0.481711 -0.373932 -0.854541 0.360465 -0.369742 -0.854574 0.364683 0.351088 -0.854358 -0.383157 0.348450 -0.854281 -0.385729 -0.486057 -0.854464 0.183412 -0.478845 -0.854578 0.201005 0.468119 -0.854194 -0.226311 0.471576 -0.854385 -0.218270 -0.517033 -0.850818 0.093726 -0.516120 -0.849316 0.110826 0.511924 -0.842404 -0.168192 0.513753 -0.845414 -0.146061 -0.513776 -0.845459 -0.145715 -0.515264 -0.847906 -0.124735 -0.478803 -0.854575 -0.201121 -0.471304 -0.854373 -0.218905 0.515888 -0.848927 0.114811 0.514597 -0.846803 0.134591 0.464383 -0.853917 0.234891 0.470758 -0.854346 0.220182 -0.372752 -0.854549 -0.361665 -0.367865 -0.854575 -0.366574 0.352616 -0.854396 0.381667 0.355836 -0.854466 0.378507 -0.204659 -0.854559 -0.477330 -0.207125 -0.854541 -0.476297 0.200072 -0.854575 0.479241 0.197015 -0.854575 0.480507 0.408250 -0.816497 0.408247 0.408250 -0.816497 0.408247 0.408249 -0.816497 0.408247 0.408250 -0.816497 0.408247 0.408248 -0.816497 0.408248 0.408249 -0.816497 0.408248 0.000000 -1.000000 -0.000000 0.000000 -1.000000 -0.000000 0.000000 -1.000000 0.000000 0.000000 -1.000000 -0.000000 -0.707107 0.707106 0.000001 -0.707107 0.707106 0.000001 -0.707107 0.707106 0.000001 0.707106 -0.000000 -0.707107 0.707107 0.000000 -0.707106 0.707107 0.000001 -0.707106 0.707106 -0.000000 -0.707107 0.000004 -0.707103 0.707110 0.000001 -0.707106 0.707108 
						0.000000 -0.707106 0.707107 0.000003 -0.707104 0.707110 -0.707107 0.707106 -0.000000 -0.707103 0.707111 0.000004 -0.707102 0.707111 0.000005 -0.707106 0.707107 0.000000 0.000000 -1.000000 -0.000000 0.000000 -1.000000 -0.000000 0.000000 -1.000000 -0.000000 0.000000 -1.000000 -0.000000 0.000003 1.000000 0.000003 0.000000 1.000000 0.000000 0.000000 1.000000 0.000000 0.000002 1.000000 0.000002 0.707106 -0.000000 -0.707108 0.707106 -0.000000 -0.707108 0.707106 -0.000000 -0.707108 0.707106 -0.000000 -0.707108 0.000000 -1.000000 0.000000 -0.000001 -1.000000 -0.000001 -0.000001 -1.000000 -0.000001 -0.000000 -1.000000 -0.000000 -0.707107 0.000000 0.707107 -0.707107 0.000000 0.707107 -0.707107 0.000000 0.707107 -0.707107 0.000000 0.707107 0.000000 0.000000 1.000000 -0.000004 0.000000 1.000000 -0.000005 0.000000 1.000000 -1.000000 -0.000007 0.000000 -1.000000 0.000000 0.000000 1.000000 0.000000 0.000000 1.000000 0.000000 0.000000 1.000000 0.000000 0.000000 1.000000 0.000000 0.000000 -1.000000 -0.000016 0.000000 -1.000000 -0.000015 0.000000 -1.000000 -0.000000 0.000000 -1.000000 -0.000001 0.000000 0.000000 0.000000 1.000000 0.000000 0.000000 1.000000 0.000000 -1.000000 0.000000 0.000000 -1.000000 0.000000 1.000000 0.000000 0.000000 1.000000 0.000000 0.000000 1.000000 -0.000008 0.000000 1.000000 -0.000007 0.000000 1.000000 0.000000 0.000000 1.000000 -0.000001 0.000000 1.000000 0.000000 0.000000 1.000000 0.000000 0.000000 1.000000 0.000000 0.000000 1.000000 0.000000 0.000000 -1.000000 0.000000 -0.000001 -1.000000 0.000000 -0.000001 -1.000000 0.000000 0.000003 -1.000000 0.000000 0.000001 -1.000000 -0.000014 0.000000 -1.000000 0.000000 0.000002 -1.000000 0.000000 0.000001 -1.000000 0.000000 -0.000000 -1.000000 0.000000 0.000001 -1.000000 -0.000018 0.000000 -1.000000 -0.000002 0.000000 
						-1.000000 0.000000 -0.000000 -1.000000 0.000000 -0.000004 0.000002 -1.000000 0.000001 0.000002 -1.000000 0.000001 0.000001 -1.000000 0.000001 0.000001 -1.000000 0.000001 0.000001 -1.000000 -0.000001 0.000001 -1.000000 -0.000001 0.000000 -1.000000 0.000000 0.000001 -0.707107 -0.707107 0.000000 -0.707107 -0.707107 0.500002 -0.612372 0.612372 0.500001 -0.612372 0.612372 0.500001 -0.612372 0.612372 0.500002 -0.612372 0.612372 -1.000000 0.000000 -0.000000 -1.000000 -0.000000 -0.000003 -0.000000 0.816503 -0.577341 -0.000000 0.816496 -0.577351 -0.000000 0.816493 -0.577355 -0.000000 0.816497 -0.577349 -0.001790 0.000000 0.999998 -0.001790 0.000000 0.999998 -0.001791 0.000000 0.999998 -0.001791 0.000000 0.999998 0.000000 0.000000 -1.000000 0.000000 0.000000 -1.000000 0.000000 0.000000 -1.000000 -1.000000 -0.000000 0.000000 -1.000000 -0.000000 0.000000 0.000000 0.999790 -0.020512 0.000000 0.999826 -0.018669 0.000000 0.999922 -0.012517 0.000000 0.999893 -0.014635 0.000000 -1.000000 0.000000 0.000000 -1.000000 0.000000 0.000000 -1.000000 0.000000 1.000000 -0.000000 0.000000 1.000000 -0.000000 0.000000 -1.000000 0.000000 0.000000 0.000000 0.015711 -0.999877 0.000000 0.014699 -0.999892 0.000000 0.008006 -0.999968 0.000000 0.008733 -0.999962 0.000000 0.999924 -0.012342 0.000000 0.999912 -0.013282 0.000000 0.999900 -0.014143 0.000000 0.999913 -0.013204 0.000000 -0.707107 -0.707107 0.000000 -0.707107 -0.707107 0.000000 0.999965 -0.008391 0.000000 0.999936 -0.011298 0.000000 0.000003 -1.000000 0.000000 0.000003 -1.000000 0.000000 0.000000 -1.000000 0.000000 0.000000 -1.000000 0.000000 0.000000 1.000000 0.000000 0.000000 1.000000 -0.000000 0.000000 1.000000 0.000000 0.000000 1.000000 -0.001795 0.999998 -0.000000 -0.002006 0.999998 0.000000 -0.002746 0.999996 0.000000 -0.002535 0.999997 0.000000 
						0.002483 0.036727 -0.999322 0.000817 0.036727 -0.999325 -0.000449 0.036727 -0.999325 0.001217 0.036727 -0.999325 0.000000 -0.759327 -0.650709 0.000000 -0.759327 -0.650709 0.000000 -0.759327 -0.650709 0.000000 -0.759327 -0.650709 0.000000 -0.000000 -1.000000 -0.000000 -0.000000 -1.000000 -0.000000 -0.000000 -1.000000 -0.000000 -0.000000 -1.000000 -0.000000 0.000000 -1.000000 0.000694 0.000000 -1.000000 0.002488 -0.000000 -0.999997 0.001794 -0.000000 -0.999998 0.000000 -1.000000 0.000000 0.000000 -1.000000 0.000000 0.000000 -1.000000 0.000000 0.000000 -1.000000 0.000000 -0.000450 0.707107 -0.707107 -0.000446 0.707107 -0.707107 -0.000446 0.707107 -0.707107 -0.000449 0.707107 -0.707107 -0.002745 0.999637 -0.026787 -0.001526 0.999640 -0.026787 -0.000452 0.999641 -0.026787 -0.001671 0.999640 -0.026787 -0.000000 0.026715 -0.999643 -0.000000 0.022599 -0.999745 -0.000000 0.015757 -0.999876 -0.000000 0.018684 -0.999825 0.000000 -0.816508 0.577335 0.000000 -0.816500 0.577346 0.000000 -0.816505 0.577339 0.000000 0.006127 -0.999981 0.000000 0.007981 -0.999968 0.000000 0.015953 -0.999873 0.000000 0.014825 -0.999890 -0.000000 0.000003 -1.000000 -0.000000 0.000003 -1.000000 0.000000 -0.816498 0.577348 0.000000 -0.816498 0.577348 -0.000000 0.707425 -0.706788 -0.000000 0.707425 -0.706788 -0.000000 0.707422 -0.706791 -0.000000 0.707422 -0.706791 -0.000000 0.706794 -0.707420 -0.000000 0.706794 -0.707420 -0.000000 0.706792 -0.707421 -0.000000 0.706792 -0.707421 -0.000000 0.015823 -0.999875 -0.000000 0.018594 -0.999827 -0.000000 0.024360 -0.999703 -0.000000 0.022035 -0.999757 -0.000001 0.816493 -0.577355 -0.000000 0.999900 -0.014131 -0.000000 0.999877 -0.015675 -0.000000 0.999784 -0.020760 -0.000000 0.999811 -0.019456 0.000000 0.000000 -1.000000 0.000001 -0.707107 0.707107 0.000001 -0.707107 0.707107 0.000000 -0.707107 0.707107 
						0.000000 -0.707107 0.707107 -0.000003 -0.707107 0.707107 -0.000003 -0.707107 0.707107 0.000001 -0.707107 0.707107 0.000001 -0.707107 0.707107 1.000000 0.000000 0.000000 1.000000 0.000000 0.000000 1.000000 0.000000 0.000000 1.000000 0.000000 0.000000 0.000000 -0.707107 -0.707107 0.000000 -0.707107 -0.707107 0.000000 -0.707107 -0.707107 0.000000 -0.707107 -0.707107 0.000000 -0.707106 -0.707107 0.000000 -0.707106 -0.707107 0.000000 -0.707106 -0.707107 0.000000 -0.707106 -0.707107 0.000000 -0.707106 -0.707107 0.000000 -0.707106 -0.707107 0.000000 -0.707106 -0.707107 0.000000 -0.707106 -0.707107 0.000000 -1.000000 0.000000 -0.000000 -1.000000 0.000000 0.000000 -1.000000 0.000000 0.000000 -1.000000 0.000000 -0.000000 -1.000000 0.000000 -0.000000 -1.000000 0.000000 0.000000 1.000000 0.000000 0.000000 1.000000 0.000001 0.000000 1.000000 0.000005 0.000000 1.000000 0.000002 -0.408248 -0.816497 -0.408248 -0.408248 -0.816497 -0.408248 -0.408248 -0.816497 -0.408248 0.707107 0.707107 0.000000 0.707107 0.707107 0.000000 0.707107 0.707107 0.000000 0.707107 0.707107 0.000000 0.000001 -1.000000 0.000000 0.000001 -1.000000 0.000000 0.000001 -1.000000 0.000000 0.000001 -1.000000 0.000000 0.000000 -0.707107 -0.707107 0.000000 -0.707107 -0.707107 0.000001 -0.707107 -0.707107 0.000001 -0.707107 -0.707107 0.707105 0.707109 -0.000000 0.707099 0.707115 0.000000 0.707099 0.707114 0.000000 0.707104 0.707110 0.000000 0.707107 0.707107 -0.000000 0.707107 0.707107 0.000000 0.707107 0.707107 0.000001 0.707107 0.707107 0.000001 -0.000000 1.000000 -0.000000 0.000000 1.000000 -0.000000 -0.000000 1.000000 -0.000000 -0.000000 1.000000 -0.000000 0.000000 1.000000 -0.000000 0.000000 1.000000 -0.000000 0.000000 1.000000 -0.000000 0.000000 1.000000 -0.000000 0.707107 0.707107 0.000000 0.707107 0.707107 0.000000 
						0.707107 0.707107 0.000000 0.707107 0.707107 0.000000 -0.000004 1.000000 -0.000000 -0.000000 1.000000 -0.000000 0.000000 1.000000 -0.000000 -0.000003 1.000000 -0.000000 -1.000000 -0.000000 0.000000 -1.000000 0.000004 0.000000 -1.000000 -0.000008 0.000000 -1.000000 -0.000000 0.000000 0.000000 1.000000 0.000000 0.000000 1.000000 0.000000 0.000000 1.000000 0.000000 0.000000 1.000000 0.000000 -1.000000 -0.000000 0.000000 -1.000000 -0.000000 0.000000 -1.000000 -0.000000 0.000000 -1.000000 -0.000000 0.000000 0.000008 1.000000 -0.000000 -0.000003 1.000000 0.000000 -0.000007 1.000000 0.000000 0.000006 1.000000 -0.000000 0.000000 1.000000 0.000000 0.000000 1.000000 -0.000000 -0.000001 -1.000000 0.000001 -0.000001 -1.000000 0.000002 0.000000 1.000000 0.000000 0.000000 1.000000 0.000000 -0.000000 -1.000000 0.000000 -0.000000 -1.000000 0.000000 -0.000000 -1.000000 0.000000 -0.000000 -1.000000 0.000000 0.000001 -1.000000 0.000000 0.000000 -1.000000 0.000000 0.707105 0.707108 -0.000000 0.707105 0.707109 -0.000000 0.707105 0.707109 -0.000000 0.707105 0.707108 -0.000000 0.000000 -0.000000 1.000000 0.000000 -0.000000 1.000000 0.000000 -0.000000 1.000000 0.000000 -0.000000 1.000000 0.707107 0.707107 0.000000 0.707107 0.707107 0.000000 0.707107 0.707107 0.000000 0.707107 0.707107 0.000000 -0.043364 0.999059 0.000000 -0.043364 0.999059 0.000000 -0.043364 0.999059 0.000000 -0.043364 0.999059 0.000000 0.000000 1.000000 -0.000000 -0.000000 1.000000 -0.000000 -0.000000 -0.000000 1.000000 -0.000000 -0.000000 1.000000 -0.000000 -0.000000 1.000000 -0.000000 -0.000000 1.000000 -0.000000 1.000000 -0.000000 -0.000000 1.000000 -0.000000 0.000000 -1.000000 0.000000 0.000000 -1.000000 0.000000 0.000000 -1.000000 0.000000 0.000001 -1.000000 0.000000 0.707108 0.707106 0.000000 0.707106 0.707108 -0.000000 
						0.707106 0.707108 -0.000000 0.707108 0.707106 0.000000 0.000006 1.000000 -0.000000 -0.000002 1.000000 -0.000000 0.707112 0.707102 0.000000 0.707106 0.707108 0.000000 0.707105 0.707108 0.000000 0.707111 0.707102 0.000000 1.000000 0.000000 0.000000 1.000000 -0.000005 0.000000 1.000000 -0.000006 0.000000 1.000000 -0.000001 0.000000 0.000002 1.000000 0.000000 0.000007 1.000000 0.000000 0.000009 1.000000 0.000000 0.000003 1.000000 0.000000 0.000001 1.000000 0.000000 0.000002 1.000000 0.000000 1.000000 0.000000 0.000000 1.000000 0.000000 0.000000 0.000001 0.000000 1.000000 0.000000 0.000000 1.000000 0.000000 -1.000000 0.000001 0.000000 -1.000000 0.000001 1.000000 0.000000 0.000000 1.000000 0.000000 0.000000 1.000000 0.000000 0.000000 1.000000 0.000000 0.000000 -1.000000 0.000000 0.000001 -1.000000 0.000000 0.000001 0.000000 -0.707107 -0.707107 0.000000 -0.707107 -0.707107 0.000000 -0.707107 -0.707107 0.000000 -0.707107 -0.707107 0.000000 -1.000000 -0.000001 0.000000 0.000000 1.000000 0.000000 0.000000 1.000000 0.000000 -1.000000 0.000003 0.000000 -1.000000 0.000002 0.000000 -1.000000 -0.000000 0.000000 -1.000000 0.000002 0.000000 1.000000 0.000000 0.000000 1.000000 0.000000 0.000000 1.000000 0.000000 0.000000 1.000000 0.000000 0.000000 0.000000 1.000000 0.000000 -0.000000 1.000000 0.000000 -0.000000 1.000000 0.000000 0.000000 1.000000 -0.000007 -1.000000 -0.000000 -0.000006 -1.000000 -0.000000 -0.000005 -1.000000 -0.000000 -0.000006 -1.000000 -0.000000 0.000001 -1.000000 0.000000 -0.000000 -1.000000 0.000000 -1.000000 -0.000000 0.000000 -1.000000 -0.000000 0.000000 -1.000000 -0.000000 0.000000 -1.000000 -0.000000 0.000000 0.000000 -1.000000 0.000000 0.000000 -1.000000 0.000000 0.000000 0.000000 1.000000 0.000000 0.000000 1.000000 0.000000 0.000000 1.000000 
						0.000000 0.000000 1.000000 0.000000 0.000000 1.000000 0.000000 1.000000 -0.000000 0.000000 1.000000 -0.000000 0.707107 0.707107 0.000000 0.707107 0.707107 0.000004 0.000000 1.000000 0.000000 0.000000 0.000000 -1.000000 0.000000 0.000000 -1.000000 0.000000 0.000000 -1.000000 0.000000 0.000000 -1.000000 0.000104 1.000000 -0.000000 0.000104 1.000000 -0.000000 0.000000 1.000000 -0.000000 0.000000 1.000000 -0.000000 0.000000 1.000000 -0.000000 0.000000 1.000000 0.000000 0.000000 1.000000 0.000000 -1.000000 0.000000 -0.000000 0.000000 1.000000 0.000000 0.000000 1.000000 0.000000 0.707107 0.707107 -0.000000 0.707107 0.707107 -0.000000 -1.000000 -0.000000 0.000001 -1.000000 -0.000000 0.000000 -1.000000 -0.000000 0.000000 -1.000000 0.000000 0.000001 -0.999999 -0.000000 -0.001434 -0.999999 -0.000000 -0.001430 -0.999999 -0.000000 -0.001430 -0.999999 -0.000000 -0.001433 0.000458 1.000000 0.000333 0.000458 1.000000 0.000426 0.000457 1.000000 0.000690 0.000457 1.000000 0.000597 0.000000 1.000000 -0.000000 0.000000 1.000000 0.000000 0.000000 1.000000 -0.000000 0.000000 1.000000 -0.000000 -0.000649 1.000000 -0.000000 -0.000660 1.000000 -0.000000 0.000000 1.000000 0.000000 0.000105 1.000000 -0.000000 0.000000 1.000000 0.000000 -0.000000 1.000000 -0.000000 0.000008 1.000000 -0.000000 0.707117 0.707097 -0.000000 0.707117 0.707097 -0.000000 0.707117 0.707097 -0.000000 0.707117 0.707097 -0.000000 -0.000000 1.000000 0.000000 0.000000 1.000000 0.000000 0.000000 1.000000 0.000000 -1.000000 0.000000 0.000000 -1.000000 0.000008 0.000000 -0.000005 1.000000 -0.000000 0.707105 0.707108 0.000000 0.707098 0.707115 0.000000 0.000000 -0.000000 1.000000 0.000000 0.000000 1.000000 0.000000 0.000000 1.000000 0.000000 -0.000000 1.000000 -0.000000 0.000000 1.000000 0.000001 0.000001 1.000000 
						0.000000 0.000000 1.000000 0.000000 -0.000000 1.000000 0.000000 -0.000000 1.000000 0.000000 -0.000000 1.000000 -0.000000 0.000001 1.000000 0.000000 1.000000 -0.000000 0.000000 1.000000 -0.000000 0.000000 -1.000000 0.000000 0.000000 -1.000000 0.000000 0.000000 -1.000000 0.000000 0.000000 -1.000000 0.000000 -0.007378 0.999968 0.003056 0.004059 0.999990 -0.001681 0.005818 0.999966 -0.005818 -0.003269 0.999989 0.003268 0.005756 0.999887 -0.013896 -0.000513 0.999999 0.001239 -0.011362 0.999935 -0.000000 0.003498 0.999994 -0.000000 0.000000 0.999997 -0.002236 0.000000 0.999999 -0.001670 0.001093 0.999996 0.002639 -0.001236 0.999995 -0.002984 -0.004358 0.999981 -0.004358 -0.004257 0.999982 -0.004257 -0.002586 0.999996 -0.001071 -0.007339 0.999968 -0.003040 -0.004879 0.999988 -0.000000 -0.010384 0.999946 -0.000000 -0.006523 0.999975 0.002702 -0.012062 0.999915 0.004996 -0.013064 0.999829 0.013064 -0.011346 0.999871 0.011346 -0.018114 0.998879 0.043730 -0.007512 0.999807 0.018136 0.000000 0.997699 0.067799 0.000000 0.999731 0.023193 0.000000 0.999773 -0.021303 0.000000 0.998265 -0.058874 -0.019900 0.998647 -0.048044 -0.008366 0.999761 -0.020199 -0.014690 0.999784 -0.014691 -0.013733 0.999811 -0.013734 0.003285 0.999994 0.001360 -0.013732 0.999890 -0.005688 0.006006 0.999964 0.006006 -0.007780 0.999940 -0.007781 0.011365 0.999924 0.004707 -0.010978 0.999929 -0.004548 0.014081 0.999323 0.033993 -0.015144 0.999217 -0.036562 0.000000 0.999029 0.044068 0.000000 0.999041 -0.043786 0.006795 0.999842 -0.016404 -0.017320 0.998975 0.041813 0.000000 0.998584 0.053203 0.000000 0.999589 -0.028678 -0.006561 0.999957 0.006561 -0.011012 0.999879 0.011011 -0.020594 0.999752 0.008530 0.006454 0.999976 -0.002673 -0.019407 0.999812 -0.000000 0.005686 0.999984 -0.000000 -0.018603 0.999797 -0.007706 
						0.004422 0.999988 0.001832 -0.006543 0.999957 -0.006543 0.004423 0.999980 0.004423 -0.004715 0.999924 -0.011383 0.004292 0.999937 0.010363 0.000000 0.999953 -0.009742 0.000000 0.999967 -0.008068 -0.004267 0.999938 0.010302 -0.000048 1.000000 0.000117 -0.004616 0.999979 0.004615 -0.003057 0.999991 0.003056 -0.005892 0.999980 0.002440 0.012917 0.999902 -0.005351 0.011840 0.999930 -0.000000 -0.008897 0.999960 -0.000000 0.202090 0.854572 -0.478400 0.003342 0.854571 -0.519323 0.007932 0.854549 -0.519310 0.206409 0.854548 -0.476595 0.360856 0.854544 -0.373548 0.358644 0.854516 -0.375735 0.474607 0.854501 -0.211132 0.468732 0.854233 -0.224890 0.516574 0.850055 -0.102754 0.515447 0.848201 -0.121942 0.475320 0.854521 0.209439 0.514597 0.846802 0.134595 0.513073 0.844294 0.154675 0.467893 0.854180 0.226829 0.368738 0.854578 0.365690 0.363795 0.854570 0.370626 0.200566 0.854578 0.479030 0.203180 0.854570 0.477942 0.001444 0.854576 0.519324 0.003799 0.854571 0.519321 -0.197353 0.854576 0.480365 -0.195517 0.854572 0.481123 -0.365566 0.854577 0.368862 -0.363757 0.854569 0.370664 -0.478265 0.854573 0.202403 -0.476650 0.854551 0.206269 -0.519306 0.854551 -0.007988 -0.519296 0.854534 -0.010194 -0.482537 0.854557 -0.192067 -0.482089 0.854564 -0.193159 -0.363849 0.854570 -0.370573 -0.365405 0.854577 -0.369022 -0.195560 0.854572 -0.481107 -0.190392 0.854542 -0.483228 -0.006611 0.854558 0.519314 0.194292 0.854565 0.481633 0.196157 0.854571 0.480864 -0.004379 0.854568 0.519320 -0.000639 0.854575 -0.519328 -0.198328 0.854574 -0.479968 -0.196208 0.854571 -0.480844 0.002001 0.854573 -0.519327 0.363753 0.854565 0.370678 0.365697 0.854573 0.368741 -0.365725 0.854572 -0.368717 -0.363442 0.854561 -0.370991 0.476965 0.854554 0.205529 0.478689 0.854573 0.201398 -0.478168 0.854568 -0.202655 
						-0.475965 0.854533 -0.207920 0.519287 0.854515 -0.011999 0.519307 0.854548 -0.008215 -0.519323 0.854574 -0.002618 -0.519320 0.854570 -0.004156 0.478755 0.854572 -0.201247 0.478133 0.854567 -0.202740 -0.485876 0.854468 0.183870 -0.482403 0.854558 0.192398 0.351320 0.854360 -0.382941 0.347151 0.854234 -0.387001 -0.374074 0.854536 0.360328 -0.370143 0.854569 0.364287 0.187496 0.854512 -0.484411 0.194216 0.854565 -0.481663 -0.202087 0.854570 0.478405 -0.202105 0.854570 0.478397 -0.015251 0.854477 -0.519266 -0.011586 0.854519 -0.519291 -0.007762 0.854551 0.519309 -0.005784 0.854563 0.519316 -0.215138 0.854441 -0.472912 -0.210089 0.854512 -0.475050 0.194038 0.854566 0.481732 0.194057 0.854566 0.481724 -0.369771 0.854573 -0.364655 -0.373961 0.854540 -0.360437 0.348426 0.854280 0.385753 0.351057 0.854357 0.383188 -0.478855 0.854578 -0.200982 -0.486070 0.854463 -0.183381 0.471552 0.854384 0.218327 0.468098 0.854192 0.226361 -0.516124 0.849324 -0.110749 -0.517038 0.850828 -0.093615 0.513750 0.845405 0.146122 0.511923 0.842398 0.168229 -0.513773 0.845455 0.145752 -0.471293 0.854374 0.218925 -0.478788 0.854576 0.201152 -0.515261 0.847903 0.124766 0.515892 0.848928 -0.114789 0.470791 0.854347 -0.220106 0.464417 0.853920 -0.234815 0.514603 0.846807 -0.134541 -0.367806 0.854576 0.366631 -0.372683 0.854551 0.361732 0.355889 0.854468 -0.378453 0.352655 0.854398 -0.381627 -0.207052 0.854542 0.476328 -0.204595 0.854559 0.477357 0.197057 0.854575 -0.480489 0.200120 0.854576 -0.479221 -0.408247 -0.816497 0.408249 -0.408248 -0.816497 0.408249 -0.408248 -0.816497 0.408249 -0.408248 -0.816497 0.408249 -0.408246 -0.816497 0.408250 -0.408245 -0.816497 0.408251 0.000001 -1.000000 0.000001 -0.000000 -1.000000 -0.000000 0.000000 -1.000000 0.000000 0.000001 -1.000000 0.000001 -0.707107 -0.707106 -0.000001 
						-0.707107 -0.707106 -0.000001 -0.707107 -0.707106 -0.000001 0.707106 0.000000 0.707107 0.707107 0.000000 0.707107 0.707107 -0.000001 0.707106 0.707107 -0.000000 0.707106 -0.000001 0.707107 -0.707106 -0.000000 0.707107 -0.707106 0.000000 0.707106 -0.707107 0.000000 0.707106 -0.707107 -0.707107 -0.707106 0.000001 -0.707107 -0.707106 0.000000 -0.707106 -0.707107 -0.000001 -0.707106 -0.707107 -0.000000 0.000000 -1.000000 0.000000 0.000000 -1.000000 0.000000 0.000000 -1.000000 0.000000 0.000000 -1.000000 0.000000 -0.000000 1.000000 0.000000 -0.000000 1.000000 0.000000 -0.000000 1.000000 0.000000 -0.000000 1.000000 0.000000 -0.707107 -0.000000 -0.707107 -0.707107 -0.000000 -0.707107 -0.707107 -0.000000 -0.707107 -0.707107 -0.000000 -0.707107 0.000000 -1.000000 -0.000000 0.000000 -1.000000 -0.000000 0.000000 -1.000000 -0.000000 0.000000 -1.000000 -0.000000 0.707107 0.000000 0.707107 0.707107 0.000000 0.707107 0.707107 0.000000 0.707107 0.707107 0.000000 0.707107 0.000008 0.000000 1.000000 0.000008 0.000000 1.000000 0.000008 0.000000 1.000000 -1.000000 -0.000007 0.000000 -1.000000 -0.000013 0.000000 1.000000 0.000000 0.000000 1.000000 0.000000 0.000000 1.000000 0.000000 0.000000 1.000000 0.000000 0.000000 1.000000 0.000006 0.000000 1.000000 -0.000000 0.000000 1.000000 0.000000 0.000000 1.000000 -0.000000 0.000000 -0.000002 0.000000 1.000000 -0.000003 0.000000 1.000000 0.000000 -1.000000 0.000000 0.000000 -1.000000 0.000000 1.000000 0.000000 0.000000 1.000000 0.000000 0.000000 1.000000 0.000006 -0.000000 1.000000 0.000001 -0.000000 1.000000 0.000000 0.000000 1.000000 0.000006 -0.000000 1.000000 0.000000 0.000000 1.000000 0.000000 0.000000 1.000000 0.000000 0.000000 1.000000 0.000000 0.000000 -1.000000 0.000000 0.000002 -1.000000 0.000000 0.000004 -1.000000 0.000000 0.000003 
						-1.000000 0.000000 0.000002 -1.000000 0.000000 0.000000 1.000000 0.000000 0.000000 1.000000 0.000000 0.000000 1.000000 0.000000 0.000000 1.000000 0.000000 0.000000 1.000000 0.000011 0.000000 1.000000 0.000001 0.000000 -1.000000 0.000000 -0.000000 -1.000000 0.000000 -0.000000 0.000001 -1.000000 0.000001 0.000001 -1.000000 0.000001 0.000001 -1.000000 0.000001 0.000001 -1.000000 0.000001 0.000001 -1.000000 -0.000001 0.000001 -1.000000 -0.000001 0.000000 -1.000000 0.000000 0.000001 -0.707107 -0.707107 -0.000001 -0.707107 -0.707107 -0.499999 -0.612373 0.612373 -0.499999 -0.612373 0.612373 -0.499999 -0.612373 0.612373 -0.499999 -0.612373 0.612373 1.000000 0.000000 0.000000 1.000000 0.000000 0.000000 0.000000 0.816493 -0.577355 0.000000 0.816493 -0.577355 0.000000 0.816493 -0.577355 0.000000 0.816493 -0.577355 -0.001790 -0.000000 -0.999998 -0.001790 -0.000000 -0.999998 -0.001790 -0.000000 -0.999998 -0.001790 -0.000000 -0.999998 0.000000 -0.000000 1.000000 0.000000 -0.000000 1.000000 0.000000 -0.000000 1.000000 0.000000 -0.999790 0.020506 0.000000 -0.999883 0.015315 0.000000 -0.999902 0.014016 0.000000 -0.999826 0.018668 0.000000 -0.015711 0.999877 0.000000 -0.008731 0.999962 0.000000 -0.008004 0.999968 0.000000 -0.014699 0.999892 0.000000 -0.999924 0.012330 0.000000 -0.999913 0.013198 0.000000 -0.999900 0.014143 0.000000 -0.999912 0.013276 0.000000 -0.999902 0.013974 0.000000 -0.999936 0.011300 0.000000 -0.999965 0.008383 0.000000 -0.999939 0.011057 0.000000 -0.000003 1.000000 0.000000 -0.000000 1.000000 0.000000 -0.000000 1.000000 0.000000 -0.000003 1.000000 0.000001 0.000000 1.000000 -0.000000 0.000000 1.000000 0.000003 0.000000 1.000000 -0.001794 -0.999998 0.000000 -0.002537 -0.999997 0.000000 -0.002749 -0.999996 0.000000 -0.002006 -0.999998 0.000000 0.002486 -0.036727 0.999322 
						0.001219 -0.036727 0.999325 -0.000449 -0.036727 0.999325 0.000818 -0.036727 0.999325 0.000000 0.759327 0.650709 0.000000 0.759327 0.650709 0.000000 0.759327 0.650709 0.000000 0.759327 0.650709 0.000000 0.000000 1.000000 -0.000000 0.000000 1.000000 -0.000000 0.000000 1.000000 -0.000000 0.000000 1.000000 -0.000000 0.000000 1.000000 0.001796 0.000000 0.999998 0.002491 0.000000 0.999997 0.000695 0.000000 1.000000 0.000000 1.000000 0.000000 0.000000 1.000000 0.000000 0.000000 1.000000 0.000000 0.000000 1.000000 0.000000 -0.000446 -0.707107 0.707107 -0.000446 -0.707107 0.707107 -0.000446 -0.707107 0.707107 -0.000446 -0.707107 0.707107 -0.002748 -0.999637 0.026787 -0.001671 -0.999640 0.026787 -0.000448 -0.999641 0.026787 -0.001525 -0.999640 0.026787 -0.000000 -0.026713 0.999643 -0.000000 -0.018684 0.999825 -0.000000 -0.015757 0.999876 -0.000000 -0.022598 0.999745 0.000000 -0.816493 0.577355 0.000000 -0.816496 0.577351 0.000000 -0.816499 0.577347 0.000000 -0.006135 0.999981 0.000000 -0.014826 0.999890 0.000000 -0.015953 0.999873 0.000000 -0.007988 0.999968 -0.000000 -0.000003 1.000000 -0.000000 -0.000003 1.000000 0.000000 -0.816501 0.577344 0.000000 -0.816498 0.577348 0.000000 -0.707431 0.706782 0.000000 -0.707428 0.706786 0.000000 -0.707428 0.706786 0.000000 -0.707431 0.706782 -0.000000 -0.706788 0.707425 -0.000000 -0.706792 0.707422 -0.000000 -0.706792 0.707422 -0.000000 -0.706789 0.707425 -0.000000 -0.015823 0.999875 -0.000000 -0.022029 0.999757 -0.000000 -0.024352 0.999703 -0.000000 -0.018592 0.999827 0.000001 0.816493 -0.577355 -0.000000 -0.999900 0.014132 -0.000000 -0.999810 0.019467 -0.000000 -0.999784 0.020774 -0.000000 -0.999877 0.015679 0.000000 -0.000000 1.000000 0.000001 -0.707107 0.707107 -0.000000 -0.707107 0.707107 -0.000000 -0.707107 0.707107 0.000001 -0.707107 0.707107 
						0.000001 -0.707107 0.707107 0.000001 -0.707107 0.707107 1.000000 0.000000 0.000000 1.000000 0.000000 0.000000 1.000000 0.000000 0.000000 1.000000 0.000000 0.000000 -0.000000 -0.707107 -0.707107 -0.000000 -0.707107 -0.707107 -0.000000 -0.707107 -0.707107 -0.000000 -0.707107 -0.707107 0.000000 -0.707106 -0.707107 0.000000 -0.707106 -0.707107 0.000000 -0.707106 -0.707107 0.000000 -0.707106 -0.707107 0.000000 -0.707106 -0.707107 0.000000 -0.707106 -0.707107 0.000000 -0.707106 -0.707107 0.000000 -0.707106 -0.707107 
					</float_array>
					<technique_common>
						<accessor count="2706" offset="0" source="#meshId0-bitangents-array" stride="3">
							<param name="X" type="float" />
							<param name="Y" type="float" />
							<param name="Z" type="float" />
						</accessor>
					</technique_common>
				</source>
				<source id="meshId0-tex0" name="meshId0-tex0">
					<float_array id="meshId0-tex0-array" count="5412"> 
						0.660707 0.283880 0.683022 0.283880 0.683022 0.303138 0.660707 0.303138 0.683022 0.276562 0.683022 0.189942 0.754593 0.189942 0.754593 0.276562 0.628918 0.498204 0.615689 0.498204 0.615689 0.478946 0.628918 0.478946 0.754593 0.303138 0.718808 0.365120 0.683022 0.303138 0.005175 0.619715 0.005175 0.607986 0.076746 0.607986 0.076746 0.619715 0.076746 0.342889 0.076746 0.362147 0.005175 0.362147 0.005175 0.342889 0.660707 0.303138 0.683022 0.303138 0.683022 0.374709 0.660707 0.374709 0.006900 0.653443 0.075021 0.653443 0.073296 0.657607 0.008625 0.657607 0.628918 0.407375 0.666369 0.407375 0.666369 0.478946 0.628918 0.478946 0.670877 0.505522 0.670877 0.498204 0.675384 0.498204 0.675384 0.505522 0.096004 0.619715 0.096004 0.649279 0.076746 0.649279 0.076746 0.619715 0.885423 0.727263 0.893751 0.727263 0.893751 0.794201 0.885423 0.794201 0.078471 0.653443 0.096004 0.653786 0.096004 0.658293 0.080196 0.657607 0.449706 0.787362 0.449706 0.807952 0.445542 0.806227 0.445542 0.787362 0.893751 0.818380 0.885423 0.818380 0.885423 0.794201 0.893751 0.794201 0.838359 0.409755 0.806826 0.409755 0.806826 0.405173 0.838359 0.405173 0.893751 0.818380 
						0.893751 0.794201 0.898803 0.797651 0.899489 0.813460 0.103322 0.619715 0.103322 0.649279 0.076746 0.335571 0.005175 0.335571 0.628918 0.505522 0.615689 0.505522 0.683022 0.303138 0.683022 0.283880 0.754593 0.283880 0.754593 0.303138 0.660707 0.276562 0.683022 0.276562 0.893751 0.794201 0.893751 0.727263 0.899763 0.728396 0.899763 0.793068 0.831231 0.390240 0.764944 0.390240 0.764944 0.374417 0.831231 0.374417 0.838359 0.490250 0.806826 0.490250 0.806826 0.425578 0.838359 0.425578 0.806826 0.409755 0.838359 0.409755 0.838359 0.425578 0.806826 0.425578 0.948691 0.820053 0.948692 0.733433 0.953273 0.733433 0.953274 0.820053 0.831231 0.309745 0.859502 0.309745 0.859502 0.374417 0.831231 0.374417 0.679966 0.498204 0.679966 0.505522 0.445540 0.881521 0.450461 0.875783 0.450461 0.880364 0.445540 0.886103 0.670534 0.477221 0.670534 0.409100 0.674698 0.410825 0.674698 0.475496 0.670534 0.480671 0.674698 0.482396 0.885423 0.727263 0.885423 0.794201 0.879411 0.793068 0.879411 0.728396 0.885423 0.704948 0.885423 0.727263 0.880371 0.723814 0.880371 0.704948 0.885423 0.794201 0.885423 0.818380 0.879684 0.813460 0.880371 0.797651 0.119219 0.488563 
						0.189942 0.488563 0.189942 0.492727 0.119219 0.492727 0.806826 0.529273 0.838359 0.529273 0.838359 0.599996 0.806826 0.599996 0.804544 0.270722 0.764944 0.270722 0.764944 0.199999 0.811258 0.199999 0.119219 0.335571 0.189942 0.335571 0.189942 0.342889 0.119219 0.342889 0.893751 0.684791 0.893751 0.614068 0.898803 0.614068 0.898803 0.684791 0.893751 0.684791 0.885423 0.684791 0.885423 0.614068 0.893751 0.614068 0.483433 0.767205 0.453870 0.767205 0.453869 0.696482 0.483433 0.696482 0.750115 0.809574 0.750115 0.844497 0.741823 0.844497 0.741823 0.809574 0.189942 0.362147 0.119219 0.362147 0.119219 0.446947 0.119219 0.433718 0.189942 0.433718 0.189942 0.446947 0.457395 0.872036 0.457395 0.880364 0.450461 0.880364 0.450461 0.872036 0.537044 0.590603 0.505512 0.590603 0.505512 0.583285 0.537044 0.583285 0.511828 0.392377 0.445540 0.392377 0.445540 0.385060 0.511828 0.385060 0.457395 0.872036 0.450461 0.872036 0.445540 0.866298 0.452858 0.866298 0.457395 0.880364 0.539478 0.880364 0.539478 0.886103 0.452858 0.886103 0.885423 0.818380 0.893751 0.818380 0.893751 0.822962 0.885423 0.822962 0.450461 0.876618 0.445540 0.870880 0.831231 0.390240 
						0.859502 0.390240 0.859502 0.394822 0.831231 0.394822 0.119218 0.484398 0.189942 0.484398 0.666369 0.505522 0.666369 0.498204 0.615689 0.407375 0.615689 0.478946 0.666369 0.478946 0.539478 0.872036 0.539478 0.866298 0.185262 0.778135 0.185262 0.819291 0.160386 0.819291 0.160386 0.778135 0.537044 0.677223 0.505512 0.677223 0.539478 0.872036 0.539478 0.880364 0.119219 0.248951 0.189942 0.248951 0.207983 0.764344 0.207992 0.850958 0.203411 0.850958 0.203401 0.764343 0.103322 0.658293 0.103322 0.662875 0.096004 0.662875 0.660707 0.189942 0.683022 0.189942 0.628918 0.592142 0.615689 0.592142 0.103322 0.653707 0.189942 0.607986 0.189942 0.619715 0.103322 0.607986 0.495162 0.767205 0.495162 0.696482 0.096004 0.607986 0.076746 0.607986 0.005175 0.649279 0.076746 0.649279 0.944105 0.824481 0.914541 0.824481 0.914541 0.820053 0.944105 0.820053 0.249963 0.855412 0.212506 0.855465 0.212500 0.850957 0.249957 0.850983 0.212569 0.764346 0.250014 0.764358 0.249957 0.850983 0.212500 0.850957 0.914541 0.733432 0.944105 0.733433 0.944105 0.820053 0.914541 0.820053 0.910113 0.820053 0.910113 0.733432 0.914541 0.733432 0.914541 0.820053 0.254443 0.764360 
						0.254385 0.850986 0.249957 0.850983 0.250014 0.764358 0.944105 0.820053 0.944105 0.733433 0.212569 0.764346 0.212500 0.850957 0.119218 0.484398 0.189942 0.484398 0.666369 0.498204 0.666369 0.478946 0.666369 0.478946 0.666369 0.407375 0.670534 0.477221 0.666369 0.505522 0.096004 0.649279 0.103322 0.649279 0.453870 0.787362 0.453870 0.809677 0.076746 0.649279 0.005175 0.649279 0.076746 0.649279 0.540099 0.478997 0.511828 0.478997 0.540099 0.392377 0.764944 0.390240 0.764944 0.394822 0.540099 0.385060 0.811258 0.270722 0.764944 0.309745 0.764944 0.374417 0.859502 0.390240 0.859502 0.374417 0.458106 0.435571 0.458106 0.478997 0.445540 0.478997 0.499262 0.435571 0.499262 0.478997 0.246827 0.906972 0.246827 0.865816 0.290254 0.865816 0.290254 0.906972 0.958006 0.342070 0.958006 0.298643 0.982882 0.298643 0.982882 0.342070 0.185262 0.819291 0.185262 0.862718 0.160386 0.862718 0.160386 0.819291 0.878054 0.329475 0.878311 0.308701 0.879901 0.308691 0.879705 0.329486 0.881482 0.308674 0.881356 0.329491 0.876404 0.329460 0.876714 0.308706 0.883041 0.308643 0.883008 0.329491 0.884612 0.308668 0.884661 0.329487 0.886192 0.308651 0.886314 0.329480 
						0.887778 0.308649 0.887968 0.329469 0.889370 0.308643 0.889623 0.329454 0.890968 0.308634 0.891278 0.329436 0.892578 0.308621 0.892934 0.329413 0.894195 0.308576 0.894590 0.329385 0.895804 0.308469 0.896247 0.329352 0.869854 0.329346 0.870289 0.308554 0.871873 0.308649 0.871454 0.329379 0.873484 0.308718 0.873104 0.329412 0.875110 0.308712 0.874754 0.329438 0.873498 0.306251 0.873518 0.287175 0.875138 0.287155 0.875118 0.306272 0.871888 0.306303 0.871903 0.287124 0.870326 0.306371 0.870304 0.287050 0.894168 0.306177 0.894105 0.287101 0.895655 0.287020 0.895776 0.306227 0.892553 0.306170 0.892507 0.287164 0.890938 0.306207 0.890896 0.287151 0.889341 0.306239 0.889305 0.287140 0.887756 0.306268 0.887721 0.287132 0.886186 0.306302 0.886143 0.287124 0.884605 0.306296 0.884572 0.287111 0.883034 0.306343 0.883018 0.287089 0.881475 0.306323 0.881445 0.287132 0.879896 0.306310 0.879871 0.287092 0.878310 0.306301 0.878313 0.287117 0.876733 0.287136 0.876718 0.306290 0.875116 0.285940 0.876709 0.285940 0.876733 0.287136 0.875138 0.287155 0.873524 0.285940 0.873518 0.287175 0.871949 0.285940 0.871903 0.287124 0.870460 0.285940 0.870304 0.287050 
						0.894054 0.285940 0.895503 0.285940 0.895655 0.287020 0.894105 0.287101 0.892497 0.285940 0.892507 0.287164 0.890916 0.285940 0.890896 0.287151 0.889327 0.285940 0.889305 0.287140 0.887744 0.285940 0.887721 0.287132 0.886165 0.285940 0.886143 0.287124 0.884592 0.285940 0.884572 0.287111 0.883018 0.285940 0.883018 0.287089 0.881445 0.285940 0.881445 0.287132 0.879870 0.285940 0.879871 0.287092 0.878291 0.285940 0.878313 0.287117 0.876718 0.306290 0.878310 0.306301 0.878288 0.307501 0.876694 0.307498 0.876694 0.307498 0.878288 0.307501 0.878311 0.308701 0.876714 0.308706 0.879896 0.306310 0.879876 0.307501 0.879876 0.307501 0.879901 0.308691 0.881475 0.306323 0.881458 0.307500 0.881458 0.307500 0.881482 0.308674 0.883034 0.306343 0.883039 0.307498 0.883039 0.307498 0.883041 0.308643 0.884605 0.306296 0.884619 0.307508 0.884619 0.307508 0.884612 0.308668 0.886186 0.306302 0.886201 0.307445 0.886201 0.307445 0.886192 0.308651 0.887756 0.306268 0.887788 0.307451 0.887788 0.307451 0.887778 0.308649 0.889341 0.306239 0.889378 0.307439 0.889378 0.307439 0.889370 0.308643 0.890938 0.306207 0.890974 0.307424 0.890974 0.307424 0.890968 0.308634 
						0.892553 0.306170 0.892569 0.307420 0.892569 0.307420 0.892578 0.308621 0.894168 0.306177 0.894145 0.307351 0.894145 0.307351 0.894195 0.308576 0.895776 0.306227 0.895636 0.307339 0.895636 0.307339 0.895804 0.308469 0.870326 0.306371 0.871888 0.306303 0.871931 0.307475 0.870462 0.307459 0.870462 0.307459 0.871931 0.307475 0.871873 0.308649 0.870289 0.308554 0.873498 0.306251 0.873501 0.307484 0.873501 0.307484 0.873484 0.308718 0.875118 0.306272 0.875094 0.307492 0.875094 0.307492 0.875110 0.308712 0.005175 0.362147 0.076746 0.362147 0.060072 0.371774 0.021850 0.371774 0.040961 0.424129 0.040961 0.404875 0.076746 0.248951 0.061876 0.325944 0.061876 0.258578 0.020045 0.325944 0.005175 0.248951 0.020045 0.258578 0.038276 0.854578 0.005175 0.835467 0.038276 0.816356 0.046562 0.892799 0.038276 0.892799 0.038276 0.854578 0.046562 0.854578 0.046562 0.816356 0.038276 0.816356 0.038276 0.778135 0.046562 0.778135 0.046562 0.854578 0.038276 0.854578 0.038276 0.816356 0.046562 0.816356 0.512906 0.938284 0.445540 0.938284 0.445540 0.896453 0.512906 0.896453 0.990546 0.860778 0.982260 0.860778 0.982260 0.793412 0.990546 0.793412 0.990546 0.684216 
						0.982260 0.684216 0.982260 0.642385 0.990546 0.642385 0.990546 0.751581 0.982260 0.751581 0.982260 0.684216 0.990546 0.684216 0.990546 0.793412 0.982260 0.793412 0.982260 0.751581 0.990546 0.751581 0.831231 0.309745 0.804544 0.290879 0.811258 0.290879 0.449706 0.767205 0.445541 0.767205 0.806826 0.490250 0.838359 0.490250 0.838359 0.509116 0.806826 0.509116 0.670534 0.405650 0.670534 0.385060 0.674698 0.385060 0.674698 0.403925 0.764944 0.309745 0.764944 0.290879 0.640550 0.276562 0.640550 0.283880 0.885423 0.684791 0.880371 0.684791 0.893751 0.727263 0.893751 0.704948 0.898803 0.704948 0.898803 0.723814 0.893751 0.727263 0.885423 0.727263 0.885423 0.704948 0.893751 0.704948 0.483433 0.809677 0.453870 0.809677 0.453870 0.787362 0.483433 0.787362 0.453870 0.767205 0.666369 0.407375 0.628918 0.407375 0.628918 0.385060 0.666369 0.385060 0.666369 0.407375 0.666369 0.385060 0.640550 0.189942 0.495162 0.809677 0.495162 0.787362 0.076746 0.335571 0.099062 0.335571 0.099062 0.342889 0.076746 0.342889 0.099062 0.362147 0.076746 0.362147 0.076746 0.248951 0.099062 0.248951 0.640550 0.303138 0.640550 0.303138 0.640550 0.374709 0.076746 0.362147 
						0.096072 0.373304 0.060286 0.435287 0.040961 0.424129 0.615689 0.407375 0.615689 0.385060 0.385060 0.472098 0.387464 0.468698 0.389868 0.474894 0.385060 0.481694 0.445540 0.847969 0.445576 0.827852 0.453396 0.827866 0.453360 0.847983 0.668789 0.855947 0.662057 0.855947 0.662057 0.848092 0.449705 0.696482 0.445541 0.696482 0.480027 0.855370 0.460755 0.855756 0.460645 0.847949 0.482879 0.848041 0.569826 0.276562 0.569826 0.283880 0.569826 0.303138 0.885423 0.614068 0.880371 0.614068 0.453869 0.696482 0.576625 0.820222 0.613979 0.820047 0.619558 0.827883 0.576748 0.828004 0.453492 0.820030 0.460811 0.820121 0.460700 0.827928 0.453396 0.827866 0.569826 0.189942 0.569826 0.303138 0.569826 0.374709 0.460755 0.855756 0.453425 0.855831 0.453360 0.847983 0.460645 0.847949 0.622354 0.820027 0.662057 0.820027 0.662057 0.827883 0.627908 0.827883 0.859502 0.290879 0.859502 0.270722 0.859502 0.199999 0.859502 0.309745 0.453360 0.847983 0.453396 0.827866 0.460700 0.827928 0.460645 0.847949 0.576798 0.847965 0.560591 0.848075 0.560600 0.827881 0.576748 0.828004 0.672402 0.848092 0.662057 0.848092 0.662057 0.827883 0.672402 0.827883 0.662057 0.848092 
						0.627908 0.848092 0.627908 0.827883 0.662057 0.827883 0.619558 0.848092 0.576798 0.847965 0.576748 0.828004 0.619558 0.827883 0.619558 0.848092 0.619558 0.827883 0.627908 0.827883 0.627908 0.848092 0.482879 0.848041 0.482888 0.827846 0.560600 0.827881 0.560591 0.848075 0.460645 0.847949 0.460700 0.827928 0.482888 0.827846 0.482879 0.848041 0.563403 0.820544 0.576625 0.820222 0.576748 0.828004 0.560600 0.827881 0.525479 0.797907 0.523075 0.794507 0.525479 0.788311 0.613990 0.855918 0.576673 0.855757 0.576798 0.847965 0.619558 0.848092 0.622354 0.855947 0.627908 0.848092 0.520671 0.791107 0.520671 0.781511 0.557584 0.855326 0.485880 0.855294 0.482879 0.848041 0.560591 0.848075 0.485896 0.820596 0.557599 0.820628 0.560600 0.827881 0.482888 0.827846 0.576673 0.855757 0.563407 0.855439 0.560591 0.848075 0.576798 0.847965 0.387464 0.468698 0.389868 0.465298 0.389868 0.474894 0.460811 0.820121 0.480051 0.820528 0.482888 0.827846 0.460700 0.827928 0.668789 0.820027 0.181533 0.380471 0.127627 0.380471 0.119219 0.362147 0.189942 0.362147 0.181533 0.415394 0.189942 0.433718 0.127627 0.415394 0.119219 0.433718 0.558483 0.896453 0.612389 0.896453 
						0.612389 0.931376 0.558483 0.931376 0.750115 0.898404 0.750115 0.933327 0.741823 0.933327 0.741823 0.898404 0.750115 0.844497 0.750115 0.898404 0.741823 0.898404 0.741823 0.844497 0.750115 0.933327 0.750115 0.987233 0.741823 0.987233 0.741823 0.933327 0.478946 0.283880 0.478946 0.303138 0.456630 0.303138 0.456630 0.283880 0.456630 0.276562 0.385060 0.276562 0.385060 0.189942 0.456631 0.189942 0.741364 0.498204 0.741364 0.478946 0.754593 0.478946 0.754593 0.498204 0.385060 0.303138 0.456630 0.303138 0.420845 0.365120 0.562178 0.385060 0.562178 0.456631 0.550449 0.456631 0.550449 0.385060 0.303138 0.342889 0.374709 0.342889 0.374709 0.362147 0.303138 0.362147 0.478946 0.303138 0.478946 0.374709 0.456630 0.374709 0.456630 0.303138 0.595906 0.386785 0.600070 0.388509 0.600070 0.453181 0.595906 0.454906 0.741364 0.407375 0.741364 0.478946 0.703913 0.478946 0.703913 0.407375 0.699406 0.505522 0.694898 0.505522 0.694898 0.498204 0.699406 0.498204 0.562178 0.475889 0.562178 0.456631 0.591742 0.456631 0.591742 0.475889 0.885423 0.500872 0.885423 0.433934 0.893751 0.433934 0.893751 0.500872 0.595906 0.458356 0.600070 0.460081 0.600756 0.475889 
						0.596249 0.475889 0.449704 0.605601 0.445540 0.605601 0.445540 0.586735 0.449704 0.585010 0.893751 0.409755 0.893751 0.433934 0.885423 0.433934 0.885423 0.409755 0.838359 0.790238 0.838359 0.794820 0.806826 0.794820 0.806826 0.790238 0.893751 0.409755 0.899489 0.414675 0.898803 0.430484 0.893751 0.433934 0.562178 0.483207 0.591742 0.483207 0.303138 0.335571 0.374709 0.335571 0.741364 0.505522 0.754593 0.505522 0.456630 0.303138 0.385060 0.303138 0.385060 0.283880 0.456630 0.283880 0.478946 0.276562 0.456630 0.276562 0.893751 0.433934 0.899763 0.435067 0.899763 0.499739 0.893751 0.500872 0.831231 0.009757 0.831231 0.025581 0.764944 0.025581 0.764944 0.009757 0.838359 0.709742 0.838359 0.774414 0.806826 0.774414 0.806826 0.709742 0.806826 0.790238 0.806826 0.774414 0.838359 0.774414 0.838359 0.790238 0.954702 0.009603 0.959284 0.009603 0.959284 0.096223 0.954702 0.096223 0.831231 0.090253 0.831231 0.025581 0.859502 0.025581 0.859502 0.090253 0.690317 0.505522 0.690317 0.498204 0.960966 0.593048 0.956384 0.593048 0.962122 0.588127 0.966704 0.588127 0.699749 0.477221 0.695585 0.475496 0.695585 0.410825 0.699749 0.409100 0.695585 0.482395 
						0.699749 0.480671 0.885423 0.500872 0.879411 0.499739 0.879411 0.435067 0.885423 0.433934 0.885423 0.523187 0.880371 0.523187 0.880371 0.504321 0.885423 0.500872 0.885423 0.433934 0.880371 0.430484 0.879684 0.414676 0.885423 0.409755 0.260666 0.488563 0.260666 0.492727 0.806826 0.670720 0.838359 0.670720 0.804544 0.129275 0.764944 0.129275 0.260666 0.335571 0.260666 0.342889 0.893751 0.543344 0.898803 0.543344 0.893751 0.543344 0.885423 0.543344 0.483433 0.625758 0.453869 0.625758 0.824972 0.982829 0.816681 0.982829 0.816681 0.947906 0.824972 0.947906 0.260666 0.362147 0.260666 0.446947 0.260666 0.433718 0.970450 0.581193 0.970450 0.588127 0.962122 0.588127 0.962122 0.581193 0.916123 0.204939 0.916123 0.197621 0.947655 0.197621 0.947655 0.204939 0.185733 0.701497 0.193050 0.701497 0.193050 0.767784 0.185733 0.767784 0.970450 0.581193 0.976188 0.585730 0.976188 0.593048 0.970450 0.588127 0.962122 0.581193 0.956384 0.585730 0.956384 0.499110 0.962122 0.499110 0.885423 0.409755 0.885423 0.405173 0.893751 0.405173 0.893751 0.409755 0.965868 0.588127 0.971607 0.593048 0.831231 0.009757 0.831231 0.005175 0.859502 0.005175 0.859502 0.009757 
						0.260666 0.484398 0.703913 0.505522 0.703913 0.498204 0.754593 0.407375 0.754593 0.478946 0.703913 0.478946 0.970450 0.499110 0.976188 0.499110 0.435190 0.554225 0.410314 0.554225 0.410314 0.513069 0.435190 0.513069 0.916123 0.291559 0.947655 0.291559 0.970450 0.499110 0.962122 0.499110 0.260666 0.248951 0.269375 0.764344 0.264793 0.764343 0.264860 0.677727 0.269442 0.677730 0.605338 0.475889 0.605338 0.483207 0.600756 0.483207 0.478946 0.189942 0.456631 0.189942 0.741364 0.592141 0.754593 0.592141 0.596170 0.483207 0.550449 0.569827 0.550449 0.483207 0.562178 0.569827 0.495162 0.625758 0.550449 0.475889 0.550449 0.456631 0.591742 0.385060 0.591742 0.456631 0.950115 0.005175 0.950115 0.009603 0.920552 0.009603 0.920552 0.005175 0.311416 0.673304 0.311406 0.677733 0.273949 0.677734 0.273958 0.673226 0.273961 0.764346 0.273949 0.677734 0.311406 0.677733 0.311407 0.764358 0.920552 0.096222 0.920552 0.009603 0.950115 0.009603 0.950115 0.096223 0.916124 0.009603 0.920552 0.009603 0.920552 0.096222 0.916124 0.096222 0.315835 0.764360 0.311407 0.764358 0.311406 0.677733 0.315835 0.677733 0.950115 0.096223 0.950115 0.009603 0.273949 0.677734 
						0.273961 0.764346 0.260666 0.484398 0.703913 0.498204 0.703913 0.478946 0.703913 0.478946 0.699749 0.477221 0.703913 0.407375 0.703913 0.505522 0.591742 0.475889 0.591742 0.483207 0.453869 0.605601 0.453869 0.583285 0.591742 0.456631 0.591742 0.385060 0.595906 0.454906 0.591742 0.456631 0.099113 0.673226 0.185733 0.673226 0.099113 0.701497 0.764944 0.009757 0.764944 0.005176 0.193050 0.673226 0.811258 0.129275 0.764944 0.090253 0.764944 0.025581 0.859502 0.009757 0.859502 0.025581 0.142539 0.755219 0.099113 0.767784 0.099113 0.755219 0.142539 0.714063 0.099113 0.714063 0.690316 0.853001 0.690316 0.809574 0.731473 0.809574 0.731473 0.853001 0.523256 0.939880 0.548132 0.939880 0.548132 0.983306 0.523256 0.983306 0.435190 0.513069 0.410314 0.513069 0.410314 0.469643 0.435190 0.469643 0.651967 0.866314 0.653618 0.866303 0.653813 0.887098 0.652222 0.887089 0.655269 0.866298 0.655394 0.887116 0.650316 0.866329 0.650626 0.887083 0.656920 0.866298 0.656953 0.887147 0.658573 0.866302 0.658523 0.887122 0.660226 0.866310 0.660104 0.887138 0.661880 0.866321 0.661690 0.887140 0.663535 0.866335 0.663282 0.887147 0.665191 0.866354 0.664880 0.887155 
						0.666847 0.866377 0.666490 0.887168 0.668503 0.866404 0.668107 0.887214 0.670160 0.866437 0.669716 0.887321 0.643766 0.866443 0.645366 0.866409 0.645784 0.887140 0.644201 0.887236 0.647016 0.866377 0.647396 0.887071 0.648666 0.866350 0.649021 0.887077 0.647409 0.889538 0.649030 0.889517 0.649050 0.908635 0.647430 0.908615 0.645800 0.889486 0.645814 0.908666 0.644238 0.889419 0.644216 0.908740 0.668080 0.889613 0.669688 0.889563 0.669566 0.908770 0.668017 0.908689 0.666465 0.889620 0.666419 0.908626 0.664849 0.889582 0.664808 0.908639 0.663253 0.889551 0.663217 0.908650 0.661668 0.889522 0.661633 0.908658 0.660098 0.889488 0.660055 0.908666 0.658517 0.889493 0.658484 0.908679 0.656946 0.889447 0.656929 0.908701 0.655387 0.889467 0.655357 0.908658 0.653808 0.889479 0.653782 0.908698 0.652222 0.889489 0.652224 0.908673 0.650630 0.889500 0.650645 0.908654 0.649028 0.909850 0.649050 0.908635 0.650645 0.908654 0.650621 0.909850 0.647436 0.909850 0.647430 0.908615 0.645860 0.909850 0.645814 0.908666 0.644371 0.909850 0.644216 0.908740 0.667966 0.909850 0.668017 0.908689 0.669566 0.908770 0.669415 0.909850 0.666409 0.909850 0.666419 0.908626 
						0.664828 0.909850 0.664808 0.908639 0.663239 0.909850 0.663217 0.908650 0.661655 0.909850 0.661633 0.908658 0.660077 0.909850 0.660055 0.908666 0.658504 0.909850 0.658484 0.908679 0.656929 0.909850 0.656929 0.908701 0.655356 0.909850 0.655357 0.908658 0.653782 0.909850 0.653782 0.908698 0.652202 0.909850 0.652224 0.908673 0.650630 0.889500 0.650605 0.888292 0.652200 0.888289 0.652222 0.889489 0.650605 0.888292 0.650626 0.887083 0.652222 0.887089 0.652200 0.888289 0.653788 0.888288 0.653808 0.889479 0.653813 0.887098 0.653788 0.888288 0.655369 0.888290 0.655387 0.889467 0.655394 0.887116 0.655369 0.888290 0.656951 0.888292 0.656946 0.889447 0.656953 0.887147 0.656951 0.888292 0.658530 0.888282 0.658517 0.889493 0.658523 0.887122 0.658530 0.888282 0.660113 0.888344 0.660098 0.889488 0.660104 0.887138 0.660113 0.888344 0.661700 0.888339 0.661668 0.889522 0.661690 0.887140 0.661700 0.888339 0.663290 0.888351 0.663253 0.889551 0.663282 0.887147 0.663290 0.888351 0.664886 0.888366 0.664849 0.889582 0.664880 0.887155 0.664886 0.888366 0.666481 0.888370 0.666465 0.889620 0.666490 0.887168 0.666481 0.888370 0.668057 0.888439 0.668080 0.889613 
						0.668107 0.887214 0.668057 0.888439 0.669548 0.888451 0.669688 0.889563 0.669716 0.887321 0.669548 0.888451 0.644238 0.889419 0.644374 0.888331 0.645842 0.888315 0.645800 0.889486 0.644374 0.888331 0.644201 0.887236 0.645784 0.887140 0.645842 0.888315 0.647412 0.888305 0.647409 0.889538 0.647396 0.887071 0.647412 0.888305 0.649006 0.888297 0.649030 0.889517 0.649021 0.887077 0.649006 0.888297 0.374709 0.362147 0.358034 0.371774 0.319813 0.371774 0.303138 0.362147 0.338924 0.404875 0.338924 0.424129 0.303138 0.248951 0.318008 0.258578 0.318008 0.325944 0.359839 0.325944 0.359839 0.258578 0.374709 0.248951 0.141750 0.816356 0.141750 0.854578 0.108649 0.835467 0.150036 0.778135 0.150036 0.816356 0.141750 0.816356 0.141750 0.778135 0.150036 0.854578 0.150036 0.892799 0.141750 0.892799 0.141750 0.854578 0.150036 0.816356 0.150036 0.854578 0.141750 0.854578 0.141750 0.816356 0.426890 0.912094 0.385060 0.912094 0.385060 0.844729 0.426891 0.844729 0.963624 0.860778 0.963624 0.793413 0.971910 0.793413 0.971910 0.860778 0.963624 0.684216 0.963624 0.642385 0.971910 0.642385 0.971910 0.684216 0.963624 0.751582 0.963624 0.684216 0.971910 0.684216 
						0.971910 0.751582 0.963624 0.793413 0.963624 0.751582 0.971910 0.751582 0.971910 0.793413 0.831231 0.090253 0.811258 0.109118 0.804544 0.109118 0.449705 0.625758 0.445540 0.625758 0.806826 0.709742 0.806826 0.690877 0.838359 0.690877 0.838359 0.709742 0.699749 0.405650 0.695585 0.403925 0.695585 0.385060 0.699749 0.385060 0.764944 0.109118 0.764944 0.090253 0.499103 0.276562 0.499103 0.283880 0.885423 0.543344 0.880371 0.543344 0.893751 0.500872 0.898803 0.504321 0.898803 0.523187 0.893751 0.523187 0.893751 0.500872 0.893751 0.523187 0.885423 0.523187 0.885423 0.500872 0.483433 0.583285 0.483433 0.605601 0.453869 0.605601 0.453869 0.583285 0.453869 0.625758 0.703913 0.407375 0.703913 0.385060 0.741364 0.385060 0.741364 0.407375 0.703913 0.407375 0.703913 0.385060 0.499103 0.189942 0.495162 0.583285 0.495162 0.605601 0.303138 0.335571 0.303138 0.342889 0.280823 0.342889 0.280823 0.335571 0.303138 0.362147 0.280823 0.362147 0.303138 0.248951 0.280823 0.248951 0.499103 0.303138 0.499103 0.303138 0.499103 0.374709 0.303138 0.362147 0.338924 0.424129 0.319598 0.435287 0.283812 0.373305 0.754593 0.385060 0.754593 0.407375 0.385060 0.448148 
						0.385060 0.438552 0.389868 0.445352 0.387464 0.451548 0.897795 0.005175 0.897809 0.012995 0.877691 0.013031 0.877677 0.005211 0.905773 0.228424 0.897918 0.221692 0.905773 0.221692 0.905196 0.039662 0.897866 0.042514 0.897774 0.020280 0.905581 0.020390 0.870047 0.136260 0.877829 0.136383 0.877708 0.179193 0.869872 0.173614 0.869856 0.013127 0.877691 0.013031 0.877753 0.020335 0.869946 0.020446 0.897809 0.012995 0.905656 0.013060 0.869853 0.181989 0.877708 0.187543 0.877708 0.221692 0.869853 0.221692 0.859502 0.109118 0.859502 0.129275 0.859502 0.090253 0.897809 0.012995 0.897774 0.020280 0.877753 0.020335 0.877691 0.013031 0.897790 0.136433 0.877829 0.136383 0.877706 0.120235 0.897901 0.120226 0.897918 0.232037 0.877708 0.232037 0.877708 0.221692 0.897918 0.221692 0.897918 0.221692 0.877708 0.221692 0.877708 0.187543 0.897918 0.187543 0.897918 0.179193 0.877708 0.179193 0.877829 0.136383 0.897790 0.136433 0.897918 0.179193 0.897918 0.187543 0.877708 0.187543 0.877708 0.179193 0.897866 0.042514 0.897901 0.120226 0.877706 0.120235 0.877672 0.042523 0.897774 0.020280 0.897866 0.042514 0.877672 0.042523 0.877753 0.020335 0.870369 0.123038 
						0.877706 0.120235 0.877829 0.136383 0.870047 0.136260 0.389868 0.385060 0.389868 0.394655 0.387464 0.388460 0.905743 0.173625 0.897918 0.179193 0.897790 0.136433 0.905582 0.136308 0.897918 0.187543 0.905773 0.181989 0.385060 0.401455 0.385060 0.391860 0.905151 0.117219 0.897901 0.120226 0.897866 0.042514 0.905119 0.045515 0.870421 0.045531 0.877672 0.042523 0.877706 0.120235 0.870453 0.117234 0.905582 0.136308 0.897790 0.136433 0.897901 0.120226 0.905264 0.123042 0.389868 0.454948 0.869946 0.020446 0.877753 0.020335 0.877672 0.042523 0.870353 0.039686 0.869853 0.228424 0.198351 0.380471 0.260666 0.362147 0.252257 0.380471 0.198351 0.415394 0.252257 0.415394 0.260666 0.433718 0.604355 0.764944 0.604355 0.799867 0.550449 0.799867 0.550449 0.764944 0.824972 0.894000 0.816681 0.894000 0.816681 0.859076 0.824972 0.859076 0.824972 0.947906 0.816681 0.947906 0.816681 0.894000 0.824972 0.894000 0.824972 0.859076 0.816681 0.859076 0.816681 0.805170 0.824972 0.805170 0.660707 0.096005 0.660707 0.076746 0.683022 0.076746 0.683022 0.096005 0.683022 0.103322 0.754593 0.103322 0.628918 0.686079 0.628918 0.705338 0.615689 0.705338 0.615689 0.686079 
						0.754593 0.076746 0.683022 0.076746 0.718808 0.014764 0.374709 0.619715 0.303138 0.619715 0.303138 0.607986 0.374709 0.607986 0.076746 0.155014 0.005175 0.155014 0.005175 0.135755 0.076746 0.135755 0.660707 0.076746 0.660707 0.005175 0.683022 0.005175 0.683022 0.076746 0.372984 0.653443 0.371260 0.657607 0.306588 0.657607 0.304863 0.653443 0.628918 0.776908 0.628918 0.705338 0.666369 0.705338 0.666369 0.776908 0.670876 0.678762 0.675384 0.678762 0.675384 0.686079 0.670876 0.686079 0.283880 0.619715 0.303138 0.619715 0.303138 0.649279 0.283880 0.649279 0.863049 0.727263 0.863049 0.794201 0.854721 0.794201 0.854721 0.727263 0.301413 0.653443 0.299688 0.657607 0.283880 0.658293 0.283880 0.653786 0.389224 0.630302 0.385060 0.630302 0.385060 0.611436 0.389224 0.609711 0.854721 0.818380 0.854721 0.794201 0.863049 0.794201 0.863049 0.818380 0.796476 0.790238 0.796476 0.794820 0.764944 0.794820 0.764944 0.790238 0.854721 0.818380 0.848982 0.813460 0.849669 0.797651 0.854721 0.794201 0.276562 0.619715 0.276562 0.649279 0.076746 0.162331 0.005175 0.162331 0.628918 0.678762 0.615689 0.678762 0.683022 0.076746 0.754593 0.076746 0.754593 0.096005 
						0.683022 0.096005 0.660707 0.103322 0.683022 0.103322 0.854721 0.794201 0.848709 0.793068 0.848709 0.728397 0.854721 0.727263 0.009757 0.531349 0.025581 0.531349 0.025581 0.597636 0.009757 0.597636 0.796476 0.709742 0.796476 0.774414 0.764944 0.774414 0.764944 0.709742 0.764944 0.790238 0.764944 0.774414 0.796476 0.774414 0.796476 0.790238 0.948692 0.646813 0.953273 0.646813 0.090253 0.531349 0.025581 0.531349 0.025581 0.503077 0.090253 0.503077 0.679966 0.678762 0.679966 0.686079 0.633415 0.881521 0.633415 0.886103 0.628495 0.880364 0.628495 0.875783 0.670533 0.707062 0.674698 0.708787 0.674698 0.773459 0.670533 0.775184 0.674697 0.701888 0.670533 0.703613 0.863049 0.727263 0.869061 0.728397 0.869061 0.793068 0.863049 0.794201 0.863049 0.704948 0.868101 0.704948 0.868101 0.723814 0.863049 0.727263 0.863049 0.794201 0.868101 0.797651 0.868787 0.813460 0.863049 0.818380 0.119219 0.009340 0.119219 0.005176 0.189942 0.005175 0.189942 0.009340 0.764944 0.670720 0.764944 0.599996 0.796476 0.599996 0.796476 0.670720 0.129275 0.558035 0.199999 0.551321 0.199999 0.597636 0.129275 0.597636 0.119219 0.162331 0.119219 0.155014 0.189942 0.155014 
						0.189942 0.162331 0.854721 0.684791 0.849669 0.684791 0.849669 0.614068 0.854721 0.614068 0.854721 0.684791 0.854721 0.614068 0.863049 0.614068 0.863049 0.684791 0.422952 0.650459 0.422952 0.721183 0.393389 0.721183 0.393388 0.650460 0.374709 0.922445 0.374709 0.930736 0.339786 0.930736 0.339786 0.922445 0.119219 0.135755 0.189942 0.135755 0.119219 0.050955 0.189942 0.050955 0.189942 0.064184 0.119219 0.064184 0.621560 0.872036 0.628495 0.872036 0.628495 0.880364 0.621560 0.880364 0.537044 0.763843 0.537044 0.771160 0.505512 0.771160 0.505512 0.763843 0.511828 0.565617 0.511828 0.572935 0.445540 0.572935 0.445540 0.565617 0.621560 0.872036 0.626098 0.866298 0.633415 0.866298 0.628495 0.872036 0.621560 0.880364 0.626098 0.886103 0.863049 0.818380 0.863049 0.822962 0.854721 0.822962 0.854721 0.818380 0.628495 0.876618 0.628495 0.872036 0.633415 0.866298 0.633415 0.870880 0.009757 0.531349 0.005175 0.531349 0.005175 0.503077 0.009757 0.503077 0.119219 0.013504 0.189942 0.013504 0.666369 0.678762 0.666369 0.686079 0.615689 0.776908 0.615689 0.705338 0.666369 0.705338 0.185262 0.947301 0.160386 0.947301 0.160386 0.906144 0.185262 0.906144 
						0.203468 0.677727 0.208050 0.677730 0.283880 0.662875 0.276562 0.662875 0.276562 0.658293 0.276562 0.653707 0.276562 0.607986 0.434681 0.650459 0.434681 0.721183 0.283880 0.607986 0.303138 0.607986 0.374709 0.649279 0.303138 0.649279 0.944105 0.642385 0.944105 0.646813 0.914541 0.646813 0.914541 0.642385 0.250024 0.673304 0.250014 0.677733 0.212557 0.677734 0.212566 0.673226 0.212569 0.764346 0.212557 0.677734 0.250014 0.677733 0.250014 0.764358 0.914541 0.646813 0.944105 0.646813 0.910114 0.646813 0.914541 0.646813 0.250014 0.677733 0.254443 0.677733 0.944105 0.646813 0.212557 0.677734 0.119219 0.013504 0.189942 0.013504 0.666369 0.686079 0.670533 0.703613 0.666369 0.705338 0.666369 0.705338 0.670533 0.707062 0.670533 0.775184 0.666369 0.776908 0.666369 0.678762 0.283880 0.649279 0.276562 0.649279 0.393388 0.630302 0.393388 0.607986 0.303138 0.649279 0.374709 0.649279 0.303138 0.649279 0.540099 0.565617 0.009757 0.597636 0.005176 0.597636 0.540099 0.572935 0.129275 0.551321 0.090253 0.597636 0.025581 0.597636 0.009757 0.503077 0.025581 0.503077 0.458106 0.522424 0.499262 0.522424 0.203401 0.906972 0.203401 0.865816 0.982882 0.385496 
						0.958006 0.385496 0.185262 0.906144 0.160386 0.906144 0.878053 0.242404 0.879704 0.242393 0.879901 0.263188 0.878311 0.263179 0.881355 0.242388 0.881482 0.263206 0.876403 0.242420 0.876714 0.263173 0.883007 0.242388 0.883041 0.263237 0.884660 0.242391 0.884612 0.263211 0.886313 0.242399 0.886192 0.263228 0.887967 0.242410 0.887778 0.263230 0.889622 0.242424 0.889370 0.263236 0.891278 0.242442 0.890968 0.263245 0.892934 0.242465 0.892579 0.263258 0.894590 0.242493 0.894195 0.263303 0.896247 0.242526 0.895805 0.263410 0.869853 0.242534 0.871453 0.242500 0.871873 0.263231 0.870289 0.263326 0.873103 0.242468 0.873484 0.263161 0.874753 0.242441 0.875109 0.263167 0.873498 0.265628 0.875119 0.265607 0.875138 0.284725 0.873518 0.284704 0.871888 0.265576 0.871903 0.284756 0.870326 0.265509 0.870304 0.284829 0.894168 0.265702 0.895776 0.265652 0.895655 0.284860 0.894105 0.284779 0.892554 0.265710 0.892507 0.284716 0.890938 0.265672 0.890896 0.284728 0.889341 0.265640 0.889305 0.284739 0.887756 0.265611 0.887722 0.284748 0.886186 0.265577 0.886143 0.284756 0.884606 0.265583 0.884572 0.284769 0.883035 0.265536 0.883018 0.284790 0.881476 0.265557 
						0.881445 0.284748 0.879896 0.265569 0.879871 0.284787 0.878310 0.265578 0.878313 0.284762 0.876719 0.265590 0.876733 0.284743 0.875116 0.285940 0.875138 0.284725 0.876733 0.284743 0.876709 0.285940 0.873524 0.285940 0.873518 0.284704 0.871949 0.285940 0.871903 0.284756 0.870460 0.285940 0.870304 0.284829 0.894054 0.285940 0.894105 0.284779 0.895655 0.284860 0.895503 0.285940 0.892497 0.285940 0.892507 0.284716 0.890916 0.285940 0.890896 0.284728 0.889327 0.285940 0.889305 0.284739 0.887744 0.285940 0.887722 0.284748 0.886165 0.285940 0.886143 0.284756 0.884592 0.285940 0.884572 0.284769 0.883018 0.285940 0.883018 0.284790 0.881445 0.285940 0.881445 0.284748 0.879870 0.285940 0.879871 0.284787 0.878291 0.285940 0.878313 0.284762 0.876719 0.265590 0.876694 0.264382 0.878288 0.264378 0.878310 0.265578 0.876694 0.264382 0.876714 0.263173 0.878311 0.263179 0.878288 0.264378 0.879876 0.264378 0.879896 0.265569 0.879901 0.263188 0.879876 0.264378 0.881458 0.264379 0.881476 0.265557 0.881482 0.263206 0.881458 0.264379 0.883039 0.264382 0.883035 0.265536 0.883041 0.263237 0.883039 0.264382 0.884619 0.264372 0.884606 0.265583 0.884612 0.263211 
						0.884619 0.264372 0.886201 0.264434 0.886186 0.265577 0.886192 0.263228 0.886201 0.264434 0.887788 0.264428 0.887756 0.265611 0.887778 0.263230 0.887788 0.264428 0.889378 0.264440 0.889341 0.265640 0.889370 0.263236 0.889378 0.264440 0.890975 0.264455 0.890938 0.265672 0.890968 0.263245 0.890975 0.264455 0.892570 0.264460 0.892554 0.265710 0.892579 0.263258 0.892570 0.264460 0.894145 0.264528 0.894168 0.265702 0.894195 0.263303 0.894145 0.264528 0.895636 0.264540 0.895776 0.265652 0.895805 0.263410 0.895636 0.264540 0.870326 0.265509 0.870462 0.264421 0.871931 0.264405 0.871888 0.265576 0.870462 0.264421 0.870289 0.263326 0.871873 0.263231 0.871931 0.264405 0.873501 0.264395 0.873498 0.265628 0.873484 0.263161 0.873501 0.264395 0.875094 0.264387 0.875119 0.265607 0.875109 0.263167 0.875094 0.264387 0.005175 0.135755 0.021850 0.126128 0.060071 0.126128 0.076746 0.135755 0.040961 0.093027 0.040961 0.073773 0.061876 0.239324 0.061876 0.171958 0.020045 0.171958 0.020045 0.239324 0.090013 0.816356 0.090013 0.854578 0.056912 0.835467 0.098299 0.778135 0.098299 0.816356 0.090013 0.816356 0.090013 0.778135 0.098299 0.854578 0.098299 0.892799 
						0.090013 0.892799 0.090013 0.854578 0.098299 0.816356 0.098299 0.854578 0.090013 0.854578 0.090013 0.816356 0.951944 0.902197 0.910113 0.902197 0.910113 0.834831 0.951944 0.834831 0.969634 0.223568 0.969634 0.156203 0.977920 0.156203 0.977920 0.223568 0.969634 0.047006 0.969634 0.005175 0.977920 0.005175 0.977920 0.047006 0.969634 0.114372 0.969634 0.047006 0.977920 0.047006 0.977920 0.114372 0.969634 0.156203 0.969634 0.114372 0.977920 0.114372 0.977920 0.156203 0.090253 0.531349 0.109118 0.551321 0.109118 0.558035 0.389224 0.650460 0.385060 0.650460 0.764944 0.709742 0.764944 0.690877 0.796476 0.690877 0.796476 0.709742 0.670533 0.778633 0.674698 0.780358 0.674698 0.799224 0.670533 0.799224 0.109118 0.597636 0.090253 0.597636 0.640550 0.103322 0.640550 0.096005 0.863049 0.684791 0.868101 0.684791 0.854721 0.727263 0.849669 0.723814 0.849669 0.704948 0.854721 0.704948 0.854721 0.727263 0.854721 0.704948 0.863049 0.704948 0.863049 0.727263 0.422952 0.607986 0.422952 0.630302 0.393388 0.630302 0.393388 0.607986 0.393388 0.650460 0.666369 0.776908 0.666369 0.799224 0.628918 0.799224 0.628918 0.776908 0.666369 0.776908 0.666369 0.799224 
						0.434681 0.607986 0.434681 0.630302 0.076746 0.162331 0.076746 0.155014 0.099062 0.155014 0.099062 0.162331 0.076746 0.135755 0.099061 0.135755 0.640550 0.076746 0.640550 0.076746 0.640550 0.005175 0.076746 0.135755 0.040961 0.073773 0.060286 0.062615 0.096072 0.124597 0.615689 0.799224 0.615689 0.776908 0.389868 0.418606 0.389868 0.428202 0.385060 0.421402 0.387464 0.415206 0.938055 0.405173 0.938069 0.412992 0.917952 0.413028 0.917938 0.405209 0.946033 0.628421 0.938178 0.621690 0.946033 0.621690 0.389225 0.721183 0.385060 0.721183 0.945456 0.439660 0.938126 0.442512 0.938034 0.420278 0.945842 0.420387 0.569826 0.103322 0.569826 0.096005 0.569826 0.076746 0.863049 0.614068 0.868101 0.614068 0.393389 0.721183 0.910307 0.536257 0.918089 0.536380 0.917968 0.579191 0.910133 0.573611 0.910116 0.413125 0.917952 0.413028 0.918014 0.420333 0.910206 0.420443 0.569826 0.076746 0.569826 0.005175 0.938069 0.412992 0.945916 0.413058 0.910113 0.581986 0.917968 0.587541 0.917968 0.621690 0.910113 0.621690 0.109118 0.503077 0.129275 0.503077 0.199999 0.503077 0.090253 0.503077 0.938069 0.412992 0.938034 0.420278 0.918014 0.420333 0.917952 0.413028 
						0.938051 0.536430 0.918089 0.536380 0.917967 0.520232 0.938161 0.520223 0.938178 0.632035 0.917968 0.632035 0.917968 0.621690 0.938178 0.621690 0.938178 0.621690 0.917968 0.621690 0.917968 0.587541 0.938178 0.587541 0.938178 0.579191 0.917968 0.579191 0.918089 0.536380 0.938051 0.536430 0.938178 0.579191 0.938178 0.587541 0.917968 0.587541 0.917968 0.579191 0.938126 0.442512 0.938161 0.520223 0.917967 0.520232 0.917932 0.442521 0.938034 0.420278 0.938126 0.442512 0.917932 0.442521 0.918014 0.420333 0.910630 0.523036 0.917967 0.520232 0.918089 0.536380 0.910307 0.536257 0.425472 0.580972 0.425472 0.571376 0.427877 0.577572 0.946003 0.573623 0.938178 0.579191 0.938051 0.536430 0.945842 0.536306 0.938178 0.587541 0.946033 0.581986 0.430281 0.564576 0.430281 0.574172 0.945412 0.517216 0.938161 0.520223 0.938126 0.442512 0.945380 0.445513 0.910681 0.445528 0.917932 0.442521 0.917967 0.520232 0.910713 0.517232 0.945842 0.536306 0.938051 0.536430 0.938161 0.520223 0.945524 0.523039 0.385060 0.411806 0.910206 0.420443 0.918014 0.420333 0.917932 0.442521 0.910613 0.439683 0.910113 0.628421 0.181533 0.117431 0.189942 0.135755 0.119219 0.135755 
						0.127627 0.117431 0.181533 0.082508 0.189942 0.064184 0.127627 0.082508 0.119219 0.064184 0.040098 0.957056 0.005175 0.957056 0.005175 0.903150 0.040098 0.903150 0.285880 0.922445 0.285880 0.930736 0.250957 0.930736 0.250957 0.922445 0.339786 0.922445 0.339786 0.930736 0.285880 0.930736 0.285880 0.922445 0.250957 0.922445 0.250957 0.930736 0.197051 0.930736 0.197051 0.922445 0.478946 0.096005 0.456631 0.096005 0.456631 0.076746 0.478946 0.076746 0.456631 0.103322 0.385060 0.103322 0.741364 0.686079 0.754593 0.686079 0.754593 0.705337 0.741364 0.705337 0.385060 0.076746 0.420845 0.014764 0.456631 0.076746 0.562178 0.754593 0.550449 0.754593 0.550449 0.683023 0.562178 0.683023 0.303138 0.155014 0.303138 0.135755 0.374709 0.135755 0.374709 0.155013 0.478946 0.076746 0.456631 0.076746 0.456631 0.005175 0.478946 0.005175 0.595906 0.752869 0.595906 0.684748 0.600070 0.686472 0.600070 0.751144 0.741364 0.776908 0.703913 0.776908 0.703913 0.705337 0.741364 0.705337 0.699405 0.678761 0.699405 0.686079 0.694898 0.686079 0.694898 0.678761 0.562178 0.663764 0.591742 0.663764 0.591742 0.683023 0.562178 0.683023 0.863049 0.500872 0.854721 0.500872 
						0.854721 0.433934 0.863049 0.433934 0.595906 0.681298 0.596249 0.663764 0.600756 0.663764 0.600070 0.679573 0.389225 0.812063 0.389225 0.832653 0.385061 0.830928 0.385061 0.812063 0.854721 0.409755 0.863049 0.409755 0.863049 0.433934 0.854721 0.433934 0.796476 0.409755 0.764944 0.409755 0.764944 0.405173 0.796476 0.405173 0.854721 0.409755 0.854721 0.433934 0.849669 0.430484 0.848982 0.414676 0.562178 0.656447 0.591742 0.656447 0.303138 0.162331 0.374709 0.162331 0.741364 0.678761 0.754593 0.678761 0.456631 0.076746 0.456631 0.096005 0.385060 0.096005 0.385060 0.076746 0.478946 0.103322 0.456631 0.103322 0.854721 0.433934 0.854721 0.500872 0.848709 0.499739 0.848709 0.435067 0.390240 0.531349 0.390240 0.597636 0.374417 0.597636 0.374417 0.531349 0.796476 0.490250 0.764944 0.490250 0.764944 0.425578 0.796476 0.425578 0.764944 0.409755 0.796476 0.409755 0.796476 0.425578 0.764944 0.425578 0.954702 0.182843 0.959284 0.182843 0.309745 0.531349 0.309745 0.503077 0.374417 0.503077 0.374417 0.531349 0.690316 0.686079 0.690316 0.678761 0.960966 0.405173 0.966704 0.410094 0.962122 0.410094 0.956384 0.405173 0.699748 0.707062 0.699748 0.775184 
						0.695584 0.773459 0.695584 0.708787 0.699748 0.703612 0.695584 0.701888 0.863049 0.500872 0.863049 0.433934 0.869061 0.435067 0.869061 0.499739 0.863049 0.523187 0.863049 0.500872 0.868101 0.504321 0.868101 0.523187 0.863049 0.433934 0.863049 0.409755 0.868787 0.414676 0.868101 0.430484 0.260666 0.009339 0.260666 0.005175 0.764944 0.529273 0.796476 0.529273 0.270722 0.558035 0.270722 0.597636 0.260666 0.162331 0.260666 0.155014 0.854721 0.543344 0.849669 0.543344 0.854721 0.543344 0.863049 0.543344 0.422953 0.791906 0.393389 0.791906 0.197051 0.941087 0.231974 0.941087 0.231974 0.949378 0.197051 0.949378 0.260666 0.135755 0.260666 0.050955 0.260666 0.064184 0.970450 0.417028 0.962122 0.417028 0.962122 0.410094 0.970450 0.410094 0.916123 0.378179 0.947655 0.378179 0.947655 0.385496 0.916123 0.385496 0.012493 0.701497 0.012493 0.767784 0.005175 0.767784 0.005175 0.701497 0.970450 0.417028 0.970450 0.410094 0.976188 0.405173 0.976188 0.412490 0.962122 0.417028 0.956384 0.412490 0.863049 0.409755 0.854721 0.409755 0.854721 0.405173 0.863049 0.405173 0.965868 0.410094 0.971607 0.405173 0.390240 0.531349 0.390240 0.503077 0.394822 0.503077 
						0.394822 0.531349 0.260666 0.013504 0.703913 0.678761 0.703913 0.686079 0.754593 0.776908 0.754593 0.705337 0.703913 0.705337 0.435190 0.385060 0.435190 0.426216 0.410314 0.426216 0.410314 0.385060 0.269385 0.850958 0.264803 0.850958 0.600756 0.656447 0.605338 0.656447 0.605338 0.663764 0.596170 0.656447 0.550449 0.656447 0.434681 0.791906 0.550449 0.663764 0.550449 0.683023 0.591742 0.754593 0.591742 0.683023 0.950115 0.187270 0.920551 0.187270 0.920551 0.182843 0.950115 0.182843 0.311356 0.855412 0.273898 0.855465 0.273892 0.850957 0.311349 0.850983 0.273961 0.764346 0.311407 0.764358 0.311349 0.850983 0.273892 0.850957 0.950115 0.182843 0.920551 0.182843 0.916123 0.182843 0.920551 0.182843 0.315777 0.850986 0.311349 0.850983 0.950115 0.182843 0.273892 0.850957 0.260666 0.013504 0.703913 0.686079 0.703913 0.705337 0.703913 0.705337 0.703913 0.776908 0.699748 0.775184 0.699748 0.707062 0.703913 0.678761 0.591742 0.663764 0.591742 0.656447 0.393389 0.812063 0.393389 0.834378 0.591742 0.683023 0.591742 0.754593 0.591742 0.683023 0.012493 0.673226 0.390240 0.597636 0.394822 0.597636 0.005175 0.673226 0.270722 0.551321 0.309745 0.597636 
						0.374417 0.597636 0.390240 0.503077 0.374417 0.503077 0.055686 0.755219 0.055686 0.714063 0.731473 0.896427 0.690316 0.896427 0.523256 0.896453 0.548132 0.896453 0.435190 0.426216 0.410314 0.426216 0.651967 0.953386 0.652223 0.932611 0.653813 0.932602 0.653618 0.953396 0.655394 0.932584 0.655269 0.953401 0.650317 0.953370 0.650626 0.932617 0.656954 0.932553 0.656921 0.953401 0.658524 0.932578 0.658574 0.953397 0.660104 0.932562 0.660227 0.953390 0.661690 0.932559 0.661881 0.953379 0.663282 0.932553 0.663535 0.953364 0.664880 0.932545 0.665191 0.953346 0.666490 0.932531 0.666847 0.953323 0.668107 0.932486 0.668503 0.953295 0.669716 0.932379 0.670160 0.953262 0.643767 0.953256 0.644202 0.932464 0.645785 0.932560 0.645367 0.953290 0.647397 0.932629 0.647017 0.953322 0.649022 0.932623 0.648667 0.953349 0.647410 0.930162 0.647430 0.911086 0.649050 0.911065 0.649031 0.930183 0.645801 0.930214 0.645814 0.911034 0.644238 0.930281 0.644216 0.910961 0.668080 0.930087 0.668017 0.911011 0.669566 0.910930 0.669688 0.930137 0.666466 0.930080 0.666419 0.911074 0.664850 0.930118 0.664808 0.911062 0.663253 0.930149 0.663217 0.911050 0.661668 0.930178 
						0.661633 0.911042 0.660098 0.930212 0.660055 0.911034 0.658518 0.930207 0.658484 0.911021 0.656947 0.930253 0.656929 0.911000 0.655388 0.930233 0.655357 0.911042 0.653808 0.930221 0.653782 0.911003 0.652222 0.930212 0.652224 0.911028 0.650645 0.911047 0.650631 0.930200 0.649028 0.909850 0.650621 0.909850 0.650645 0.911047 0.649050 0.911065 0.647436 0.909850 0.647430 0.911086 0.645860 0.909850 0.645814 0.911034 0.644371 0.909850 0.644216 0.910961 0.667966 0.909850 0.669415 0.909850 0.669566 0.910930 0.668017 0.911011 0.666409 0.909850 0.666419 0.911074 0.664828 0.909850 0.664808 0.911062 0.663239 0.909850 0.663217 0.911050 0.661655 0.909850 0.661633 0.911042 0.660077 0.909850 0.660055 0.911034 0.658504 0.909850 0.658484 0.911021 0.656929 0.909850 0.656929 0.911000 0.655356 0.909850 0.655357 0.911042 0.653782 0.909850 0.653782 0.911003 0.652202 0.909850 0.652224 0.911028 0.650631 0.930200 0.652222 0.930212 0.652200 0.931412 0.650606 0.931408 0.650606 0.931408 0.652200 0.931412 0.652223 0.932611 0.650626 0.932617 0.653808 0.930221 0.653788 0.931412 0.653788 0.931412 0.653813 0.932602 0.655388 0.930233 0.655370 0.931410 0.655370 0.931410 
						0.655394 0.932584 0.656947 0.930253 0.656951 0.931408 0.656951 0.931408 0.656954 0.932553 0.658518 0.930207 0.658531 0.931418 0.658531 0.931418 0.658524 0.932578 0.660098 0.930212 0.660113 0.931355 0.660113 0.931355 0.660104 0.932562 0.661668 0.930178 0.661700 0.931361 0.661700 0.931361 0.661690 0.932559 0.663253 0.930149 0.663290 0.931349 0.663290 0.931349 0.663282 0.932553 0.664850 0.930118 0.664887 0.931334 0.664887 0.931334 0.664880 0.932545 0.666466 0.930080 0.666482 0.931330 0.666482 0.931330 0.666490 0.932531 0.668080 0.930087 0.668057 0.931261 0.668057 0.931261 0.668107 0.932486 0.669688 0.930137 0.669548 0.931249 0.669548 0.931249 0.669716 0.932379 0.644238 0.930281 0.645801 0.930214 0.645843 0.931386 0.644375 0.931369 0.644375 0.931369 0.645843 0.931386 0.645785 0.932560 0.644202 0.932464 0.647410 0.930162 0.647413 0.931395 0.647413 0.931395 0.647397 0.932629 0.649031 0.930183 0.649006 0.931403 0.649006 0.931403 0.649022 0.932623 0.374709 0.135755 0.303138 0.135755 0.319813 0.126128 0.358034 0.126128 0.338923 0.073773 0.338923 0.093027 0.318008 0.171958 0.318008 0.239324 0.359839 0.171958 0.359839 0.239324 0.798045 0.881613 
						0.764944 0.862502 0.798045 0.843392 0.806330 0.919834 0.798045 0.919834 0.798045 0.881613 0.806330 0.881613 0.806330 0.843392 0.798045 0.843392 0.798045 0.805170 0.806330 0.805170 0.806330 0.881613 0.798045 0.881613 0.798045 0.843392 0.806330 0.843392 0.848709 0.900678 0.848709 0.833313 0.890540 0.833313 0.890540 0.900678 0.994825 0.623566 0.986539 0.623566 0.986539 0.556200 0.994825 0.556200 0.994825 0.447003 0.986539 0.447003 0.986539 0.405173 0.994825 0.405173 0.994825 0.514369 0.986539 0.514369 0.986539 0.447003 0.994825 0.447003 0.994825 0.556200 0.986539 0.556200 0.986539 0.514369 0.994825 0.514369 0.309745 0.531349 0.290879 0.558035 0.290879 0.551321 0.389225 0.791906 0.385061 0.791906 0.764944 0.490250 0.796476 0.490250 0.796476 0.509116 0.764944 0.509116 0.699748 0.778633 0.699748 0.799224 0.695584 0.799224 0.695584 0.780358 0.309745 0.597636 0.290879 0.597636 0.499103 0.103322 0.499103 0.096005 0.863049 0.543344 0.868101 0.543344 0.854721 0.500872 0.854721 0.523187 0.849669 0.523187 0.849669 0.504321 0.854721 0.500872 0.863049 0.500872 0.863049 0.523187 0.854721 0.523187 0.422953 0.834378 0.393389 0.834378 0.393389 0.812063 
						0.422953 0.812063 0.393389 0.791906 0.703913 0.776908 0.741364 0.776908 0.741364 0.799224 0.703913 0.799224 0.703913 0.776908 0.703913 0.799224 0.434681 0.834378 0.434681 0.812063 0.303138 0.162331 0.280823 0.162331 0.280823 0.155014 0.303138 0.155014 0.280823 0.135755 0.303138 0.135755 0.499103 0.076746 0.499103 0.076746 0.499103 0.005175 0.303138 0.135755 0.283812 0.124598 0.319598 0.062615 0.338923 0.073773 0.754593 0.776908 0.754593 0.799224 0.505512 0.788311 0.507917 0.784911 0.510321 0.791107 0.505512 0.797907 0.354127 0.900088 0.334010 0.900052 0.334024 0.892232 0.354141 0.892268 0.362105 0.676839 0.362105 0.683571 0.354250 0.683571 0.361528 0.865601 0.361914 0.884874 0.354106 0.884983 0.354199 0.862749 0.326380 0.769003 0.326205 0.731649 0.334041 0.726070 0.334162 0.768881 0.326188 0.892136 0.326279 0.884817 0.334086 0.884928 0.334024 0.892232 0.361914 0.884874 0.361989 0.892203 0.354141 0.892268 0.354106 0.884983 0.326185 0.723275 0.326185 0.683571 0.334041 0.683571 0.334041 0.717720 0.290879 0.503077 0.270722 0.503077 0.309745 0.503077 0.354141 0.892268 0.334024 0.892232 0.334086 0.884928 0.354106 0.884983 0.354123 0.768831 
						0.354233 0.785037 0.334039 0.785028 0.334162 0.768881 0.354250 0.673226 0.354250 0.683571 0.334041 0.683571 0.334041 0.673226 0.354250 0.683571 0.354250 0.717720 0.334041 0.717720 0.334041 0.683571 0.354250 0.726070 0.354123 0.768831 0.334162 0.768881 0.334041 0.726070 0.354250 0.726070 0.334041 0.726070 0.334041 0.717720 0.354250 0.717720 0.354199 0.862749 0.334004 0.862740 0.334039 0.785028 0.354233 0.785037 0.354106 0.884983 0.334086 0.884928 0.334004 0.862740 0.354199 0.862749 0.326702 0.782225 0.326380 0.769003 0.334162 0.768881 0.334039 0.785028 0.415122 0.580972 0.412718 0.577572 0.415122 0.571376 0.362076 0.731638 0.361915 0.768955 0.354123 0.768831 0.354250 0.726070 0.362105 0.723275 0.354250 0.717720 0.410314 0.574172 0.410314 0.564576 0.361484 0.788044 0.361452 0.859748 0.354199 0.862749 0.354233 0.785037 0.326753 0.859733 0.326786 0.788029 0.334039 0.785028 0.334004 0.862740 0.361915 0.768955 0.361597 0.782221 0.354233 0.785037 0.354123 0.768831 0.510321 0.781511 0.326279 0.884817 0.326686 0.865577 0.334004 0.862740 0.334086 0.884928 0.326185 0.676839 0.198351 0.117431 0.252257 0.117431 0.260666 0.135755 0.198351 0.082508 
						0.252257 0.082508 0.260666 0.064184 0.904776 0.339842 0.904776 0.393748 0.869853 0.393748 0.869853 0.339842 0.285880 0.941087 0.320803 0.941087 0.320803 0.949378 0.285880 0.949378 0.231974 0.941087 0.285880 0.941087 0.285880 0.949378 0.231974 0.949378 0.320803 0.941087 0.374709 0.941087 0.374709 0.949378 0.320803 0.949378 
					</float_array>
					<technique_common>
						<accessor count="2706" offset="0" source="#meshId0-tex0-array" stride="2">
							<param name="S" type="float" />
							<param name="T" type="float" />
						</accessor>
					</technique_common>
				</source>
				<source id="meshId0-color0" name="meshId0-color0">
					<float_array id="meshId0-color0-array" count="8118"> 
						1.000000 0.000000 0.000000 1.000000 0.000000 0.000000 1.000000 0.000000 0.000000 1.000000 0.000000 0.000000 1.000000 0.000000 0.000000 1.000000 0.000000 0.000000 1.000000 0.000000 0.000000 1.000000 0.000000 0.000000 1.000000 0.000000 0.000000 1.000000 0.000000 0.000000 1.000000 0.000000 0.000000 1.000000 0.000000 0.000000 1.000000 0.000000 0.000000 1.000000 0.000000 0.000000 1.000000 0.000000 0.000000 1.000000 0.000000 0.000000 1.000000 0.000000 0.000000 1.000000 0.000000 0.000000 1.000000 0.000000 0.000000 1.000000 0.000000 0.000000 1.000000 0.000000 0.000000 1.000000 0.000000 0.000000 1.000000 0.000000 0.000000 1.000000 0.000000 0.000000 1.000000 0.000000 0.000000 1.000000 0.000000 0.000000 1.000000 0.000000 0.000000 1.000000 0.000000 0.000000 1.000000 0.000000 0.000000 1.000000 0.000000 0.000000 1.000000 0.000000 0.000000 1.000000 0.000000 0.000000 1.000000 0.000000 0.000000 1.000000 0.000000 0.000000 1.000000 0.000000 0.000000 1.000000 0.000000 0.000000 1.000000 0.000000 0.000000 1.000000 0.000000 0.000000 1.000000 0.000000 0.000000 1.000000 0.000000 0.000000 1.000000 0.000000 0.000000 1.000000 0.000000 0.000000 1.000000 0.000000 0.000000 0.000000 1.000000 0.000000 0.000000 1.000000 0.000000 0.000000 1.000000 0.000000 0.000000 1.000000 0.000000 1.000000 0.000000 0.000000 1.000000 0.000000 0.000000 1.000000 0.000000 0.000000 1.000000 0.000000 0.000000 1.000000 0.000000 0.000000 1.000000 0.000000 0.000000 1.000000 0.000000 0.000000 1.000000 0.000000 0.000000 0.000000 1.000000 0.000000 0.000000 1.000000 0.000000 0.000000 1.000000 0.000000 0.000000 1.000000 0.000000 0.000000 0.000000 1.000000 0.000000 0.000000 1.000000 0.000000 0.000000 1.000000 0.000000 0.000000 1.000000 0.000000 1.000000 0.000000 
						0.000000 1.000000 0.000000 0.000000 1.000000 0.000000 0.000000 1.000000 0.000000 1.000000 0.000000 0.000000 1.000000 0.000000 0.000000 1.000000 0.000000 0.000000 1.000000 0.000000 0.000000 1.000000 0.000000 0.000000 1.000000 0.000000 0.000000 1.000000 0.000000 0.000000 1.000000 0.000000 0.000000 1.000000 0.000000 0.000000 1.000000 0.000000 0.000000 1.000000 0.000000 0.000000 1.000000 0.000000 0.000000 0.000000 1.000000 0.000000 0.000000 1.000000 0.000000 0.000000 1.000000 0.000000 0.000000 1.000000 0.000000 0.000000 0.000000 1.000000 0.000000 0.000000 1.000000 0.000000 0.000000 1.000000 0.000000 0.000000 1.000000 0.000000 0.000000 1.000000 0.000000 0.000000 1.000000 0.000000 0.000000 1.000000 0.000000 0.000000 1.000000 0.000000 0.000000 1.000000 0.000000 0.000000 1.000000 0.000000 0.000000 1.000000 0.000000 0.000000 1.000000 1.000000 0.000000 0.000000 1.000000 0.000000 0.000000 1.000000 0.000000 0.000000 1.000000 0.000000 0.000000 0.000000 0.000000 1.000000 0.000000 0.000000 1.000000 0.000000 0.000000 1.000000 0.000000 0.000000 1.000000 1.000000 0.000000 0.000000 1.000000 0.000000 0.000000 0.000000 1.000000 0.000000 0.000000 1.000000 0.000000 0.000000 1.000000 0.000000 0.000000 1.000000 0.000000 1.000000 0.000000 0.000000 1.000000 0.000000 0.000000 1.000000 0.000000 0.000000 1.000000 0.000000 0.000000 1.000000 0.000000 0.000000 1.000000 0.000000 0.000000 0.000000 1.000000 0.000000 0.000000 1.000000 0.000000 0.000000 1.000000 0.000000 0.000000 1.000000 0.000000 0.000000 1.000000 0.000000 0.000000 1.000000 0.000000 0.000000 1.000000 0.000000 0.000000 1.000000 0.000000 0.000000 1.000000 0.000000 0.000000 1.000000 0.000000 0.000000 1.000000 0.000000 0.000000 1.000000 0.000000 1.000000 0.000000 0.000000 
						1.000000 0.000000 0.000000 1.000000 0.000000 0.000000 1.000000 0.000000 0.000000 0.000000 0.000000 1.000000 0.000000 0.000000 1.000000 0.000000 0.000000 1.000000 0.000000 0.000000 1.000000 0.000000 0.000000 1.000000 0.000000 0.000000 1.000000 0.000000 0.000000 1.000000 0.000000 0.000000 1.000000 1.000000 0.000000 0.000000 1.000000 0.000000 0.000000 1.000000 0.000000 0.000000 1.000000 0.000000 0.000000 0.000000 1.000000 0.000000 0.000000 1.000000 0.000000 0.000000 1.000000 0.000000 0.000000 1.000000 0.000000 0.000000 1.000000 0.000000 0.000000 1.000000 0.000000 0.000000 1.000000 0.000000 0.000000 1.000000 0.000000 1.000000 0.000000 0.000000 1.000000 0.000000 0.000000 1.000000 0.000000 0.000000 1.000000 0.000000 0.000000 1.000000 0.000000 0.000000 1.000000 0.000000 0.000000 1.000000 0.000000 0.000000 1.000000 0.000000 0.000000 1.000000 0.000000 0.000000 1.000000 0.000000 0.000000 1.000000 0.000000 0.000000 1.000000 0.000000 0.000000 1.000000 0.000000 0.000000 1.000000 0.000000 0.000000 0.000000 1.000000 0.000000 0.000000 1.000000 0.000000 0.000000 1.000000 0.000000 0.000000 1.000000 0.000000 0.000000 0.000000 1.000000 0.000000 0.000000 1.000000 0.000000 0.000000 1.000000 0.000000 0.000000 1.000000 0.000000 0.000000 1.000000 0.000000 0.000000 1.000000 0.000000 0.000000 1.000000 0.000000 0.000000 1.000000 0.000000 1.000000 0.000000 0.000000 1.000000 0.000000 0.000000 1.000000 0.000000 0.000000 1.000000 0.000000 0.000000 1.000000 0.000000 0.000000 1.000000 0.000000 0.000000 1.000000 0.000000 0.000000 1.000000 0.000000 0.000000 1.000000 0.000000 0.000000 1.000000 0.000000 0.000000 1.000000 0.000000 0.000000 1.000000 0.000000 0.000000 1.000000 0.000000 0.000000 1.000000 0.000000 0.000000 0.000000 1.000000 
						0.000000 0.000000 1.000000 0.000000 0.000000 1.000000 0.000000 0.000000 1.000000 1.000000 0.000000 0.000000 1.000000 0.000000 0.000000 1.000000 0.000000 0.000000 1.000000 0.000000 0.000000 1.000000 0.000000 0.000000 1.000000 0.000000 0.000000 1.000000 0.000000 0.000000 0.000000 1.000000 0.000000 0.000000 1.000000 0.000000 0.000000 0.000000 1.000000 0.000000 0.000000 1.000000 0.000000 0.000000 1.000000 0.000000 0.000000 1.000000 0.000000 0.000000 1.000000 0.000000 0.000000 1.000000 0.000000 1.000000 0.000000 0.000000 1.000000 0.000000 1.000000 0.000000 0.000000 1.000000 0.000000 0.000000 1.000000 0.000000 0.000000 1.000000 0.000000 0.000000 1.000000 0.000000 0.000000 1.000000 0.000000 0.000000 1.000000 0.000000 0.000000 1.000000 0.000000 0.000000 1.000000 0.000000 0.000000 1.000000 0.000000 0.000000 1.000000 0.000000 0.000000 1.000000 0.000000 0.000000 1.000000 0.000000 0.000000 1.000000 0.000000 0.000000 1.000000 0.000000 0.000000 1.000000 0.000000 0.000000 1.000000 0.000000 0.000000 1.000000 0.000000 0.000000 1.000000 0.000000 0.000000 1.000000 0.000000 0.000000 1.000000 0.000000 0.000000 1.000000 0.000000 0.000000 1.000000 0.000000 0.000000 1.000000 0.000000 0.000000 1.000000 0.000000 0.000000 1.000000 0.000000 0.000000 1.000000 0.000000 0.000000 1.000000 0.000000 0.000000 1.000000 0.000000 0.000000 1.000000 0.000000 0.000000 1.000000 0.000000 0.000000 1.000000 0.000000 0.000000 1.000000 0.000000 0.000000 1.000000 0.000000 0.000000 1.000000 0.000000 0.000000 1.000000 0.000000 0.000000 1.000000 0.000000 0.000000 1.000000 0.000000 0.000000 1.000000 0.000000 0.000000 1.000000 0.000000 0.000000 1.000000 0.000000 0.000000 1.000000 0.000000 0.000000 1.000000 0.000000 0.000000 1.000000 0.000000 0.000000 
						1.000000 0.000000 0.000000 1.000000 0.000000 0.000000 1.000000 0.000000 0.000000 1.000000 0.000000 0.000000 1.000000 0.000000 0.000000 1.000000 0.000000 0.000000 1.000000 0.000000 0.000000 1.000000 0.000000 0.000000 1.000000 0.000000 0.000000 1.000000 0.000000 0.000000 1.000000 0.000000 0.000000 1.000000 0.000000 0.000000 1.000000 0.000000 0.000000 1.000000 0.000000 0.000000 1.000000 0.000000 0.000000 1.000000 0.000000 0.000000 1.000000 0.000000 0.000000 1.000000 0.000000 0.000000 1.000000 0.000000 0.000000 1.000000 0.000000 0.000000 1.000000 0.000000 0.000000 1.000000 0.000000 0.000000 0.000000 0.000000 1.000000 0.000000 0.000000 1.000000 0.000000 0.000000 1.000000 0.000000 0.000000 1.000000 0.000000 0.000000 1.000000 0.000000 0.000000 1.000000 0.000000 0.000000 1.000000 0.000000 0.000000 1.000000 0.000000 0.000000 1.000000 0.000000 0.000000 1.000000 0.000000 0.000000 1.000000 0.000000 0.000000 1.000000 0.000000 0.000000 1.000000 0.000000 0.000000 1.000000 0.000000 0.000000 1.000000 0.000000 0.000000 1.000000 0.000000 0.000000 1.000000 0.000000 0.000000 1.000000 0.000000 0.000000 1.000000 0.000000 0.000000 1.000000 0.000000 0.000000 1.000000 0.000000 0.000000 1.000000 0.000000 0.000000 1.000000 0.000000 0.000000 1.000000 0.000000 0.000000 1.000000 0.000000 0.000000 1.000000 0.000000 0.000000 1.000000 0.000000 0.000000 1.000000 0.000000 1.000000 1.000000 0.000000 1.000000 1.000000 0.000000 1.000000 1.000000 0.000000 1.000000 1.000000 0.000000 1.000000 1.000000 0.000000 1.000000 1.000000 0.000000 1.000000 1.000000 0.000000 1.000000 1.000000 0.000000 1.000000 1.000000 0.000000 1.000000 1.000000 0.000000 1.000000 1.000000 0.000000 1.000000 1.000000 0.000000 1.000000 1.000000 0.000000 1.000000 1.000000 
						0.000000 1.000000 1.000000 0.000000 1.000000 1.000000 0.000000 1.000000 1.000000 0.000000 1.000000 1.000000 0.000000 1.000000 1.000000 0.000000 1.000000 1.000000 0.000000 1.000000 1.000000 0.000000 1.000000 1.000000 0.000000 1.000000 1.000000 0.000000 1.000000 1.000000 0.000000 1.000000 1.000000 0.000000 1.000000 1.000000 0.000000 1.000000 1.000000 0.000000 1.000000 1.000000 0.000000 1.000000 1.000000 0.000000 1.000000 1.000000 0.000000 1.000000 1.000000 0.000000 1.000000 1.000000 0.000000 1.000000 1.000000 0.000000 1.000000 1.000000 0.000000 1.000000 1.000000 0.000000 1.000000 1.000000 0.000000 1.000000 1.000000 0.000000 1.000000 1.000000 0.000000 1.000000 1.000000 0.000000 1.000000 1.000000 0.000000 1.000000 1.000000 0.000000 1.000000 1.000000 0.000000 1.000000 1.000000 0.000000 1.000000 1.000000 0.000000 1.000000 1.000000 0.000000 1.000000 1.000000 0.000000 1.000000 1.000000 0.000000 1.000000 1.000000 0.000000 1.000000 1.000000 0.000000 1.000000 1.000000 0.000000 1.000000 1.000000 0.000000 1.000000 1.000000 0.000000 1.000000 1.000000 0.000000 1.000000 1.000000 0.000000 1.000000 1.000000 0.000000 1.000000 1.000000 0.000000 1.000000 1.000000 0.000000 1.000000 1.000000 0.000000 1.000000 1.000000 0.000000 1.000000 1.000000 0.000000 1.000000 1.000000 0.000000 1.000000 1.000000 0.000000 1.000000 1.000000 0.000000 1.000000 1.000000 0.000000 1.000000 1.000000 0.000000 1.000000 1.000000 0.000000 1.000000 1.000000 0.000000 1.000000 1.000000 0.000000 1.000000 1.000000 0.000000 1.000000 1.000000 0.000000 1.000000 1.000000 0.000000 1.000000 1.000000 0.000000 1.000000 1.000000 0.000000 1.000000 1.000000 0.000000 1.000000 1.000000 0.000000 1.000000 1.000000 0.000000 1.000000 1.000000 0.000000 1.000000 1.000000 
						0.000000 1.000000 1.000000 0.000000 1.000000 1.000000 0.000000 1.000000 1.000000 0.000000 1.000000 1.000000 0.000000 1.000000 1.000000 0.000000 1.000000 1.000000 0.000000 1.000000 1.000000 0.000000 1.000000 1.000000 0.000000 1.000000 1.000000 0.000000 1.000000 1.000000 0.000000 1.000000 1.000000 0.000000 1.000000 1.000000 0.000000 1.000000 1.000000 0.000000 1.000000 1.000000 0.000000 1.000000 1.000000 0.000000 1.000000 1.000000 0.000000 1.000000 1.000000 0.000000 1.000000 1.000000 0.000000 1.000000 1.000000 0.000000 1.000000 1.000000 0.000000 1.000000 1.000000 0.000000 1.000000 1.000000 0.000000 1.000000 1.000000 0.000000 1.000000 1.000000 0.000000 1.000000 1.000000 0.000000 1.000000 1.000000 0.000000 1.000000 1.000000 0.000000 1.000000 1.000000 0.000000 1.000000 1.000000 0.000000 1.000000 1.000000 0.000000 1.000000 1.000000 0.000000 1.000000 1.000000 0.000000 1.000000 1.000000 0.000000 1.000000 1.000000 0.000000 1.000000 1.000000 0.000000 1.000000 1.000000 0.000000 1.000000 1.000000 0.000000 1.000000 1.000000 0.000000 1.000000 1.000000 0.000000 1.000000 1.000000 0.000000 1.000000 1.000000 0.000000 1.000000 1.000000 0.000000 1.000000 1.000000 0.000000 1.000000 1.000000 0.000000 1.000000 1.000000 0.000000 1.000000 1.000000 0.000000 1.000000 1.000000 0.000000 1.000000 1.000000 0.000000 1.000000 1.000000 0.000000 1.000000 1.000000 0.000000 1.000000 1.000000 0.000000 1.000000 1.000000 0.000000 1.000000 1.000000 0.000000 1.000000 1.000000 0.000000 1.000000 1.000000 0.000000 1.000000 1.000000 0.000000 1.000000 1.000000 0.000000 1.000000 1.000000 0.000000 1.000000 1.000000 0.000000 1.000000 1.000000 0.000000 1.000000 1.000000 0.000000 1.000000 1.000000 0.000000 1.000000 1.000000 0.000000 1.000000 1.000000 
						0.000000 1.000000 1.000000 0.000000 1.000000 1.000000 0.000000 1.000000 1.000000 0.000000 1.000000 1.000000 0.000000 1.000000 1.000000 0.000000 1.000000 1.000000 0.000000 1.000000 1.000000 0.000000 1.000000 1.000000 0.000000 1.000000 1.000000 0.000000 1.000000 1.000000 0.000000 1.000000 1.000000 0.000000 1.000000 1.000000 0.000000 1.000000 1.000000 0.000000 1.000000 1.000000 0.000000 1.000000 1.000000 0.000000 1.000000 1.000000 0.000000 1.000000 1.000000 0.000000 1.000000 1.000000 0.000000 1.000000 1.000000 0.000000 1.000000 1.000000 0.000000 1.000000 1.000000 0.000000 1.000000 1.000000 0.000000 1.000000 1.000000 0.000000 1.000000 1.000000 0.000000 1.000000 1.000000 0.000000 1.000000 1.000000 0.000000 1.000000 1.000000 0.000000 1.000000 1.000000 1.000000 0.000000 0.000000 1.000000 0.000000 0.000000 1.000000 0.000000 0.000000 1.000000 0.000000 0.000000 1.000000 0.000000 0.000000 1.000000 0.000000 0.000000 1.000000 0.000000 0.000000 1.000000 0.000000 0.000000 1.000000 0.000000 0.000000 1.000000 0.000000 0.000000 1.000000 0.000000 0.000000 1.000000 0.000000 0.000000 1.000000 0.000000 0.000000 1.000000 0.000000 0.000000 1.000000 0.000000 0.000000 1.000000 0.000000 0.000000 1.000000 0.000000 0.000000 1.000000 0.000000 0.000000 1.000000 0.000000 0.000000 1.000000 0.000000 0.000000 1.000000 0.000000 0.000000 1.000000 0.000000 0.000000 1.000000 0.000000 0.000000 1.000000 0.000000 0.000000 1.000000 0.000000 0.000000 1.000000 0.000000 0.000000 1.000000 0.000000 0.000000 1.000000 0.000000 0.000000 1.000000 0.000000 0.000000 1.000000 0.000000 0.000000 1.000000 0.000000 0.000000 1.000000 0.000000 0.000000 1.000000 0.000000 0.000000 1.000000 0.000000 0.000000 1.000000 0.000000 0.000000 1.000000 0.000000 0.000000 
						1.000000 0.000000 0.000000 1.000000 0.000000 0.000000 1.000000 0.000000 0.000000 1.000000 0.000000 0.000000 1.000000 0.000000 0.000000 1.000000 0.000000 0.000000 1.000000 0.000000 0.000000 1.000000 0.000000 0.000000 1.000000 0.000000 0.000000 1.000000 0.000000 0.000000 1.000000 0.000000 0.000000 0.000000 0.000000 1.000000 0.000000 0.000000 1.000000 0.000000 0.000000 1.000000 1.000000 0.000000 0.000000 1.000000 0.000000 0.000000 0.000000 0.000000 1.000000 0.000000 0.000000 1.000000 0.000000 0.000000 1.000000 0.000000 0.000000 1.000000 1.000000 0.000000 0.000000 1.000000 0.000000 0.000000 1.000000 0.000000 0.000000 1.000000 0.000000 0.000000 0.000000 0.000000 1.000000 0.000000 0.000000 1.000000 1.000000 0.000000 0.000000 1.000000 0.000000 0.000000 0.000000 1.000000 0.000000 0.000000 1.000000 0.000000 0.000000 1.000000 0.000000 0.000000 1.000000 0.000000 0.000000 1.000000 0.000000 0.000000 1.000000 0.000000 0.000000 1.000000 0.000000 0.000000 1.000000 0.000000 0.000000 1.000000 0.000000 0.000000 1.000000 0.000000 1.000000 0.000000 0.000000 1.000000 0.000000 0.000000 1.000000 0.000000 0.000000 1.000000 0.000000 0.000000 1.000000 0.000000 0.000000 1.000000 0.000000 0.000000 1.000000 0.000000 0.000000 1.000000 0.000000 0.000000 1.000000 0.000000 0.000000 1.000000 0.000000 0.000000 1.000000 0.000000 0.000000 1.000000 0.000000 0.000000 1.000000 0.000000 0.000000 1.000000 0.000000 0.000000 1.000000 0.000000 0.000000 1.000000 0.000000 0.000000 1.000000 0.000000 0.000000 1.000000 0.000000 0.000000 1.000000 0.000000 0.000000 1.000000 0.000000 0.000000 1.000000 0.000000 0.000000 1.000000 0.000000 0.000000 1.000000 0.000000 0.000000 1.000000 0.000000 0.000000 1.000000 0.000000 0.000000 1.000000 0.000000 0.000000 
						1.000000 0.000000 0.000000 1.000000 0.000000 0.000000 1.000000 0.000000 0.000000 1.000000 0.000000 0.000000 1.000000 0.000000 0.000000 0.000000 1.000000 0.000000 0.000000 1.000000 0.000000 0.000000 1.000000 0.000000 0.000000 1.000000 0.000000 0.000000 1.000000 0.000000 0.000000 1.000000 0.000000 0.000000 1.000000 0.000000 0.000000 1.000000 0.000000 0.000000 1.000000 0.000000 0.000000 1.000000 0.000000 0.000000 1.000000 0.000000 1.000000 0.000000 0.000000 1.000000 0.000000 0.000000 0.000000 1.000000 0.000000 0.000000 1.000000 0.000000 0.000000 1.000000 0.000000 0.000000 1.000000 0.000000 1.000000 0.000000 0.000000 1.000000 0.000000 0.000000 1.000000 0.000000 0.000000 0.000000 1.000000 0.000000 0.000000 1.000000 0.000000 1.000000 0.000000 0.000000 0.000000 1.000000 0.000000 0.000000 1.000000 0.000000 0.000000 1.000000 0.000000 0.000000 1.000000 0.000000 0.000000 1.000000 0.000000 0.000000 1.000000 0.000000 0.000000 1.000000 0.000000 0.000000 1.000000 0.000000 1.000000 0.000000 0.000000 1.000000 0.000000 0.000000 1.000000 0.000000 0.000000 0.000000 1.000000 0.000000 0.000000 1.000000 0.000000 0.000000 1.000000 0.000000 0.000000 1.000000 0.000000 0.000000 1.000000 0.000000 0.000000 1.000000 0.000000 0.000000 1.000000 0.000000 0.000000 1.000000 0.000000 0.000000 0.000000 1.000000 0.000000 0.000000 1.000000 0.000000 0.000000 1.000000 0.000000 0.000000 1.000000 0.000000 1.000000 0.000000 0.000000 1.000000 0.000000 0.000000 1.000000 0.000000 0.000000 1.000000 0.000000 0.000000 1.000000 0.000000 0.000000 1.000000 0.000000 0.000000 1.000000 0.000000 0.000000 1.000000 0.000000 0.000000 1.000000 0.000000 0.000000 1.000000 0.000000 0.000000 1.000000 0.000000 0.000000 1.000000 0.000000 0.000000 1.000000 0.000000 
						0.000000 1.000000 0.000000 0.000000 1.000000 0.000000 0.000000 1.000000 0.000000 0.000000 1.000000 0.000000 0.000000 1.000000 0.000000 0.000000 1.000000 0.000000 0.000000 1.000000 0.000000 0.000000 1.000000 0.000000 0.000000 1.000000 0.000000 0.000000 1.000000 0.000000 0.000000 1.000000 0.000000 0.000000 1.000000 0.000000 0.000000 1.000000 0.000000 0.000000 1.000000 0.000000 0.000000 1.000000 0.000000 0.000000 1.000000 0.000000 0.000000 1.000000 0.000000 0.000000 1.000000 0.000000 0.000000 1.000000 0.000000 0.000000 1.000000 0.000000 0.000000 1.000000 0.000000 0.000000 1.000000 0.000000 0.000000 1.000000 0.000000 0.000000 1.000000 0.000000 0.000000 1.000000 0.000000 0.000000 1.000000 0.000000 0.000000 1.000000 0.000000 0.000000 1.000000 0.000000 0.000000 1.000000 0.000000 0.000000 1.000000 0.000000 0.000000 1.000000 0.000000 0.000000 1.000000 0.000000 0.000000 1.000000 0.000000 0.000000 1.000000 0.000000 0.000000 1.000000 0.000000 0.000000 1.000000 0.000000 0.000000 1.000000 0.000000 0.000000 1.000000 0.000000 0.000000 1.000000 0.000000 0.000000 1.000000 0.000000 0.000000 1.000000 0.000000 0.000000 1.000000 0.000000 0.000000 1.000000 0.000000 0.000000 1.000000 0.000000 0.000000 1.000000 0.000000 0.000000 1.000000 0.000000 0.000000 1.000000 0.000000 0.000000 1.000000 0.000000 0.000000 1.000000 0.000000 0.000000 1.000000 0.000000 0.000000 1.000000 0.000000 0.000000 1.000000 0.000000 0.000000 1.000000 0.000000 0.000000 1.000000 0.000000 1.000000 0.000000 0.000000 1.000000 0.000000 0.000000 1.000000 0.000000 0.000000 1.000000 0.000000 0.000000 1.000000 0.000000 0.000000 1.000000 0.000000 0.000000 1.000000 0.000000 0.000000 1.000000 0.000000 0.000000 1.000000 0.000000 0.000000 1.000000 0.000000 0.000000 
						1.000000 0.000000 0.000000 1.000000 0.000000 0.000000 1.000000 0.000000 0.000000 1.000000 0.000000 0.000000 1.000000 0.000000 0.000000 1.000000 0.000000 0.000000 1.000000 0.000000 0.000000 1.000000 0.000000 0.000000 1.000000 0.000000 0.000000 1.000000 0.000000 0.000000 1.000000 0.000000 0.000000 1.000000 0.000000 0.000000 1.000000 0.000000 0.000000 1.000000 0.000000 0.000000 1.000000 0.000000 0.000000 1.000000 0.000000 0.000000 1.000000 0.000000 0.000000 1.000000 0.000000 0.000000 1.000000 0.000000 0.000000 1.000000 0.000000 0.000000 1.000000 0.000000 0.000000 1.000000 0.000000 0.000000 1.000000 0.000000 0.000000 1.000000 0.000000 0.000000 1.000000 0.000000 0.000000 1.000000 0.000000 0.000000 1.000000 0.000000 0.000000 1.000000 0.000000 0.000000 1.000000 0.000000 0.000000 1.000000 0.000000 0.000000 1.000000 0.000000 0.000000 1.000000 0.000000 0.000000 1.000000 0.000000 0.000000 1.000000 0.000000 0.000000 1.000000 0.000000 0.000000 1.000000 0.000000 0.000000 1.000000 0.000000 0.000000 1.000000 0.000000 0.000000 1.000000 0.000000 0.000000 1.000000 0.000000 0.000000 1.000000 0.000000 0.000000 1.000000 0.000000 0.000000 1.000000 0.000000 0.000000 1.000000 0.000000 0.000000 1.000000 0.000000 0.000000 1.000000 0.000000 0.000000 1.000000 0.000000 0.000000 1.000000 0.000000 0.000000 1.000000 0.000000 0.000000 1.000000 0.000000 0.000000 1.000000 0.000000 0.000000 1.000000 0.000000 0.000000 1.000000 0.000000 0.000000 1.000000 0.000000 0.000000 1.000000 0.000000 0.000000 1.000000 0.000000 0.000000 1.000000 0.000000 0.000000 0.000000 1.000000 0.000000 0.000000 1.000000 0.000000 0.000000 1.000000 0.000000 0.000000 1.000000 0.000000 1.000000 0.000000 0.000000 1.000000 0.000000 0.000000 1.000000 0.000000 0.000000 
						1.000000 0.000000 0.000000 1.000000 0.000000 0.000000 1.000000 0.000000 0.000000 1.000000 0.000000 0.000000 1.000000 0.000000 0.000000 0.000000 1.000000 0.000000 0.000000 1.000000 0.000000 0.000000 1.000000 0.000000 0.000000 1.000000 0.000000 0.000000 0.000000 1.000000 0.000000 0.000000 1.000000 0.000000 0.000000 1.000000 0.000000 0.000000 1.000000 0.000000 1.000000 0.000000 0.000000 1.000000 0.000000 0.000000 1.000000 0.000000 0.000000 1.000000 0.000000 1.000000 0.000000 0.000000 1.000000 0.000000 0.000000 1.000000 0.000000 0.000000 1.000000 0.000000 0.000000 1.000000 0.000000 0.000000 1.000000 0.000000 0.000000 1.000000 0.000000 0.000000 1.000000 0.000000 0.000000 1.000000 0.000000 0.000000 1.000000 0.000000 0.000000 1.000000 0.000000 0.000000 1.000000 0.000000 0.000000 0.000000 1.000000 0.000000 0.000000 1.000000 0.000000 0.000000 1.000000 0.000000 0.000000 1.000000 0.000000 0.000000 0.000000 1.000000 0.000000 0.000000 1.000000 0.000000 0.000000 1.000000 0.000000 0.000000 1.000000 0.000000 0.000000 1.000000 0.000000 0.000000 1.000000 0.000000 0.000000 1.000000 0.000000 0.000000 1.000000 0.000000 0.000000 1.000000 0.000000 0.000000 1.000000 0.000000 0.000000 1.000000 0.000000 0.000000 1.000000 1.000000 0.000000 0.000000 1.000000 0.000000 0.000000 1.000000 0.000000 0.000000 1.000000 0.000000 0.000000 0.000000 0.000000 1.000000 0.000000 0.000000 1.000000 0.000000 0.000000 1.000000 0.000000 0.000000 1.000000 1.000000 0.000000 0.000000 1.000000 0.000000 0.000000 0.000000 1.000000 0.000000 0.000000 1.000000 0.000000 0.000000 1.000000 0.000000 0.000000 1.000000 0.000000 1.000000 0.000000 0.000000 1.000000 0.000000 0.000000 1.000000 0.000000 0.000000 1.000000 0.000000 0.000000 1.000000 0.000000 0.000000 
						1.000000 0.000000 0.000000 0.000000 1.000000 0.000000 0.000000 1.000000 0.000000 0.000000 1.000000 0.000000 0.000000 1.000000 0.000000 0.000000 1.000000 0.000000 0.000000 1.000000 0.000000 0.000000 1.000000 0.000000 0.000000 1.000000 0.000000 0.000000 1.000000 0.000000 0.000000 1.000000 0.000000 0.000000 1.000000 0.000000 0.000000 1.000000 0.000000 1.000000 0.000000 0.000000 1.000000 0.000000 0.000000 0.000000 0.000000 1.000000 0.000000 0.000000 1.000000 0.000000 0.000000 1.000000 0.000000 0.000000 1.000000 1.000000 0.000000 0.000000 1.000000 0.000000 0.000000 0.000000 1.000000 0.000000 0.000000 1.000000 0.000000 0.000000 1.000000 0.000000 0.000000 1.000000 0.000000 1.000000 0.000000 0.000000 1.000000 0.000000 0.000000 1.000000 0.000000 0.000000 1.000000 0.000000 0.000000 1.000000 0.000000 0.000000 1.000000 0.000000 0.000000 1.000000 0.000000 0.000000 1.000000 0.000000 0.000000 1.000000 0.000000 0.000000 0.000000 1.000000 0.000000 0.000000 1.000000 0.000000 0.000000 1.000000 0.000000 0.000000 1.000000 0.000000 0.000000 0.000000 1.000000 0.000000 0.000000 1.000000 0.000000 0.000000 1.000000 0.000000 0.000000 1.000000 0.000000 0.000000 1.000000 0.000000 0.000000 1.000000 0.000000 0.000000 1.000000 0.000000 0.000000 1.000000 0.000000 1.000000 0.000000 0.000000 1.000000 0.000000 0.000000 1.000000 0.000000 0.000000 1.000000 0.000000 0.000000 1.000000 0.000000 0.000000 1.000000 0.000000 0.000000 1.000000 0.000000 0.000000 1.000000 0.000000 0.000000 1.000000 0.000000 0.000000 1.000000 0.000000 0.000000 1.000000 0.000000 0.000000 1.000000 0.000000 0.000000 1.000000 0.000000 0.000000 1.000000 0.000000 0.000000 0.000000 1.000000 0.000000 0.000000 1.000000 0.000000 0.000000 1.000000 0.000000 0.000000 1.000000 
						1.000000 0.000000 0.000000 1.000000 0.000000 0.000000 1.000000 0.000000 0.000000 1.000000 0.000000 0.000000 1.000000 0.000000 0.000000 1.000000 0.000000 0.000000 0.000000 1.000000 0.000000 0.000000 1.000000 0.000000 0.000000 0.000000 1.000000 0.000000 0.000000 1.000000 0.000000 0.000000 1.000000 0.000000 0.000000 1.000000 0.000000 0.000000 1.000000 0.000000 0.000000 1.000000 0.000000 1.000000 0.000000 0.000000 1.000000 0.000000 1.000000 0.000000 0.000000 1.000000 0.000000 0.000000 1.000000 0.000000 0.000000 1.000000 0.000000 0.000000 1.000000 0.000000 0.000000 1.000000 0.000000 0.000000 1.000000 0.000000 0.000000 1.000000 0.000000 0.000000 1.000000 0.000000 0.000000 1.000000 0.000000 0.000000 1.000000 0.000000 0.000000 1.000000 0.000000 0.000000 1.000000 0.000000 0.000000 1.000000 0.000000 0.000000 1.000000 0.000000 0.000000 1.000000 0.000000 0.000000 1.000000 0.000000 0.000000 1.000000 0.000000 0.000000 1.000000 0.000000 0.000000 1.000000 0.000000 0.000000 1.000000 0.000000 0.000000 1.000000 0.000000 0.000000 1.000000 0.000000 0.000000 1.000000 0.000000 0.000000 1.000000 0.000000 0.000000 1.000000 0.000000 0.000000 1.000000 0.000000 0.000000 1.000000 0.000000 0.000000 1.000000 0.000000 0.000000 1.000000 0.000000 0.000000 1.000000 0.000000 0.000000 1.000000 0.000000 0.000000 1.000000 0.000000 0.000000 1.000000 0.000000 0.000000 1.000000 0.000000 0.000000 1.000000 0.000000 0.000000 1.000000 0.000000 0.000000 1.000000 0.000000 0.000000 1.000000 0.000000 0.000000 1.000000 0.000000 0.000000 1.000000 0.000000 0.000000 1.000000 0.000000 0.000000 1.000000 0.000000 0.000000 1.000000 0.000000 0.000000 1.000000 0.000000 0.000000 1.000000 0.000000 0.000000 1.000000 0.000000 0.000000 1.000000 0.000000 0.000000 
						1.000000 0.000000 0.000000 1.000000 0.000000 0.000000 1.000000 0.000000 0.000000 1.000000 0.000000 0.000000 1.000000 0.000000 0.000000 1.000000 0.000000 0.000000 1.000000 0.000000 0.000000 1.000000 0.000000 0.000000 1.000000 0.000000 0.000000 1.000000 0.000000 0.000000 1.000000 0.000000 0.000000 1.000000 0.000000 0.000000 1.000000 0.000000 0.000000 1.000000 0.000000 0.000000 1.000000 0.000000 0.000000 1.000000 0.000000 0.000000 0.000000 0.000000 1.000000 0.000000 0.000000 1.000000 0.000000 0.000000 1.000000 0.000000 0.000000 1.000000 0.000000 0.000000 1.000000 0.000000 0.000000 1.000000 0.000000 0.000000 1.000000 0.000000 0.000000 1.000000 0.000000 0.000000 1.000000 0.000000 0.000000 1.000000 0.000000 0.000000 1.000000 0.000000 0.000000 1.000000 0.000000 0.000000 1.000000 0.000000 0.000000 1.000000 0.000000 0.000000 1.000000 0.000000 0.000000 1.000000 0.000000 0.000000 1.000000 0.000000 0.000000 1.000000 0.000000 0.000000 1.000000 0.000000 0.000000 1.000000 0.000000 0.000000 1.000000 0.000000 0.000000 1.000000 0.000000 0.000000 1.000000 0.000000 0.000000 1.000000 0.000000 0.000000 1.000000 0.000000 0.000000 1.000000 0.000000 0.000000 1.000000 0.000000 0.000000 1.000000 0.000000 1.000000 1.000000 0.000000 1.000000 1.000000 0.000000 1.000000 1.000000 0.000000 1.000000 1.000000 0.000000 1.000000 1.000000 0.000000 1.000000 1.000000 0.000000 1.000000 1.000000 0.000000 1.000000 1.000000 0.000000 1.000000 1.000000 0.000000 1.000000 1.000000 0.000000 1.000000 1.000000 0.000000 1.000000 1.000000 0.000000 1.000000 1.000000 0.000000 1.000000 1.000000 0.000000 1.000000 1.000000 0.000000 1.000000 1.000000 0.000000 1.000000 1.000000 0.000000 1.000000 1.000000 0.000000 1.000000 1.000000 0.000000 1.000000 1.000000 
						0.000000 1.000000 1.000000 0.000000 1.000000 1.000000 0.000000 1.000000 1.000000 0.000000 1.000000 1.000000 0.000000 1.000000 1.000000 0.000000 1.000000 1.000000 0.000000 1.000000 1.000000 0.000000 1.000000 1.000000 0.000000 1.000000 1.000000 0.000000 1.000000 1.000000 0.000000 1.000000 1.000000 0.000000 1.000000 1.000000 0.000000 1.000000 1.000000 0.000000 1.000000 1.000000 0.000000 1.000000 1.000000 0.000000 1.000000 1.000000 0.000000 1.000000 1.000000 0.000000 1.000000 1.000000 0.000000 1.000000 1.000000 0.000000 1.000000 1.000000 0.000000 1.000000 1.000000 0.000000 1.000000 1.000000 0.000000 1.000000 1.000000 0.000000 1.000000 1.000000 0.000000 1.000000 1.000000 0.000000 1.000000 1.000000 0.000000 1.000000 1.000000 0.000000 1.000000 1.000000 0.000000 1.000000 1.000000 0.000000 1.000000 1.000000 0.000000 1.000000 1.000000 0.000000 1.000000 1.000000 0.000000 1.000000 1.000000 0.000000 1.000000 1.000000 0.000000 1.000000 1.000000 0.000000 1.000000 1.000000 0.000000 1.000000 1.000000 0.000000 1.000000 1.000000 0.000000 1.000000 1.000000 0.000000 1.000000 1.000000 0.000000 1.000000 1.000000 0.000000 1.000000 1.000000 0.000000 1.000000 1.000000 0.000000 1.000000 1.000000 0.000000 1.000000 1.000000 0.000000 1.000000 1.000000 0.000000 1.000000 1.000000 0.000000 1.000000 1.000000 0.000000 1.000000 1.000000 0.000000 1.000000 1.000000 0.000000 1.000000 1.000000 0.000000 1.000000 1.000000 0.000000 1.000000 1.000000 0.000000 1.000000 1.000000 0.000000 1.000000 1.000000 0.000000 1.000000 1.000000 0.000000 1.000000 1.000000 0.000000 1.000000 1.000000 0.000000 1.000000 1.000000 0.000000 1.000000 1.000000 0.000000 1.000000 1.000000 0.000000 1.000000 1.000000 0.000000 1.000000 1.000000 0.000000 1.000000 1.000000 
						0.000000 1.000000 1.000000 0.000000 1.000000 1.000000 0.000000 1.000000 1.000000 0.000000 1.000000 1.000000 0.000000 1.000000 1.000000 0.000000 1.000000 1.000000 0.000000 1.000000 1.000000 0.000000 1.000000 1.000000 0.000000 1.000000 1.000000 0.000000 1.000000 1.000000 0.000000 1.000000 1.000000 0.000000 1.000000 1.000000 0.000000 1.000000 1.000000 0.000000 1.000000 1.000000 0.000000 1.000000 1.000000 0.000000 1.000000 1.000000 0.000000 1.000000 1.000000 0.000000 1.000000 1.000000 0.000000 1.000000 1.000000 0.000000 1.000000 1.000000 0.000000 1.000000 1.000000 0.000000 1.000000 1.000000 0.000000 1.000000 1.000000 0.000000 1.000000 1.000000 0.000000 1.000000 1.000000 0.000000 1.000000 1.000000 0.000000 1.000000 1.000000 0.000000 1.000000 1.000000 0.000000 1.000000 1.000000 0.000000 1.000000 1.000000 0.000000 1.000000 1.000000 0.000000 1.000000 1.000000 0.000000 1.000000 1.000000 0.000000 1.000000 1.000000 0.000000 1.000000 1.000000 0.000000 1.000000 1.000000 0.000000 1.000000 1.000000 0.000000 1.000000 1.000000 0.000000 1.000000 1.000000 0.000000 1.000000 1.000000 0.000000 1.000000 1.000000 0.000000 1.000000 1.000000 0.000000 1.000000 1.000000 0.000000 1.000000 1.000000 0.000000 1.000000 1.000000 0.000000 1.000000 1.000000 0.000000 1.000000 1.000000 0.000000 1.000000 1.000000 0.000000 1.000000 1.000000 0.000000 1.000000 1.000000 0.000000 1.000000 1.000000 0.000000 1.000000 1.000000 0.000000 1.000000 1.000000 0.000000 1.000000 1.000000 0.000000 1.000000 1.000000 0.000000 1.000000 1.000000 0.000000 1.000000 1.000000 0.000000 1.000000 1.000000 0.000000 1.000000 1.000000 0.000000 1.000000 1.000000 0.000000 1.000000 1.000000 0.000000 1.000000 1.000000 0.000000 1.000000 1.000000 0.000000 1.000000 1.000000 
						0.000000 1.000000 1.000000 0.000000 1.000000 1.000000 0.000000 1.000000 1.000000 0.000000 1.000000 1.000000 0.000000 1.000000 1.000000 0.000000 1.000000 1.000000 0.000000 1.000000 1.000000 0.000000 1.000000 1.000000 0.000000 1.000000 1.000000 0.000000 1.000000 1.000000 0.000000 1.000000 1.000000 0.000000 1.000000 1.000000 0.000000 1.000000 1.000000 0.000000 1.000000 1.000000 0.000000 1.000000 1.000000 0.000000 1.000000 1.000000 0.000000 1.000000 1.000000 0.000000 1.000000 1.000000 0.000000 1.000000 1.000000 0.000000 1.000000 1.000000 0.000000 1.000000 1.000000 0.000000 1.000000 1.000000 1.000000 0.000000 0.000000 1.000000 0.000000 0.000000 1.000000 0.000000 0.000000 1.000000 0.000000 0.000000 1.000000 0.000000 0.000000 1.000000 0.000000 0.000000 1.000000 0.000000 0.000000 1.000000 0.000000 0.000000 1.000000 0.000000 0.000000 1.000000 0.000000 0.000000 1.000000 0.000000 0.000000 1.000000 0.000000 0.000000 1.000000 0.000000 0.000000 1.000000 0.000000 0.000000 1.000000 0.000000 0.000000 1.000000 0.000000 0.000000 1.000000 0.000000 0.000000 1.000000 0.000000 0.000000 1.000000 0.000000 0.000000 1.000000 0.000000 0.000000 1.000000 0.000000 0.000000 1.000000 0.000000 0.000000 1.000000 0.000000 0.000000 1.000000 0.000000 0.000000 1.000000 0.000000 0.000000 1.000000 0.000000 0.000000 1.000000 0.000000 0.000000 1.000000 0.000000 0.000000 1.000000 0.000000 0.000000 1.000000 0.000000 0.000000 1.000000 0.000000 0.000000 1.000000 0.000000 0.000000 1.000000 0.000000 0.000000 1.000000 0.000000 0.000000 1.000000 0.000000 0.000000 1.000000 0.000000 0.000000 1.000000 0.000000 0.000000 1.000000 0.000000 0.000000 1.000000 0.000000 0.000000 1.000000 0.000000 0.000000 1.000000 0.000000 0.000000 1.000000 0.000000 0.000000 
						1.000000 0.000000 0.000000 1.000000 0.000000 0.000000 1.000000 0.000000 0.000000 1.000000 0.000000 0.000000 1.000000 0.000000 0.000000 0.000000 0.000000 1.000000 0.000000 0.000000 1.000000 0.000000 0.000000 1.000000 1.000000 0.000000 0.000000 1.000000 0.000000 0.000000 0.000000 0.000000 1.000000 0.000000 0.000000 1.000000 0.000000 0.000000 1.000000 0.000000 0.000000 1.000000 1.000000 0.000000 0.000000 1.000000 0.000000 0.000000 1.000000 0.000000 0.000000 1.000000 0.000000 0.000000 0.000000 0.000000 1.000000 0.000000 0.000000 1.000000 1.000000 0.000000 0.000000 1.000000 0.000000 0.000000 0.000000 1.000000 0.000000 0.000000 1.000000 0.000000 0.000000 1.000000 0.000000 0.000000 1.000000 0.000000 0.000000 1.000000 0.000000 0.000000 1.000000 0.000000 0.000000 1.000000 0.000000 0.000000 1.000000 0.000000 0.000000 1.000000 0.000000 0.000000 1.000000 0.000000 1.000000 0.000000 0.000000 1.000000 0.000000 0.000000 1.000000 0.000000 0.000000 1.000000 0.000000 0.000000 1.000000 0.000000 0.000000 1.000000 0.000000 0.000000 1.000000 0.000000 0.000000 1.000000 0.000000 0.000000 1.000000 0.000000 0.000000 1.000000 0.000000 0.000000 1.000000 0.000000 0.000000 1.000000 0.000000 0.000000 1.000000 0.000000 0.000000 1.000000 0.000000 0.000000 1.000000 0.000000 0.000000 1.000000 0.000000 0.000000 1.000000 0.000000 0.000000 1.000000 0.000000 0.000000 1.000000 0.000000 0.000000 1.000000 0.000000 0.000000 1.000000 0.000000 0.000000 1.000000 0.000000 0.000000 1.000000 0.000000 0.000000 1.000000 0.000000 0.000000 1.000000 0.000000 0.000000 1.000000 0.000000 0.000000 1.000000 0.000000 0.000000 1.000000 0.000000 0.000000 1.000000 0.000000 0.000000 1.000000 0.000000 0.000000 1.000000 0.000000 0.000000 0.000000 1.000000 0.000000 
						0.000000 1.000000 0.000000 0.000000 1.000000 0.000000 0.000000 1.000000 0.000000 0.000000 1.000000 0.000000 0.000000 1.000000 0.000000 0.000000 1.000000 0.000000 0.000000 1.000000 0.000000 0.000000 1.000000 0.000000 0.000000 1.000000 0.000000 0.000000 1.000000 0.000000 0.000000 1.000000 0.000000 0.000000 1.000000 0.000000 0.000000 1.000000 0.000000 0.000000 1.000000 0.000000 0.000000 1.000000 0.000000 0.000000 1.000000 0.000000 0.000000 1.000000 0.000000 0.000000 1.000000 0.000000 0.000000 1.000000 0.000000 0.000000 1.000000 0.000000 0.000000 1.000000 0.000000 0.000000 1.000000 0.000000 0.000000 1.000000 0.000000 0.000000 1.000000 0.000000 0.000000 1.000000 0.000000 0.000000 1.000000 0.000000 0.000000 1.000000 0.000000 0.000000 1.000000 0.000000 0.000000 0.000000 1.000000 0.000000 0.000000 1.000000 0.000000 0.000000 1.000000 0.000000 1.000000 0.000000 0.000000 1.000000 0.000000 0.000000 1.000000 0.000000 0.000000 1.000000 0.000000 0.000000 1.000000 0.000000 0.000000 1.000000 0.000000 0.000000 1.000000 0.000000 0.000000 1.000000 0.000000 0.000000 1.000000 0.000000 0.000000 1.000000 0.000000 0.000000 1.000000 0.000000 0.000000 1.000000 0.000000 0.000000 1.000000 0.000000 0.000000 1.000000 0.000000 0.000000 1.000000 0.000000 0.000000 1.000000 0.000000 0.000000 1.000000 0.000000 0.000000 1.000000 0.000000 0.000000 1.000000 0.000000 0.000000 1.000000 0.000000 0.000000 1.000000 0.000000 0.000000 1.000000 0.000000 0.000000 1.000000 0.000000 0.000000 1.000000 0.000000 0.000000 1.000000 0.000000 0.000000 1.000000 0.000000 0.000000 1.000000 0.000000 0.000000 1.000000 0.000000 0.000000 1.000000 0.000000 0.000000 1.000000 0.000000 0.000000 1.000000 0.000000 0.000000 1.000000 0.000000 0.000000 1.000000 0.000000 
						0.000000 1.000000 0.000000 0.000000 1.000000 0.000000 0.000000 1.000000 0.000000 0.000000 1.000000 0.000000 0.000000 1.000000 0.000000 0.000000 1.000000 0.000000 0.000000 1.000000 0.000000 0.000000 1.000000 0.000000 0.000000 1.000000 0.000000 0.000000 1.000000 0.000000 0.000000 1.000000 0.000000 0.000000 1.000000 0.000000 0.000000 1.000000 0.000000 0.000000 1.000000 0.000000 0.000000 1.000000 0.000000 0.000000 1.000000 0.000000 0.000000 1.000000 0.000000 0.000000 1.000000 0.000000 0.000000 1.000000 0.000000 0.000000 1.000000 0.000000 0.000000 1.000000 0.000000 0.000000 1.000000 0.000000 0.000000 1.000000 0.000000 0.000000 1.000000 0.000000 0.000000 1.000000 0.000000 0.000000 1.000000 0.000000 0.000000 1.000000 0.000000 0.000000 1.000000 0.000000 0.000000 1.000000 0.000000 0.000000 1.000000 0.000000 0.000000 1.000000 0.000000 0.000000 1.000000 0.000000 1.000000 0.000000 0.000000 1.000000 0.000000 0.000000 1.000000 0.000000 0.000000 1.000000 0.000000 0.000000 1.000000 0.000000 0.000000 1.000000 0.000000 0.000000 1.000000 0.000000 0.000000 1.000000 0.000000 0.000000 1.000000 0.000000 0.000000 1.000000 0.000000 0.000000 1.000000 0.000000 0.000000 1.000000 0.000000 0.000000 1.000000 0.000000 0.000000 1.000000 0.000000 0.000000 1.000000 0.000000 0.000000 1.000000 0.000000 0.000000 1.000000 0.000000 0.000000 1.000000 0.000000 0.000000 1.000000 0.000000 0.000000 1.000000 0.000000 0.000000 1.000000 0.000000 0.000000 1.000000 0.000000 0.000000 1.000000 0.000000 0.000000 1.000000 0.000000 0.000000 1.000000 0.000000 0.000000 1.000000 0.000000 0.000000 1.000000 0.000000 0.000000 1.000000 0.000000 0.000000 1.000000 0.000000 0.000000 1.000000 0.000000 0.000000 1.000000 0.000000 0.000000 1.000000 0.000000 0.000000 
						1.000000 0.000000 0.000000 1.000000 0.000000 0.000000 1.000000 0.000000 0.000000 1.000000 0.000000 0.000000 1.000000 0.000000 0.000000 1.000000 0.000000 0.000000 1.000000 0.000000 0.000000 1.000000 0.000000 0.000000 1.000000 0.000000 0.000000 1.000000 0.000000 0.000000 1.000000 0.000000 0.000000 1.000000 0.000000 0.000000 1.000000 0.000000 0.000000 1.000000 0.000000 0.000000 1.000000 0.000000 0.000000 1.000000 0.000000 0.000000 1.000000 0.000000 0.000000 1.000000 0.000000 0.000000 1.000000 0.000000 0.000000 1.000000 0.000000 0.000000 1.000000 0.000000 0.000000 1.000000 0.000000 0.000000 1.000000 0.000000 0.000000 1.000000 0.000000 0.000000 1.000000 0.000000 0.000000 1.000000 0.000000 0.000000 1.000000 0.000000 0.000000 1.000000 0.000000 0.000000 1.000000 0.000000 0.000000 1.000000 0.000000 0.000000 1.000000 0.000000 0.000000 0.000000 1.000000 0.000000 0.000000 1.000000 0.000000 0.000000 1.000000 0.000000 0.000000 1.000000 0.000000 1.000000 0.000000 0.000000 1.000000 0.000000 0.000000 1.000000 0.000000 0.000000 1.000000 0.000000 0.000000 1.000000 0.000000 0.000000 1.000000 0.000000 0.000000 1.000000 0.000000 0.000000 1.000000 0.000000 0.000000 0.000000 1.000000 0.000000 0.000000 1.000000 0.000000 0.000000 1.000000 0.000000 0.000000 1.000000 0.000000 0.000000 0.000000 1.000000 0.000000 0.000000 1.000000 0.000000 0.000000 1.000000 0.000000 0.000000 1.000000 0.000000 1.000000 0.000000 0.000000 1.000000 0.000000 0.000000 1.000000 0.000000 0.000000 1.000000 0.000000 1.000000 0.000000 0.000000 1.000000 0.000000 0.000000 1.000000 0.000000 0.000000 1.000000 0.000000 0.000000 1.000000 0.000000 0.000000 1.000000 0.000000 0.000000 1.000000 0.000000 0.000000 1.000000 0.000000 0.000000 1.000000 0.000000 0.000000 
						1.000000 0.000000 0.000000 1.000000 0.000000 0.000000 1.000000 0.000000 0.000000 0.000000 1.000000 0.000000 0.000000 1.000000 0.000000 0.000000 1.000000 0.000000 0.000000 1.000000 0.000000 0.000000 0.000000 1.000000 0.000000 0.000000 1.000000 0.000000 0.000000 1.000000 0.000000 0.000000 1.000000 0.000000 0.000000 1.000000 0.000000 0.000000 1.000000 0.000000 0.000000 1.000000 0.000000 0.000000 1.000000 0.000000 0.000000 1.000000 0.000000 0.000000 1.000000 0.000000 0.000000 1.000000 0.000000 0.000000 1.000000 1.000000 0.000000 0.000000 1.000000 0.000000 0.000000 0.000000 0.000000 1.000000 0.000000 0.000000 1.000000 0.000000 0.000000 1.000000 0.000000 0.000000 1.000000 1.000000 0.000000 0.000000 1.000000 0.000000 0.000000 0.000000 1.000000 0.000000 0.000000 1.000000 0.000000 0.000000 1.000000 0.000000 0.000000 1.000000 0.000000 1.000000 0.000000 0.000000 1.000000 0.000000 0.000000 1.000000 0.000000 0.000000 1.000000 0.000000 0.000000 1.000000 0.000000 0.000000 1.000000 0.000000 0.000000 0.000000 1.000000 0.000000 0.000000 1.000000 0.000000 0.000000 1.000000 0.000000 0.000000 1.000000 0.000000 0.000000 1.000000 0.000000 0.000000 1.000000 0.000000 0.000000 1.000000 0.000000 0.000000 1.000000 0.000000 0.000000 1.000000 0.000000 0.000000 1.000000 0.000000 0.000000 1.000000 0.000000 0.000000 1.000000 0.000000 1.000000 0.000000 0.000000 1.000000 0.000000 0.000000 1.000000 0.000000 0.000000 1.000000 0.000000 0.000000 0.000000 0.000000 1.000000 0.000000 0.000000 1.000000 0.000000 0.000000 1.000000 0.000000 0.000000 1.000000 0.000000 0.000000 1.000000 0.000000 0.000000 1.000000 0.000000 0.000000 1.000000 0.000000 0.000000 1.000000 1.000000 0.000000 0.000000 1.000000 0.000000 0.000000 1.000000 0.000000 0.000000 
						1.000000 0.000000 0.000000 0.000000 1.000000 0.000000 0.000000 1.000000 0.000000 0.000000 1.000000 0.000000 0.000000 1.000000 0.000000 0.000000 1.000000 0.000000 0.000000 1.000000 0.000000 0.000000 1.000000 0.000000 0.000000 1.000000 0.000000 1.000000 0.000000 0.000000 1.000000 0.000000 0.000000 1.000000 0.000000 0.000000 1.000000 0.000000 0.000000 1.000000 0.000000 0.000000 1.000000 0.000000 0.000000 1.000000 0.000000 0.000000 1.000000 0.000000 0.000000 1.000000 0.000000 0.000000 1.000000 0.000000 0.000000 1.000000 0.000000 0.000000 1.000000 0.000000 0.000000 1.000000 0.000000 0.000000 1.000000 0.000000 0.000000 0.000000 1.000000 0.000000 0.000000 1.000000 0.000000 0.000000 1.000000 0.000000 0.000000 1.000000 0.000000 0.000000 0.000000 1.000000 0.000000 0.000000 1.000000 0.000000 0.000000 1.000000 0.000000 0.000000 1.000000 0.000000 0.000000 1.000000 0.000000 0.000000 1.000000 0.000000 0.000000 1.000000 0.000000 0.000000 1.000000 0.000000 1.000000 0.000000 0.000000 1.000000 0.000000 0.000000 1.000000 0.000000 0.000000 1.000000 0.000000 0.000000 1.000000 0.000000 0.000000 1.000000 0.000000 0.000000 1.000000 0.000000 0.000000 1.000000 0.000000 0.000000 1.000000 0.000000 0.000000 1.000000 0.000000 0.000000 1.000000 0.000000 0.000000 1.000000 0.000000 0.000000 1.000000 0.000000 0.000000 1.000000 0.000000 0.000000 0.000000 1.000000 0.000000 0.000000 1.000000 0.000000 0.000000 1.000000 0.000000 0.000000 1.000000 1.000000 0.000000 0.000000 1.000000 0.000000 0.000000 1.000000 0.000000 0.000000 1.000000 0.000000 0.000000 1.000000 0.000000 0.000000 1.000000 0.000000 0.000000 1.000000 0.000000 0.000000 0.000000 0.000000 1.000000 0.000000 0.000000 1.000000 0.000000 0.000000 1.000000 0.000000 0.000000 1.000000 
						1.000000 0.000000 0.000000 1.000000 0.000000 0.000000 1.000000 0.000000 0.000000 1.000000 0.000000 0.000000 1.000000 0.000000 0.000000 1.000000 0.000000 0.000000 1.000000 0.000000 0.000000 1.000000 0.000000 0.000000 1.000000 0.000000 0.000000 1.000000 0.000000 0.000000 1.000000 0.000000 0.000000 1.000000 0.000000 0.000000 1.000000 0.000000 0.000000 1.000000 0.000000 0.000000 1.000000 0.000000 0.000000 1.000000 0.000000 0.000000 1.000000 0.000000 0.000000 1.000000 0.000000 0.000000 1.000000 0.000000 0.000000 1.000000 0.000000 0.000000 1.000000 0.000000 0.000000 1.000000 0.000000 0.000000 1.000000 0.000000 0.000000 1.000000 0.000000 0.000000 1.000000 0.000000 0.000000 1.000000 0.000000 0.000000 1.000000 0.000000 0.000000 1.000000 0.000000 0.000000 1.000000 0.000000 0.000000 1.000000 0.000000 0.000000 1.000000 0.000000 0.000000 1.000000 0.000000 0.000000 1.000000 0.000000 0.000000 1.000000 0.000000 0.000000 1.000000 0.000000 0.000000 1.000000 0.000000 0.000000 1.000000 0.000000 0.000000 1.000000 0.000000 0.000000 1.000000 0.000000 0.000000 1.000000 0.000000 0.000000 1.000000 0.000000 0.000000 1.000000 0.000000 0.000000 1.000000 0.000000 0.000000 1.000000 0.000000 0.000000 1.000000 0.000000 0.000000 1.000000 0.000000 0.000000 1.000000 0.000000 0.000000 1.000000 0.000000 0.000000 1.000000 0.000000 0.000000 1.000000 0.000000 0.000000 0.000000 0.000000 1.000000 0.000000 0.000000 1.000000 0.000000 0.000000 1.000000 0.000000 0.000000 1.000000 0.000000 0.000000 1.000000 0.000000 0.000000 1.000000 0.000000 0.000000 1.000000 0.000000 0.000000 1.000000 0.000000 0.000000 1.000000 0.000000 0.000000 1.000000 0.000000 0.000000 1.000000 0.000000 0.000000 1.000000 0.000000 0.000000 1.000000 0.000000 0.000000 1.000000 
						0.000000 0.000000 1.000000 0.000000 0.000000 1.000000 0.000000 0.000000 1.000000 0.000000 1.000000 1.000000 0.000000 1.000000 1.000000 0.000000 1.000000 1.000000 0.000000 1.000000 1.000000 0.000000 1.000000 1.000000 0.000000 1.000000 1.000000 0.000000 1.000000 1.000000 0.000000 1.000000 1.000000 0.000000 1.000000 1.000000 0.000000 1.000000 1.000000 0.000000 1.000000 1.000000 0.000000 1.000000 1.000000 0.000000 1.000000 1.000000 0.000000 1.000000 1.000000 0.000000 1.000000 1.000000 0.000000 1.000000 1.000000 0.000000 1.000000 1.000000 0.000000 1.000000 1.000000 0.000000 1.000000 1.000000 0.000000 1.000000 1.000000 0.000000 1.000000 1.000000 0.000000 1.000000 1.000000 0.000000 1.000000 1.000000 0.000000 1.000000 1.000000 0.000000 1.000000 1.000000 0.000000 1.000000 1.000000 0.000000 1.000000 1.000000 0.000000 1.000000 1.000000 0.000000 1.000000 1.000000 0.000000 1.000000 1.000000 0.000000 1.000000 1.000000 0.000000 1.000000 1.000000 0.000000 1.000000 1.000000 0.000000 1.000000 1.000000 0.000000 1.000000 1.000000 0.000000 1.000000 1.000000 0.000000 1.000000 1.000000 0.000000 1.000000 1.000000 0.000000 1.000000 1.000000 0.000000 1.000000 1.000000 0.000000 1.000000 1.000000 0.000000 1.000000 1.000000 0.000000 1.000000 1.000000 0.000000 1.000000 1.000000 0.000000 1.000000 1.000000 0.000000 1.000000 1.000000 0.000000 1.000000 1.000000 0.000000 1.000000 1.000000 0.000000 1.000000 1.000000 0.000000 1.000000 1.000000 0.000000 1.000000 1.000000 0.000000 1.000000 1.000000 0.000000 1.000000 1.000000 0.000000 1.000000 1.000000 0.000000 1.000000 1.000000 0.000000 1.000000 1.000000 0.000000 1.000000 1.000000 0.000000 1.000000 1.000000 0.000000 1.000000 1.000000 0.000000 1.000000 1.000000 0.000000 1.000000 1.000000 
						0.000000 1.000000 1.000000 0.000000 1.000000 1.000000 0.000000 1.000000 1.000000 0.000000 1.000000 1.000000 0.000000 1.000000 1.000000 0.000000 1.000000 1.000000 0.000000 1.000000 1.000000 0.000000 1.000000 1.000000 0.000000 1.000000 1.000000 0.000000 1.000000 1.000000 0.000000 1.000000 1.000000 0.000000 1.000000 1.000000 0.000000 1.000000 1.000000 0.000000 1.000000 1.000000 0.000000 1.000000 1.000000 0.000000 1.000000 1.000000 0.000000 1.000000 1.000000 0.000000 1.000000 1.000000 0.000000 1.000000 1.000000 0.000000 1.000000 1.000000 0.000000 1.000000 1.000000 0.000000 1.000000 1.000000 0.000000 1.000000 1.000000 0.000000 1.000000 1.000000 0.000000 1.000000 1.000000 0.000000 1.000000 1.000000 0.000000 1.000000 1.000000 0.000000 1.000000 1.000000 0.000000 1.000000 1.000000 0.000000 1.000000 1.000000 0.000000 1.000000 1.000000 0.000000 1.000000 1.000000 0.000000 1.000000 1.000000 0.000000 1.000000 1.000000 0.000000 1.000000 1.000000 0.000000 1.000000 1.000000 0.000000 1.000000 1.000000 0.000000 1.000000 1.000000 0.000000 1.000000 1.000000 0.000000 1.000000 1.000000 0.000000 1.000000 1.000000 0.000000 1.000000 1.000000 0.000000 1.000000 1.000000 0.000000 1.000000 1.000000 0.000000 1.000000 1.000000 0.000000 1.000000 1.000000 0.000000 1.000000 1.000000 0.000000 1.000000 1.000000 0.000000 1.000000 1.000000 0.000000 1.000000 1.000000 0.000000 1.000000 1.000000 0.000000 1.000000 1.000000 0.000000 1.000000 1.000000 0.000000 1.000000 1.000000 0.000000 1.000000 1.000000 0.000000 1.000000 1.000000 0.000000 1.000000 1.000000 0.000000 1.000000 1.000000 0.000000 1.000000 1.000000 0.000000 1.000000 1.000000 0.000000 1.000000 1.000000 0.000000 1.000000 1.000000 0.000000 1.000000 1.000000 0.000000 1.000000 1.000000 
						0.000000 1.000000 1.000000 0.000000 1.000000 1.000000 0.000000 1.000000 1.000000 0.000000 1.000000 1.000000 0.000000 1.000000 1.000000 0.000000 1.000000 1.000000 0.000000 1.000000 1.000000 0.000000 1.000000 1.000000 0.000000 1.000000 1.000000 0.000000 1.000000 1.000000 0.000000 1.000000 1.000000 0.000000 1.000000 1.000000 0.000000 1.000000 1.000000 0.000000 1.000000 1.000000 0.000000 1.000000 1.000000 0.000000 1.000000 1.000000 0.000000 1.000000 1.000000 0.000000 1.000000 1.000000 0.000000 1.000000 1.000000 0.000000 1.000000 1.000000 0.000000 1.000000 1.000000 0.000000 1.000000 1.000000 0.000000 1.000000 1.000000 0.000000 1.000000 1.000000 0.000000 1.000000 1.000000 0.000000 1.000000 1.000000 0.000000 1.000000 1.000000 0.000000 1.000000 1.000000 0.000000 1.000000 1.000000 0.000000 1.000000 1.000000 0.000000 1.000000 1.000000 0.000000 1.000000 1.000000 0.000000 1.000000 1.000000 0.000000 1.000000 1.000000 0.000000 1.000000 1.000000 0.000000 1.000000 1.000000 0.000000 1.000000 1.000000 0.000000 1.000000 1.000000 0.000000 1.000000 1.000000 0.000000 1.000000 1.000000 0.000000 1.000000 1.000000 0.000000 1.000000 1.000000 0.000000 1.000000 1.000000 0.000000 1.000000 1.000000 0.000000 1.000000 1.000000 1.000000 0.000000 0.000000 1.000000 0.000000 0.000000 1.000000 0.000000 0.000000 1.000000 0.000000 0.000000 1.000000 0.000000 0.000000 1.000000 0.000000 0.000000 1.000000 0.000000 0.000000 1.000000 0.000000 0.000000 1.000000 0.000000 0.000000 1.000000 0.000000 0.000000 1.000000 0.000000 0.000000 1.000000 0.000000 0.000000 1.000000 0.000000 0.000000 1.000000 0.000000 0.000000 1.000000 0.000000 0.000000 1.000000 0.000000 0.000000 1.000000 0.000000 0.000000 1.000000 0.000000 0.000000 1.000000 0.000000 0.000000 
						1.000000 0.000000 0.000000 1.000000 0.000000 0.000000 1.000000 0.000000 0.000000 1.000000 0.000000 0.000000 1.000000 0.000000 0.000000 1.000000 0.000000 0.000000 1.000000 0.000000 0.000000 1.000000 0.000000 0.000000 1.000000 0.000000 0.000000 1.000000 0.000000 0.000000 1.000000 0.000000 0.000000 1.000000 0.000000 0.000000 1.000000 0.000000 0.000000 1.000000 0.000000 0.000000 1.000000 0.000000 0.000000 1.000000 0.000000 0.000000 1.000000 0.000000 0.000000 1.000000 0.000000 0.000000 1.000000 0.000000 0.000000 1.000000 0.000000 0.000000 1.000000 0.000000 0.000000 1.000000 0.000000 0.000000 1.000000 0.000000 0.000000 1.000000 0.000000 0.000000 1.000000 0.000000 0.000000 1.000000 0.000000 0.000000 0.000000 0.000000 1.000000 0.000000 0.000000 1.000000 0.000000 0.000000 1.000000 1.000000 0.000000 0.000000 1.000000 0.000000 0.000000 0.000000 0.000000 1.000000 0.000000 0.000000 1.000000 0.000000 0.000000 1.000000 0.000000 0.000000 1.000000 1.000000 0.000000 0.000000 1.000000 0.000000 0.000000 1.000000 0.000000 0.000000 1.000000 0.000000 0.000000 0.000000 0.000000 1.000000 0.000000 0.000000 1.000000 1.000000 0.000000 0.000000 1.000000 0.000000 0.000000 0.000000 1.000000 0.000000 0.000000 1.000000 0.000000 0.000000 1.000000 0.000000 0.000000 1.000000 0.000000 0.000000 1.000000 0.000000 0.000000 1.000000 0.000000 0.000000 1.000000 0.000000 0.000000 1.000000 0.000000 0.000000 1.000000 0.000000 0.000000 1.000000 0.000000 1.000000 0.000000 0.000000 1.000000 0.000000 0.000000 1.000000 0.000000 0.000000 1.000000 0.000000 0.000000 1.000000 0.000000 0.000000 1.000000 0.000000 0.000000 1.000000 0.000000 0.000000 1.000000 0.000000 0.000000 1.000000 0.000000 0.000000 1.000000 0.000000 0.000000 1.000000 0.000000 0.000000 
						1.000000 0.000000 0.000000 1.000000 0.000000 0.000000 1.000000 0.000000 0.000000 1.000000 0.000000 0.000000 1.000000 0.000000 0.000000 1.000000 0.000000 0.000000 1.000000 0.000000 0.000000 1.000000 0.000000 0.000000 1.000000 0.000000 0.000000 1.000000 0.000000 0.000000 1.000000 0.000000 0.000000 1.000000 0.000000 0.000000 1.000000 0.000000 0.000000 1.000000 0.000000 0.000000 1.000000 0.000000 0.000000 1.000000 0.000000 0.000000 1.000000 0.000000 0.000000 0.000000 1.000000 0.000000 0.000000 1.000000 0.000000 0.000000 1.000000 0.000000 0.000000 1.000000 0.000000 0.000000 1.000000 0.000000 0.000000 1.000000 0.000000 0.000000 1.000000 0.000000 0.000000 1.000000 0.000000 0.000000 1.000000 0.000000 0.000000 1.000000 0.000000 0.000000 1.000000 0.000000 1.000000 0.000000 0.000000 1.000000 0.000000 0.000000 0.000000 1.000000 0.000000 0.000000 1.000000 0.000000 0.000000 1.000000 0.000000 0.000000 1.000000 0.000000 1.000000 0.000000 0.000000 1.000000 0.000000 0.000000 1.000000 0.000000 0.000000 0.000000 1.000000 0.000000 0.000000 1.000000 0.000000 1.000000 0.000000 0.000000 0.000000 1.000000 0.000000 0.000000 1.000000 0.000000 0.000000 1.000000 0.000000 0.000000 1.000000 0.000000 0.000000 1.000000 0.000000 0.000000 1.000000 0.000000 0.000000 1.000000 0.000000 0.000000 1.000000 0.000000 1.000000 0.000000 0.000000 1.000000 0.000000 0.000000 0.000000 1.000000 0.000000 0.000000 1.000000 0.000000 0.000000 1.000000 0.000000 0.000000 1.000000 0.000000 0.000000 1.000000 0.000000 0.000000 1.000000 0.000000 0.000000 0.000000 1.000000 0.000000 0.000000 1.000000 0.000000 0.000000 1.000000 0.000000 0.000000 1.000000 0.000000 1.000000 0.000000 0.000000 1.000000 0.000000 0.000000 1.000000 0.000000 0.000000 1.000000 0.000000 
						0.000000 1.000000 0.000000 0.000000 1.000000 0.000000 0.000000 1.000000 0.000000 0.000000 1.000000 0.000000 0.000000 1.000000 0.000000 0.000000 1.000000 0.000000 0.000000 1.000000 0.000000 0.000000 1.000000 0.000000 0.000000 1.000000 0.000000 0.000000 1.000000 0.000000 0.000000 1.000000 0.000000 0.000000 1.000000 0.000000 0.000000 1.000000 0.000000 0.000000 1.000000 0.000000 0.000000 1.000000 0.000000 0.000000 1.000000 0.000000 0.000000 1.000000 0.000000 0.000000 1.000000 0.000000 0.000000 1.000000 0.000000 0.000000 1.000000 0.000000 0.000000 1.000000 0.000000 0.000000 1.000000 0.000000 0.000000 1.000000 0.000000 0.000000 1.000000 0.000000 0.000000 1.000000 0.000000 0.000000 1.000000 0.000000 0.000000 1.000000 0.000000 0.000000 1.000000 0.000000 0.000000 1.000000 0.000000 0.000000 1.000000 0.000000 0.000000 1.000000 0.000000 0.000000 1.000000 0.000000 0.000000 1.000000 0.000000 0.000000 1.000000 0.000000 0.000000 1.000000 0.000000 0.000000 1.000000 0.000000 0.000000 1.000000 0.000000 0.000000 1.000000 0.000000 0.000000 1.000000 0.000000 0.000000 1.000000 0.000000 0.000000 1.000000 0.000000 0.000000 1.000000 0.000000 0.000000 1.000000 0.000000 0.000000 1.000000 0.000000 0.000000 1.000000 0.000000 0.000000 1.000000 0.000000 0.000000 1.000000 0.000000 0.000000 1.000000 0.000000 0.000000 1.000000 0.000000 0.000000 1.000000 0.000000 0.000000 1.000000 0.000000 0.000000 1.000000 0.000000 0.000000 1.000000 0.000000 0.000000 1.000000 0.000000 0.000000 1.000000 0.000000 0.000000 1.000000 0.000000 0.000000 1.000000 0.000000 0.000000 1.000000 0.000000 0.000000 1.000000 0.000000 0.000000 1.000000 0.000000 0.000000 1.000000 0.000000 1.000000 0.000000 0.000000 1.000000 0.000000 0.000000 1.000000 0.000000 0.000000 
						1.000000 0.000000 0.000000 1.000000 0.000000 0.000000 1.000000 0.000000 0.000000 1.000000 0.000000 0.000000 1.000000 0.000000 0.000000 1.000000 0.000000 0.000000 1.000000 0.000000 0.000000 1.000000 0.000000 0.000000 1.000000 0.000000 0.000000 1.000000 0.000000 0.000000 1.000000 0.000000 0.000000 1.000000 0.000000 0.000000 1.000000 0.000000 0.000000 1.000000 0.000000 0.000000 1.000000 0.000000 0.000000 1.000000 0.000000 0.000000 1.000000 0.000000 0.000000 1.000000 0.000000 0.000000 1.000000 0.000000 0.000000 1.000000 0.000000 0.000000 1.000000 0.000000 0.000000 1.000000 0.000000 0.000000 1.000000 0.000000 0.000000 1.000000 0.000000 0.000000 1.000000 0.000000 0.000000 1.000000 0.000000 0.000000 1.000000 0.000000 0.000000 1.000000 0.000000 0.000000 1.000000 0.000000 0.000000 1.000000 0.000000 0.000000 1.000000 0.000000 0.000000 1.000000 0.000000 0.000000 1.000000 0.000000 0.000000 1.000000 0.000000 0.000000 1.000000 0.000000 0.000000 1.000000 0.000000 0.000000 1.000000 0.000000 0.000000 1.000000 0.000000 0.000000 1.000000 0.000000 0.000000 1.000000 0.000000 0.000000 1.000000 0.000000 0.000000 1.000000 0.000000 0.000000 1.000000 0.000000 0.000000 1.000000 0.000000 0.000000 1.000000 0.000000 0.000000 1.000000 0.000000 0.000000 1.000000 0.000000 0.000000 1.000000 0.000000 0.000000 1.000000 0.000000 0.000000 1.000000 0.000000 0.000000 1.000000 0.000000 0.000000 1.000000 0.000000 0.000000 1.000000 0.000000 0.000000 1.000000 0.000000 0.000000 1.000000 0.000000 0.000000 1.000000 0.000000 0.000000 1.000000 0.000000 0.000000 1.000000 0.000000 0.000000 1.000000 0.000000 0.000000 1.000000 0.000000 0.000000 1.000000 0.000000 0.000000 1.000000 0.000000 0.000000 0.000000 1.000000 0.000000 0.000000 1.000000 0.000000 
						0.000000 1.000000 0.000000 0.000000 1.000000 0.000000 1.000000 0.000000 0.000000 1.000000 0.000000 0.000000 1.000000 0.000000 0.000000 1.000000 0.000000 0.000000 1.000000 0.000000 0.000000 1.000000 0.000000 0.000000 1.000000 0.000000 0.000000 1.000000 0.000000 0.000000 0.000000 1.000000 0.000000 0.000000 1.000000 0.000000 0.000000 1.000000 0.000000 0.000000 1.000000 0.000000 0.000000 0.000000 1.000000 0.000000 0.000000 1.000000 0.000000 0.000000 1.000000 0.000000 0.000000 1.000000 0.000000 1.000000 0.000000 0.000000 1.000000 0.000000 0.000000 1.000000 0.000000 0.000000 1.000000 0.000000 1.000000 0.000000 0.000000 1.000000 0.000000 0.000000 1.000000 0.000000 0.000000 1.000000 0.000000 0.000000 1.000000 0.000000 0.000000 1.000000 0.000000 0.000000 1.000000 0.000000 0.000000 1.000000 0.000000 0.000000 1.000000 0.000000 0.000000 1.000000 0.000000 0.000000 1.000000 0.000000 0.000000 1.000000 0.000000 0.000000 0.000000 1.000000 0.000000 0.000000 1.000000 0.000000 0.000000 1.000000 0.000000 0.000000 1.000000 0.000000 0.000000 0.000000 1.000000 0.000000 0.000000 1.000000 0.000000 0.000000 1.000000 0.000000 0.000000 1.000000 0.000000 0.000000 1.000000 0.000000 0.000000 1.000000 0.000000 0.000000 1.000000 0.000000 0.000000 1.000000 0.000000 0.000000 1.000000 0.000000 0.000000 1.000000 0.000000 0.000000 1.000000 0.000000 0.000000 1.000000 1.000000 0.000000 0.000000 1.000000 0.000000 0.000000 0.000000 0.000000 1.000000 0.000000 0.000000 1.000000 0.000000 0.000000 1.000000 0.000000 0.000000 1.000000 1.000000 0.000000 0.000000 1.000000 0.000000 0.000000 0.000000 1.000000 0.000000 0.000000 1.000000 0.000000 0.000000 1.000000 0.000000 0.000000 1.000000 0.000000 1.000000 0.000000 0.000000 1.000000 0.000000 0.000000 
						1.000000 0.000000 0.000000 1.000000 0.000000 0.000000 1.000000 0.000000 0.000000 1.000000 0.000000 0.000000 0.000000 1.000000 0.000000 0.000000 1.000000 0.000000 0.000000 1.000000 0.000000 0.000000 1.000000 0.000000 0.000000 1.000000 0.000000 0.000000 1.000000 0.000000 0.000000 1.000000 0.000000 0.000000 1.000000 0.000000 0.000000 1.000000 0.000000 0.000000 1.000000 0.000000 0.000000 1.000000 0.000000 0.000000 1.000000 0.000000 1.000000 0.000000 0.000000 1.000000 0.000000 0.000000 0.000000 0.000000 1.000000 0.000000 0.000000 1.000000 0.000000 0.000000 1.000000 0.000000 0.000000 1.000000 1.000000 0.000000 0.000000 1.000000 0.000000 0.000000 0.000000 1.000000 0.000000 0.000000 1.000000 0.000000 0.000000 1.000000 0.000000 0.000000 1.000000 0.000000 1.000000 0.000000 0.000000 1.000000 0.000000 0.000000 1.000000 0.000000 0.000000 1.000000 0.000000 0.000000 1.000000 0.000000 0.000000 1.000000 0.000000 0.000000 1.000000 0.000000 0.000000 1.000000 0.000000 0.000000 1.000000 0.000000 0.000000 0.000000 1.000000 0.000000 0.000000 1.000000 0.000000 0.000000 1.000000 0.000000 0.000000 1.000000 0.000000 0.000000 0.000000 1.000000 0.000000 0.000000 1.000000 0.000000 0.000000 1.000000 0.000000 0.000000 1.000000 0.000000 0.000000 1.000000 0.000000 0.000000 1.000000 0.000000 0.000000 1.000000 0.000000 0.000000 1.000000 0.000000 1.000000 0.000000 0.000000 1.000000 0.000000 0.000000 1.000000 0.000000 0.000000 1.000000 0.000000 0.000000 1.000000 0.000000 0.000000 1.000000 0.000000 0.000000 1.000000 0.000000 0.000000 1.000000 0.000000 0.000000 1.000000 0.000000 0.000000 1.000000 0.000000 0.000000 1.000000 0.000000 0.000000 1.000000 0.000000 0.000000 0.000000 1.000000 0.000000 0.000000 1.000000 0.000000 0.000000 1.000000 
						0.000000 0.000000 1.000000 1.000000 0.000000 0.000000 1.000000 0.000000 0.000000 1.000000 0.000000 0.000000 1.000000 0.000000 0.000000 1.000000 0.000000 0.000000 1.000000 0.000000 0.000000 0.000000 0.000000 1.000000 0.000000 0.000000 1.000000 0.000000 0.000000 1.000000 0.000000 0.000000 1.000000 1.000000 0.000000 0.000000 1.000000 0.000000 0.000000 1.000000 0.000000 0.000000 1.000000 0.000000 0.000000 1.000000 0.000000 0.000000 1.000000 0.000000 0.000000 1.000000 0.000000 0.000000 1.000000 0.000000 0.000000 1.000000 0.000000 0.000000 1.000000 0.000000 0.000000 1.000000 0.000000 0.000000 1.000000 0.000000 0.000000 1.000000 0.000000 0.000000 1.000000 0.000000 0.000000 1.000000 0.000000 0.000000 1.000000 0.000000 0.000000 1.000000 0.000000 0.000000 1.000000 0.000000 0.000000 1.000000 0.000000 0.000000 1.000000 0.000000 0.000000 1.000000 0.000000 0.000000 1.000000 0.000000 0.000000 1.000000 0.000000 0.000000 1.000000 0.000000 0.000000 1.000000 0.000000 0.000000 1.000000 0.000000 0.000000 1.000000 0.000000 0.000000 1.000000 0.000000 0.000000 1.000000 0.000000 0.000000 1.000000 0.000000 0.000000 1.000000 0.000000 0.000000 1.000000 0.000000 0.000000 1.000000 0.000000 0.000000 1.000000 0.000000 0.000000 1.000000 0.000000 0.000000 1.000000 0.000000 0.000000 1.000000 0.000000 0.000000 1.000000 0.000000 0.000000 1.000000 0.000000 0.000000 1.000000 0.000000 0.000000 1.000000 0.000000 0.000000 1.000000 0.000000 0.000000 1.000000 0.000000 0.000000 1.000000 0.000000 0.000000 1.000000 0.000000 0.000000 1.000000 0.000000 0.000000 1.000000 0.000000 0.000000 0.000000 0.000000 1.000000 0.000000 0.000000 1.000000 0.000000 0.000000 1.000000 0.000000 0.000000 1.000000 0.000000 0.000000 1.000000 0.000000 0.000000 1.000000 
						0.000000 0.000000 1.000000 0.000000 0.000000 1.000000 0.000000 0.000000 1.000000 0.000000 0.000000 1.000000 0.000000 0.000000 1.000000 0.000000 0.000000 1.000000 0.000000 0.000000 1.000000 0.000000 0.000000 1.000000 0.000000 0.000000 1.000000 0.000000 0.000000 1.000000 0.000000 0.000000 1.000000 0.000000 1.000000 1.000000 0.000000 1.000000 1.000000 0.000000 1.000000 1.000000 0.000000 1.000000 1.000000 0.000000 1.000000 1.000000 0.000000 1.000000 1.000000 0.000000 1.000000 1.000000 0.000000 1.000000 1.000000 0.000000 1.000000 1.000000 0.000000 1.000000 1.000000 0.000000 1.000000 1.000000 0.000000 1.000000 1.000000 0.000000 1.000000 1.000000 0.000000 1.000000 1.000000 0.000000 1.000000 1.000000 0.000000 1.000000 1.000000 0.000000 1.000000 1.000000 0.000000 1.000000 1.000000 0.000000 1.000000 1.000000 0.000000 1.000000 1.000000 0.000000 1.000000 1.000000 0.000000 1.000000 1.000000 0.000000 1.000000 1.000000 0.000000 1.000000 1.000000 0.000000 1.000000 1.000000 0.000000 1.000000 1.000000 0.000000 1.000000 1.000000 0.000000 1.000000 1.000000 0.000000 1.000000 1.000000 0.000000 1.000000 1.000000 0.000000 1.000000 1.000000 0.000000 1.000000 1.000000 0.000000 1.000000 1.000000 0.000000 1.000000 1.000000 0.000000 1.000000 1.000000 0.000000 1.000000 1.000000 0.000000 1.000000 1.000000 0.000000 1.000000 1.000000 0.000000 1.000000 1.000000 0.000000 1.000000 1.000000 0.000000 1.000000 1.000000 0.000000 1.000000 1.000000 0.000000 1.000000 1.000000 0.000000 1.000000 1.000000 0.000000 1.000000 1.000000 0.000000 1.000000 1.000000 0.000000 1.000000 1.000000 0.000000 1.000000 1.000000 0.000000 1.000000 1.000000 0.000000 1.000000 1.000000 0.000000 1.000000 1.000000 0.000000 1.000000 1.000000 0.000000 1.000000 1.000000 
						0.000000 1.000000 1.000000 0.000000 1.000000 1.000000 0.000000 1.000000 1.000000 0.000000 1.000000 1.000000 0.000000 1.000000 1.000000 0.000000 1.000000 1.000000 0.000000 1.000000 1.000000 0.000000 1.000000 1.000000 0.000000 1.000000 1.000000 0.000000 1.000000 1.000000 0.000000 1.000000 1.000000 0.000000 1.000000 1.000000 0.000000 1.000000 1.000000 0.000000 1.000000 1.000000 0.000000 1.000000 1.000000 0.000000 1.000000 1.000000 0.000000 1.000000 1.000000 0.000000 1.000000 1.000000 0.000000 1.000000 1.000000 0.000000 1.000000 1.000000 0.000000 1.000000 1.000000 0.000000 1.000000 1.000000 0.000000 1.000000 1.000000 0.000000 1.000000 1.000000 0.000000 1.000000 1.000000 0.000000 1.000000 1.000000 0.000000 1.000000 1.000000 0.000000 1.000000 1.000000 0.000000 1.000000 1.000000 0.000000 1.000000 1.000000 0.000000 1.000000 1.000000 0.000000 1.000000 1.000000 0.000000 1.000000 1.000000 0.000000 1.000000 1.000000 0.000000 1.000000 1.000000 0.000000 1.000000 1.000000 0.000000 1.000000 1.000000 0.000000 1.000000 1.000000 0.000000 1.000000 1.000000 0.000000 1.000000 1.000000 0.000000 1.000000 1.000000 0.000000 1.000000 1.000000 0.000000 1.000000 1.000000 0.000000 1.000000 1.000000 0.000000 1.000000 1.000000 0.000000 1.000000 1.000000 0.000000 1.000000 1.000000 0.000000 1.000000 1.000000 0.000000 1.000000 1.000000 0.000000 1.000000 1.000000 0.000000 1.000000 1.000000 0.000000 1.000000 1.000000 0.000000 1.000000 1.000000 0.000000 1.000000 1.000000 0.000000 1.000000 1.000000 0.000000 1.000000 1.000000 0.000000 1.000000 1.000000 0.000000 1.000000 1.000000 0.000000 1.000000 1.000000 0.000000 1.000000 1.000000 0.000000 1.000000 1.000000 0.000000 1.000000 1.000000 0.000000 1.000000 1.000000 0.000000 1.000000 1.000000 
						0.000000 1.000000 1.000000 0.000000 1.000000 1.000000 0.000000 1.000000 1.000000 0.000000 1.000000 1.000000 0.000000 1.000000 1.000000 0.000000 1.000000 1.000000 0.000000 1.000000 1.000000 0.000000 1.000000 1.000000 0.000000 1.000000 1.000000 0.000000 1.000000 1.000000 0.000000 1.000000 1.000000 0.000000 1.000000 1.000000 0.000000 1.000000 1.000000 0.000000 1.000000 1.000000 0.000000 1.000000 1.000000 0.000000 1.000000 1.000000 0.000000 1.000000 1.000000 0.000000 1.000000 1.000000 0.000000 1.000000 1.000000 0.000000 1.000000 1.000000 0.000000 1.000000 1.000000 0.000000 1.000000 1.000000 0.000000 1.000000 1.000000 0.000000 1.000000 1.000000 0.000000 1.000000 1.000000 0.000000 1.000000 1.000000 0.000000 1.000000 1.000000 0.000000 1.000000 1.000000 0.000000 1.000000 1.000000 0.000000 1.000000 1.000000 0.000000 1.000000 1.000000 0.000000 1.000000 1.000000 0.000000 1.000000 1.000000 0.000000 1.000000 1.000000 0.000000 1.000000 1.000000 0.000000 1.000000 1.000000 0.000000 1.000000 1.000000 0.000000 1.000000 1.000000 0.000000 1.000000 1.000000 0.000000 1.000000 1.000000 0.000000 1.000000 1.000000 0.000000 1.000000 1.000000 0.000000 1.000000 1.000000 0.000000 1.000000 1.000000 0.000000 1.000000 1.000000 0.000000 1.000000 1.000000 0.000000 1.000000 1.000000 0.000000 1.000000 1.000000 0.000000 1.000000 1.000000 0.000000 1.000000 1.000000 0.000000 1.000000 1.000000 0.000000 1.000000 1.000000 0.000000 1.000000 1.000000 1.000000 0.000000 0.000000 1.000000 0.000000 0.000000 1.000000 0.000000 0.000000 1.000000 0.000000 0.000000 1.000000 0.000000 0.000000 1.000000 0.000000 0.000000 1.000000 0.000000 0.000000 1.000000 0.000000 0.000000 1.000000 0.000000 0.000000 1.000000 0.000000 0.000000 1.000000 0.000000 0.000000 
						1.000000 0.000000 0.000000 1.000000 0.000000 0.000000 1.000000 0.000000 0.000000 1.000000 0.000000 0.000000 1.000000 0.000000 0.000000 1.000000 0.000000 0.000000 1.000000 0.000000 0.000000 1.000000 0.000000 0.000000 1.000000 0.000000 0.000000 1.000000 0.000000 0.000000 1.000000 0.000000 0.000000 1.000000 0.000000 0.000000 1.000000 0.000000 0.000000 1.000000 0.000000 0.000000 1.000000 0.000000 0.000000 1.000000 0.000000 0.000000 1.000000 0.000000 0.000000 1.000000 0.000000 0.000000 1.000000 0.000000 0.000000 1.000000 0.000000 0.000000 1.000000 0.000000 0.000000 1.000000 0.000000 0.000000 1.000000 0.000000 0.000000 1.000000 0.000000 0.000000 1.000000 0.000000 0.000000 1.000000 0.000000 0.000000 1.000000 0.000000 0.000000 1.000000 0.000000 0.000000 1.000000 0.000000 0.000000 1.000000 0.000000 0.000000 1.000000 0.000000 0.000000 1.000000 0.000000 0.000000 1.000000 0.000000 0.000000 1.000000 0.000000 0.000000 0.000000 0.000000 1.000000 0.000000 0.000000 1.000000 0.000000 0.000000 1.000000 1.000000 0.000000 0.000000 1.000000 0.000000 0.000000 0.000000 0.000000 1.000000 0.000000 0.000000 1.000000 0.000000 0.000000 1.000000 0.000000 0.000000 1.000000 1.000000 0.000000 0.000000 1.000000 0.000000 0.000000 1.000000 0.000000 0.000000 1.000000 0.000000 0.000000 0.000000 0.000000 1.000000 0.000000 0.000000 1.000000 1.000000 0.000000 0.000000 1.000000 0.000000 0.000000 0.000000 1.000000 0.000000 0.000000 1.000000 0.000000 0.000000 1.000000 0.000000 0.000000 1.000000 0.000000 0.000000 1.000000 0.000000 0.000000 1.000000 0.000000 0.000000 1.000000 0.000000 0.000000 1.000000 0.000000 0.000000 1.000000 0.000000 0.000000 1.000000 0.000000 1.000000 0.000000 0.000000 1.000000 0.000000 0.000000 1.000000 0.000000 0.000000 
						1.000000 0.000000 0.000000 1.000000 0.000000 0.000000 1.000000 0.000000 0.000000 1.000000 0.000000 0.000000 1.000000 0.000000 0.000000 1.000000 0.000000 0.000000 1.000000 0.000000 0.000000 1.000000 0.000000 0.000000 1.000000 0.000000 0.000000 1.000000 0.000000 0.000000 1.000000 0.000000 0.000000 1.000000 0.000000 0.000000 1.000000 0.000000 0.000000 1.000000 0.000000 0.000000 1.000000 0.000000 0.000000 1.000000 0.000000 0.000000 1.000000 0.000000 0.000000 1.000000 0.000000 0.000000 1.000000 0.000000 0.000000 1.000000 0.000000 0.000000 1.000000 0.000000 0.000000 1.000000 0.000000 0.000000 1.000000 0.000000 0.000000 1.000000 0.000000 0.000000 1.000000 0.000000 0.000000 0.000000 1.000000 0.000000 0.000000 1.000000 0.000000 0.000000 1.000000 0.000000 0.000000 1.000000 0.000000 0.000000 1.000000 0.000000 0.000000 1.000000 0.000000 0.000000 1.000000 0.000000 0.000000 1.000000 0.000000 0.000000 1.000000 0.000000 0.000000 1.000000 0.000000 0.000000 1.000000 0.000000 0.000000 1.000000 0.000000 0.000000 1.000000 0.000000 0.000000 1.000000 0.000000 0.000000 1.000000 0.000000 0.000000 1.000000 0.000000 0.000000 1.000000 0.000000 0.000000 1.000000 0.000000 0.000000 1.000000 0.000000 0.000000 1.000000 0.000000 0.000000 1.000000 0.000000 0.000000 1.000000 0.000000 0.000000 1.000000 0.000000 0.000000 1.000000 0.000000 0.000000 1.000000 0.000000 0.000000 1.000000 0.000000 0.000000 1.000000 0.000000 0.000000 1.000000 0.000000 0.000000 1.000000 0.000000 0.000000 1.000000 0.000000 0.000000 1.000000 0.000000 0.000000 0.000000 1.000000 0.000000 0.000000 1.000000 0.000000 0.000000 1.000000 0.000000 1.000000 0.000000 0.000000 1.000000 0.000000 0.000000 1.000000 0.000000 0.000000 1.000000 0.000000 0.000000 1.000000 0.000000 
						0.000000 1.000000 0.000000 0.000000 1.000000 0.000000 0.000000 1.000000 0.000000 0.000000 1.000000 0.000000 0.000000 1.000000 0.000000 0.000000 1.000000 0.000000 0.000000 1.000000 0.000000 0.000000 1.000000 0.000000 0.000000 1.000000 0.000000 0.000000 1.000000 0.000000 0.000000 1.000000 0.000000 0.000000 1.000000 0.000000 0.000000 1.000000 0.000000 0.000000 1.000000 0.000000 0.000000 1.000000 0.000000 0.000000 1.000000 0.000000 0.000000 1.000000 0.000000 0.000000 1.000000 0.000000 0.000000 1.000000 0.000000 0.000000 1.000000 0.000000 0.000000 1.000000 0.000000 0.000000 1.000000 0.000000 0.000000 1.000000 0.000000 0.000000 1.000000 0.000000 0.000000 1.000000 0.000000 0.000000 1.000000 0.000000 0.000000 1.000000 0.000000 0.000000 1.000000 0.000000 0.000000 1.000000 0.000000 0.000000 1.000000 0.000000 0.000000 1.000000 0.000000 0.000000 1.000000 0.000000 0.000000 1.000000 0.000000 0.000000 1.000000 0.000000 0.000000 1.000000 0.000000 0.000000 1.000000 0.000000 0.000000 1.000000 0.000000 0.000000 1.000000 0.000000 0.000000 1.000000 0.000000 0.000000 1.000000 0.000000 0.000000 1.000000 0.000000 0.000000 1.000000 0.000000 0.000000 1.000000 0.000000 0.000000 1.000000 0.000000 0.000000 1.000000 0.000000 0.000000 1.000000 0.000000 0.000000 1.000000 0.000000 0.000000 1.000000 0.000000 0.000000 1.000000 0.000000 0.000000 1.000000 0.000000 0.000000 1.000000 0.000000 0.000000 1.000000 0.000000 0.000000 1.000000 0.000000 0.000000 1.000000 0.000000 0.000000 1.000000 0.000000 0.000000 1.000000 0.000000 0.000000 1.000000 0.000000 0.000000 1.000000 0.000000 0.000000 1.000000 0.000000 0.000000 1.000000 0.000000 1.000000 0.000000 0.000000 1.000000 0.000000 0.000000 1.000000 0.000000 0.000000 1.000000 0.000000 0.000000 
						1.000000 0.000000 0.000000 1.000000 0.000000 0.000000 1.000000 0.000000 0.000000 1.000000 0.000000 0.000000 1.000000 0.000000 0.000000 1.000000 0.000000 0.000000 1.000000 0.000000 0.000000 1.000000 0.000000 0.000000 1.000000 0.000000 0.000000 1.000000 0.000000 0.000000 1.000000 0.000000 0.000000 1.000000 0.000000 0.000000 1.000000 0.000000 0.000000 1.000000 0.000000 0.000000 1.000000 0.000000 0.000000 1.000000 0.000000 0.000000 1.000000 0.000000 0.000000 1.000000 0.000000 0.000000 
					</float_array>
					<technique_common>
						<accessor count="2706" offset="0" source="#meshId0-color0-array" stride="3">
							<param name="R" type="float" />
							<param name="G" type="float" />
							<param name="B" type="float" />
						</accessor>
					</technique_common>
				</source>
				<vertices id="meshId0-vertices">
					<input semantic="POSITION" source="#meshId0-positions" />
				</vertices>
				<polylist count="2136" material="defaultMaterial">
					<input offset="0" semantic="VERTEX" source="#meshId0-vertices" />
					<input offset="0" semantic="NORMAL" source="#meshId0-normals" />
					<input offset="0" semantic="TANGENT" source="#meshId0-tangents" />
					<input offset="0" semantic="BINORMAL" source="#meshId0-bitangents" />
					<input offset="0" semantic="TEXCOORD" source="#meshId0-tex0" set="0" />
					<input offset="0" semantic="COLOR" source="#meshId0-color0" set="0" />
					<vcount>
						3 3 3 3 3 3 3 3 3 3 3 3 3 3 3 3 3 3 3 3 3 3 3 3 3 3 3 3 3 3 3 3 3 3 3 3 3 3 3 3 3 3 3 3 3 3 3 3 3 3 3 3 3 3 3 3 3 3 3 3 3 3 3 3 
						3 3 3 3 3 3 3 3 3 3 3 3 3 3 3 3 3 3 3 3 3 3 3 3 3 3 3 3 3 3 3 3 3 3 3 3 3 3 3 3 3 3 3 3 3 3 3 3 3 3 3 3 3 3 3 3 3 3 3 3 3 3 3 3 
						3 3 3 3 3 3 3 3 3 3 3 3 3 3 3 3 3 3 3 3 3 3 3 3 3 3 3 3 3 3 3 3 3 3 3 3 3 3 3 3 3 3 3 3 3 3 3 3 3 3 3 3 3 3 3 3 3 3 3 3 3 3 3 3 
						3 3 3 3 3 3 3 3 3 3 3 3 3 3 3 3 3 3 3 3 3 3 3 3 3 3 3 3 3 3 3 3 3 3 3 3 3 3 3 3 3 3 3 3 3 3 3 3 3 3 3 3 3 3 3 3 3 3 3 3 3 3 3 3 
						3 3 3 3 3 3 3 3 3 3 3 3 3 3 3 3 3 3 3 3 3 3 3 3 3 3 3 3 3 3 3 3 3 3 3 3 3 3 3 3 3 3 3 3 3 3 3 3 3 3 3 3 3 3 3 3 3 3 3 3 3 3 3 3 
						3 3 3 3 3 3 3 3 3 3 3 3 3 3 3 3 3 3 3 3 3 3 3 3 3 3 3 3 3 3 3 3 3 3 3 3 3 3 3 3 3 3 3 3 3 3 3 3 3 3 3 3 3 3 3 3 3 3 3 3 3 3 3 3 
						3 3 3 3 3 3 3 3 3 3 3 3 3 3 3 3 3 3 3 3 3 3 3 3 3 3 3 3 3 3 3 3 3 3 3 3 3 3 3 3 3 3 3 3 3 3 3 3 3 3 3 3 3 3 3 3 3 3 3 3 3 3 3 3 
						3 3 3 3 3 3 3 3 3 3 3 3 3 3 3 3 3 3 3 3 3 3 3 3 3 3 3 3 3 3 3 3 3 3 3 3 3 3 3 3 3 3 3 3 3 3 3 3 3 3 3 3 3 3 3 3 3 3 3 3 3 3 3 3 
						3 3 3 3 3 3 3 3 3 3 3 3 3 3 3 3 3 3 3 3 3 3 3 3 3 3 3 3 3 3 3 3 3 3 3 3 3 3 3 3 3 3 3 3 3 3 3 3 3 3 3 3 3 3 3 3 3 3 3 3 3 3 3 3 
						3 3 3 3 3 3 3 3 3 3 3 3 3 3 3 3 3 3 3 3 3 3 3 3 3 3 3 3 3 3 3 3 3 3 3 3 3 3 3 3 3 3 3 3 3 3 3 3 3 3 3 3 3 3 3 3 3 3 3 3 3 3 3 3 
						3 3 3 3 3 3 3 3 3 3 3 3 3 3 3 3 3 3 3 3 3 3 3 3 3 3 3 3 3 3 3 3 3 3 3 3 3 3 3 3 3 3 3 3 3 3 3 3 3 3 3 3 3 3 3 3 3 3 3 3 3 3 3 3 
						3 3 3 3 3 3 3 3 3 3 3 3 3 3 3 3 3 3 3 3 3 3 3 3 3 3 3 3 3 3 3 3 3 3 3 3 3 3 3 3 3 3 3 3 3 3 3 3 3 3 3 3 3 3 3 3 3 3 3 3 3 3 3 3 
						3 3 3 3 3 3 3 3 3 3 3 3 3 3 3 3 3 3 3 3 3 3 3 3 3 3 3 3 3 3 3 3 3 3 3 3 3 3 3 3 3 3 3 3 3 3 3 3 3 3 3 3 3 3 3 3 3 3 3 3 3 3 3 3 
						3 3 3 3 3 3 3 3 3 3 3 3 3 3 3 3 3 3 3 3 3 3 3 3 3 3 3 3 3 3 3 3 3 3 3 3 3 3 3 3 3 3 3 3 3 3 3 3 3 3 3 3 3 3 3 3 3 3 3 3 3 3 3 3 
						3 3 3 3 3 3 3 3 3 3 3 3 3 3 3 3 3 3 3 3 3 3 3 3 3 3 3 3 3 3 3 3 3 3 3 3 3 3 3 3 3 3 3 3 3 3 3 3 3 3 3 3 3 3 3 3 3 3 3 3 3 3 3 3 
						3 3 3 3 3 3 3 3 3 3 3 3 3 3 3 3 3 3 3 3 3 3 3 3 3 3 3 3 3 3 3 3 3 3 3 3 3 3 3 3 3 3 3 3 3 3 3 3 3 3 3 3 3 3 3 3 3 3 3 3 3 3 3 3 
						3 3 3 3 3 3 3 3 3 3 3 3 3 3 3 3 3 3 3 3 3 3 3 3 3 3 3 3 3 3 3 3 3 3 3 3 3 3 3 3 3 3 3 3 3 3 3 3 3 3 3 3 3 3 3 3 3 3 3 3 3 3 3 3 
						3 3 3 3 3 3 3 3 3 3 3 3 3 3 3 3 3 3 3 3 3 3 3 3 3 3 3 3 3 3 3 3 3 3 3 3 3 3 3 3 3 3 3 3 3 3 3 3 3 3 3 3 3 3 3 3 3 3 3 3 3 3 3 3 
						3 3 3 3 3 3 3 3 3 3 3 3 3 3 3 3 3 3 3 3 3 3 3 3 3 3 3 3 3 3 3 3 3 3 3 3 3 3 3 3 3 3 3 3 3 3 3 3 3 3 3 3 3 3 3 3 3 3 3 3 3 3 3 3 
						3 3 3 3 3 3 3 3 3 3 3 3 3 3 3 3 3 3 3 3 3 3 3 3 3 3 3 3 3 3 3 3 3 3 3 3 3 3 3 3 3 3 3 3 3 3 3 3 3 3 3 3 3 3 3 3 3 3 3 3 3 3 3 3 
						3 3 3 3 3 3 3 3 3 3 3 3 3 3 3 3 3 3 3 3 3 3 3 3 3 3 3 3 3 3 3 3 3 3 3 3 3 3 3 3 3 3 3 3 3 3 3 3 3 3 3 3 3 3 3 3 3 3 3 3 3 3 3 3 
						3 3 3 3 3 3 3 3 3 3 3 3 3 3 3 3 3 3 3 3 3 3 3 3 3 3 3 3 3 3 3 3 3 3 3 3 3 3 3 3 3 3 3 3 3 3 3 3 3 3 3 3 3 3 3 3 3 3 3 3 3 3 3 3 
						3 3 3 3 3 3 3 3 3 3 3 3 3 3 3 3 3 3 3 3 3 3 3 3 3 3 3 3 3 3 3 3 3 3 3 3 3 3 3 3 3 3 3 3 3 3 3 3 3 3 3 3 3 3 3 3 3 3 3 3 3 3 3 3 
						3 3 3 3 3 3 3 3 3 3 3 3 3 3 3 3 3 3 3 3 3 3 3 3 3 3 3 3 3 3 3 3 3 3 3 3 3 3 3 3 3 3 3 3 3 3 3 3 3 3 3 3 3 3 3 3 3 3 3 3 3 3 3 3 
						3 3 3 3 3 3 3 3 3 3 3 3 3 3 3 3 3 3 3 3 3 3 3 3 3 3 3 3 3 3 3 3 3 3 3 3 3 3 3 3 3 3 3 3 3 3 3 3 3 3 3 3 3 3 3 3 3 3 3 3 3 3 3 3 
						3 3 3 3 3 3 3 3 3 3 3 3 3 3 3 3 3 3 3 3 3 3 3 3 3 3 3 3 3 3 3 3 3 3 3 3 3 3 3 3 3 3 3 3 3 3 3 3 3 3 3 3 3 3 3 3 3 3 3 3 3 3 3 3 
						3 3 3 3 3 3 3 3 3 3 3 3 3 3 3 3 3 3 3 3 3 3 3 3 3 3 3 3 3 3 3 3 3 3 3 3 3 3 3 3 3 3 3 3 3 3 3 3 3 3 3 3 3 3 3 3 3 3 3 3 3 3 3 3 
						3 3 3 3 3 3 3 3 3 3 3 3 3 3 3 3 3 3 3 3 3 3 3 3 3 3 3 3 3 3 3 3 3 3 3 3 3 3 3 3 3 3 3 3 3 3 3 3 3 3 3 3 3 3 3 3 3 3 3 3 3 3 3 3 
						3 3 3 3 3 3 3 3 3 3 3 3 3 3 3 3 3 3 3 3 3 3 3 3 3 3 3 3 3 3 3 3 3 3 3 3 3 3 3 3 3 3 3 3 3 3 3 3 3 3 3 3 3 3 3 3 3 3 3 3 3 3 3 3 
						3 3 3 3 3 3 3 3 3 3 3 3 3 3 3 3 3 3 3 3 3 3 3 3 3 3 3 3 3 3 3 3 3 3 3 3 3 3 3 3 3 3 3 3 3 3 3 3 3 3 3 3 3 3 3 3 3 3 3 3 3 3 3 3 
						3 3 3 3 3 3 3 3 3 3 3 3 3 3 3 3 3 3 3 3 3 3 3 3 3 3 3 3 3 3 3 3 3 3 3 3 3 3 3 3 3 3 3 3 3 3 3 3 3 3 3 3 3 3 3 3 3 3 3 3 3 3 3 3 
						3 3 3 3 3 3 3 3 3 3 3 3 3 3 3 3 3 3 3 3 3 3 3 3 3 3 3 3 3 3 3 3 3 3 3 3 3 3 3 3 3 3 3 3 3 3 3 3 3 3 3 3 3 3 3 3 3 3 3 3 3 3 3 3 
						3 3 3 3 3 3 3 3 3 3 3 3 3 3 3 3 3 3 3 3 3 3 3 3 3 3 3 3 3 3 3 3 3 3 3 3 3 3 3 3 3 3 3 3 3 3 3 3 3 3 3 3 3 3 3 3 3 3 3 3 3 3 3 3 
						3 3 3 3 3 3 3 3 3 3 3 3 3 3 3 3 3 3 3 3 3 3 3 3 
					</vcount>
					<p>
						3 0 1 1 2 3 7 4 5 5 6 7 11 8 9 9 10 11 12 13 14 18 15 16 16 17 18 22 19 20 20 21 22 26 23 24 24 25 26 30 27 28 28 29 30 34 31 32 32 33 34 38 35 36 36 37 38 42 39 40 40 41 42 46 43 44 44 45 46 50 47 48 48 49 50 54 51 52 52 53 54 58 55 56 56 57 58 62 59 60 60 61 62 66 63 64 64 65 66 39 67 68 68 40 39 70 69 19 19 22 70 8 71 72 72 9 8 76 73 74 74 75 76 0 77 78 78 1 0 82 79 80 80 81 82 86 83 84 84 85 86 90 87 88 88 89 90 94 91 92 92 93 94 98 95 96 96 97 98 102 99 100 100 101 102 104 38 37 37 103 104 108 105 106 106 107 108 112 109 110 110 111 112 37 36 113 113 114 37 118 115 116 
						116 117 118 122 119 120 120 121 122 126 123 124 124 125 126 130 127 128 128 129 130 134 131 132 132 133 134 138 135 136 136 137 138 142 139 140 140 141 142 146 143 144 144 145 146 150 147 148 148 149 150 154 151 152 152 153 154 158 155 156 156 157 158 160 142 141 141 159 160 164 161 162 162 163 164 168 165 166 166 167 168 172 169 170 170 171 172 176 173 174 174 175 176 180 177 178 178 179 180 184 181 182 182 183 184 188 185 186 186 187 188 178 189 190 190 179 178 194 191 192 192 193 194 196 195 161 161 164 196 198 197 71 71 8 198 200 199 31 31 34 200 201 198 8 8 11 201 108 107 181 181 184 108 203 202 177 177 180 203 207 204 205 205 206 207 169 208 209 209 170 169 165 210 211 211 166 165 139 212 213 213 140 139 217 214 215 215 216 217 220 49 218 
						218 219 220 77 221 222 222 78 77 71 223 224 224 72 71 49 48 225 225 218 49 75 74 4 4 7 75 228 226 227 227 67 228 230 229 151 151 154 230 231 228 67 67 39 231 232 231 39 39 42 232 234 233 15 15 18 234 238 235 236 236 237 238 242 239 240 240 241 242 246 243 244 244 245 246 250 247 248 248 249 250 254 251 252 252 253 254 258 255 256 256 257 258 96 95 259 259 260 96 262 215 214 214 261 262 127 263 264 264 128 127 36 265 266 266 113 36 269 267 268 268 110 269 35 270 265 265 36 35 48 271 272 272 225 48 51 273 274 274 52 51 47 275 271 271 48 47 27 276 277 277 28 27 280 278 279 279 173 280 282 281 191 191 194 282 283 280 173 173 176 283 284 135 138 286 285 99 99 102 286 288 287 83 83 86 288 174 289 290 290 291 174 
						173 292 289 289 174 173 279 293 292 292 173 279 297 294 295 295 296 297 301 298 299 299 300 301 305 302 303 303 304 305 309 306 307 307 308 309 311 309 308 308 310 311 306 312 313 313 307 306 315 311 310 310 314 315 317 315 314 314 316 317 319 317 316 316 318 319 321 319 318 318 320 321 323 321 320 320 322 323 325 323 322 322 324 325 327 325 324 324 326 327 329 327 326 326 328 329 331 329 328 328 330 331 335 332 333 333 334 335 337 335 334 334 336 337 339 337 336 336 338 339 312 339 338 338 313 312 343 340 341 341 342 343 340 344 345 345 341 340 344 346 347 347 345 344 351 348 349 349 350 351 348 352 353 353 349 348 352 354 355 355 353 352 354 356 357 357 355 354 356 358 359 359 357 356 358 360 361 361 359 358 360 362 363 363 361 360 362 364 365 365 363 362 
						364 366 367 367 365 364 366 368 369 369 367 366 368 370 371 371 369 368 373 343 342 342 372 373 377 374 375 375 376 377 379 378 374 374 377 379 381 380 378 378 379 381 383 382 380 380 381 383 387 384 385 385 386 387 389 388 384 384 387 389 391 390 388 388 389 391 393 392 390 390 391 393 395 394 392 392 393 395 397 396 394 394 395 397 399 398 396 396 397 399 401 400 398 398 399 401 403 402 400 400 401 403 405 404 402 402 403 405 407 406 404 404 405 407 376 375 406 406 407 376 411 408 409 409 410 411 415 412 413 413 414 415 410 409 416 416 417 410 414 413 418 418 419 414 417 416 420 420 421 417 419 418 422 422 423 419 421 420 424 424 425 421 423 422 426 426 427 423 425 424 428 428 429 425 427 426 430 430 431 427 429 428 432 432 433 429 431 430 434 434 435 431 
						433 432 436 436 437 433 435 434 438 438 439 435 437 436 440 440 441 437 439 438 442 442 443 439 441 440 444 444 445 441 443 442 446 446 447 443 445 444 448 448 449 445 447 446 450 450 451 447 449 448 452 452 453 449 451 450 454 454 455 451 453 452 456 456 457 453 455 454 458 458 459 455 463 460 461 461 462 463 467 464 465 465 466 467 462 461 468 468 469 462 466 465 470 470 471 466 469 468 472 472 473 469 471 470 474 474 475 471 473 472 408 408 411 473 475 474 412 412 415 475 370 373 372 372 371 370 479 476 477 477 478 479 478 477 480 480 481 478 481 480 476 476 479 481 484 482 69 69 483 484 483 69 70 70 485 483 485 70 486 486 487 485 487 486 482 482 484 487 488 489 490 494 491 492 492 493 494 498 495 496 496 497 498 502 499 500 500 501 502 506 503 504 
						504 505 506 510 507 508 508 509 510 514 511 512 512 513 514 518 515 516 516 517 518 522 519 520 520 521 522 523 524 525 527 526 51 51 54 527 531 528 529 529 530 531 535 532 533 533 534 535 524 523 536 536 537 524 539 538 77 77 0 539 541 540 119 119 122 541 545 542 543 543 544 545 549 546 547 547 548 549 553 550 551 551 552 553 526 554 273 273 51 526 558 555 556 556 557 558 532 559 560 560 533 532 538 561 221 221 77 538 563 562 550 550 553 563 567 564 565 565 566 567 569 567 566 566 568 569 564 570 571 571 565 564 572 539 0 0 3 572 574 573 23 23 26 574 578 575 576 576 577 578 557 556 579 579 580 557 584 581 582 582 583 584 565 571 212 212 139 565 588 585 586 586 587 588 589 590 591 131 531 530 530 132 131 593 592 526 526 527 593 597 594 595 
						595 596 597 599 598 538 538 539 599 600 599 539 539 572 600 602 601 540 540 541 602 544 543 143 143 146 544 147 549 548 548 148 147 151 553 552 552 152 151 592 603 554 554 526 592 607 604 605 605 606 607 611 608 609 609 610 611 598 612 561 561 538 598 229 563 553 553 151 229 614 613 573 573 574 614 618 615 616 616 617 618 622 619 620 620 621 622 624 623 525 525 284 624 625 624 284 284 138 625 623 626 523 523 525 623 630 627 628 628 629 630 634 631 632 632 633 634 638 635 636 636 637 638 642 639 640 640 641 642 646 643 644 644 645 646 650 647 648 648 649 650 654 651 652 652 653 654 658 655 656 656 657 658 662 659 660 660 661 662 663 664 665 669 666 667 667 668 669 591 590 670 670 671 591 665 664 672 672 673 665 677 674 675 675 676 677 681 678 679 679 680 681 
						685 682 683 683 684 685 686 687 688 692 689 690 690 691 692 620 693 621 697 694 695 695 696 697 699 698 694 694 697 699 701 700 698 698 699 701 696 695 700 700 701 696 705 702 703 703 704 705 709 706 707 707 708 709 713 710 711 711 712 713 717 714 715 715 716 717 721 718 719 719 720 721 725 722 723 723 724 725 729 726 727 727 728 729 730 731 732 736 733 734 734 735 736 740 737 738 738 739 740 744 741 742 742 743 744 748 745 746 746 747 748 752 749 750 750 751 752 756 753 754 754 755 756 760 757 758 758 759 760 764 761 762 762 763 764 768 765 766 766 767 768 772 769 770 770 771 772 776 773 774 774 775 776 780 777 778 778 779 780 784 781 782 782 783 784 786 785 757 757 760 786 737 787 788 788 738 737 790 789 726 726 729 790 794 791 792 792 793 794 796 795 718 
						718 721 796 800 797 798 798 799 800 804 801 802 802 803 804 808 805 806 806 807 808 812 809 810 810 811 812 816 813 814 814 815 816 820 817 818 818 819 820 755 754 821 821 822 755 826 823 824 824 825 826 830 827 828 828 829 830 832 756 755 755 831 832 836 833 834 834 835 836 840 837 838 838 839 840 844 841 842 842 843 844 128 845 846 846 129 128 848 847 134 134 133 848 850 849 138 138 137 850 140 851 852 852 141 140 144 853 854 854 145 144 856 855 150 150 149 856 858 857 154 154 153 858 862 859 860 860 861 862 141 852 863 863 159 141 865 864 164 164 163 865 869 866 867 867 868 869 873 870 871 871 872 873 877 874 875 875 876 877 881 878 879 879 880 881 885 882 883 883 884 885 889 886 887 887 888 889 891 890 881 881 880 891 895 892 893 893 894 895 864 896 196 
						196 164 864 789 897 898 898 726 789 749 899 900 900 750 749 726 898 901 901 727 726 882 825 824 824 883 882 878 902 903 903 879 878 907 904 905 905 906 907 909 908 870 870 873 909 911 910 866 866 869 911 213 912 851 851 140 213 916 913 914 914 915 916 919 767 917 917 918 919 921 920 795 795 796 921 923 922 789 789 790 923 924 768 767 767 919 924 722 794 793 793 723 722 927 925 926 926 785 927 857 928 230 230 154 857 785 926 929 929 757 785 757 929 930 930 758 757 733 931 932 932 734 733 936 933 934 934 935 936 940 937 938 938 939 940 944 941 942 942 943 944 948 945 946 946 947 948 952 949 950 950 951 952 956 953 954 954 955 956 958 813 816 816 957 958 913 916 959 959 960 913 264 961 845 845 128 264 963 962 756 756 832 963 966 964 965 965 830 966 962 967 753 
						753 756 962 969 968 768 768 924 969 971 970 769 769 772 971 968 972 765 765 768 968 975 973 745 745 974 975 978 976 977 977 874 978 892 979 980 980 893 892 874 977 981 981 875 874 982 138 849 817 983 984 984 818 817 801 985 986 986 802 801 989 987 877 877 988 989 987 990 874 874 877 987 990 991 978 978 874 990 995 992 993 993 994 995 999 996 997 997 998 999 1003 1000 1001 1001 1002 1003 1007 1004 1005 1005 1006 1007 1006 1005 1008 1008 1009 1006 1011 1010 1004 1004 1007 1011 1009 1008 1012 1012 1013 1009 1013 1012 1014 1014 1015 1013 1015 1014 1016 1016 1017 1015 1017 1016 1018 1018 1019 1017 1019 1018 1020 1020 1021 1019 1021 1020 1022 1022 1023 1021 1023 1022 1024 1024 1025 1023 1025 1024 1026 1026 1027 1025 1027 1026 1028 1028 1029 1027 1033 1030 1031 1031 1032 1033 1032 1031 1034 1034 1035 1032 1035 1034 1036 1036 1037 1035 1037 1036 1010 1010 1011 1037 
						1041 1038 1039 1039 1040 1041 1043 1042 1038 1038 1041 1043 1045 1044 1042 1042 1043 1045 1049 1046 1047 1047 1048 1049 1051 1050 1046 1046 1049 1051 1053 1052 1050 1050 1051 1053 1055 1054 1052 1052 1053 1055 1057 1056 1054 1054 1055 1057 1059 1058 1056 1056 1057 1059 1061 1060 1058 1058 1059 1061 1063 1062 1060 1060 1061 1063 1065 1064 1062 1062 1063 1065 1067 1066 1064 1064 1065 1067 1069 1068 1066 1066 1067 1069 1040 1039 1070 1070 1071 1040 1075 1072 1073 1073 1074 1075 1072 1076 1077 1077 1073 1072 1076 1078 1079 1079 1077 1076 1078 1080 1081 1081 1079 1078 1085 1082 1083 1083 1084 1085 1082 1086 1087 1087 1083 1082 1086 1088 1089 1089 1087 1086 1088 1090 1091 1091 1089 1088 1090 1092 1093 1093 1091 1090 1092 1094 1095 1095 1093 1092 1094 1096 1097 1097 1095 1094 1096 1098 1099 1099 1097 1096 1098 1100 1101 1101 1099 1098 1100 1102 1103 1103 1101 1100 1102 1104 1105 1105 1103 1102 1104 1075 1074 1074 1105 1104 1109 1106 1107 1107 1108 1109 
						1113 1110 1111 1111 1112 1113 1115 1109 1108 1108 1114 1115 1117 1113 1112 1112 1116 1117 1119 1115 1114 1114 1118 1119 1121 1117 1116 1116 1120 1121 1123 1119 1118 1118 1122 1123 1125 1121 1120 1120 1124 1125 1127 1123 1122 1122 1126 1127 1129 1125 1124 1124 1128 1129 1131 1127 1126 1126 1130 1131 1133 1129 1128 1128 1132 1133 1135 1131 1130 1130 1134 1135 1137 1133 1132 1132 1136 1137 1139 1135 1134 1134 1138 1139 1141 1137 1136 1136 1140 1141 1143 1139 1138 1138 1142 1143 1145 1141 1140 1140 1144 1145 1147 1143 1142 1142 1146 1147 1149 1145 1144 1144 1148 1149 1151 1147 1146 1146 1150 1151 1153 1149 1148 1148 1152 1153 1155 1151 1150 1150 1154 1155 1157 1153 1152 1152 1156 1157 1161 1158 1159 1159 1160 1161 1165 1162 1163 1163 1164 1165 1167 1161 1160 1160 1166 1167 1169 1165 1164 1164 1168 1169 1171 1167 1166 1166 1170 1171 1173 1169 1168 1168 1172 1173 1106 1171 1170 1170 1107 1106 1110 1173 1172 1172 1111 1110 1071 1070 1068 1068 1069 1071 
						1177 1174 1175 1175 1176 1177 1179 1177 1176 1176 1178 1179 1174 1179 1178 1178 1175 1174 787 1180 1181 1181 1182 787 788 787 1182 1182 1183 788 1185 788 1183 1183 1184 1185 1180 1185 1184 1184 1181 1180 1186 1187 1188 1192 1189 1190 1190 1191 1192 1196 1193 1194 1194 1195 1196 1200 1197 1198 1198 1199 1200 1204 1201 1202 1202 1203 1204 1208 1205 1206 1206 1207 1208 1212 1209 1210 1210 1211 1212 1216 1213 1214 1214 1215 1216 1220 1217 1218 1218 1219 1220 1221 1222 1223 769 1224 1225 1225 770 769 1229 1226 1227 1227 1228 1229 1233 1230 1231 1231 1232 1233 1235 1221 1223 1223 1234 1235 795 1236 1237 1237 718 795 837 1238 1239 1239 838 837 1243 1240 1241 1241 1242 1243 1247 1244 1245 1245 1246 1247 1251 1248 1249 1249 1250 1251 970 1252 1224 1224 769 970 1256 1253 1254 1254 1255 1256 1258 1257 1230 1230 1233 1258 920 1259 1236 1236 795 920 1248 1260 1261 1261 1249 1248 1265 1262 1263 1263 1264 1265 1264 1263 1266 1266 1267 1264 
						1269 1268 1262 1262 1265 1269 718 1237 1270 1270 719 718 741 1271 1272 1272 742 741 1276 1273 1274 1274 1275 1276 1278 1256 1255 1255 1277 1278 1282 1279 1280 1280 1281 1282 912 1269 1265 1265 851 912 1286 1283 1284 1284 1285 1286 1287 1288 1289 1228 1227 847 847 848 1228 1224 592 593 593 1225 1224 1293 1290 1291 1291 1292 1293 1236 598 599 599 1237 1236 1237 599 600 600 1270 1237 1238 601 602 602 1239 1238 853 1243 1242 1242 854 853 1246 1245 855 855 856 1246 1250 1249 857 857 858 1250 1252 603 592 592 1224 1252 1297 1294 1295 1295 1296 1297 1301 1298 1299 1299 1300 1301 1259 612 598 598 1236 1259 1249 1261 928 928 857 1249 1271 613 614 614 1272 1271 1303 1293 1292 1292 1302 1303 1307 1304 1305 1305 1306 1307 1222 1308 1309 1309 982 1222 982 1309 625 625 138 982 1221 1310 1308 1308 1222 1221 1314 1311 1312 1312 1313 1314 1318 1315 1316 1316 1317 1318 1322 1319 1320 1320 1321 1322 1326 1323 1324 
						1324 1325 1326 1330 1327 1328 1328 1329 1330 1334 1331 1332 1332 1333 1334 1338 1335 1336 1336 1337 1338 1342 1339 1340 1340 1341 1342 1346 1343 1344 1344 1345 1346 1347 1348 1349 1353 1350 1351 1351 1352 1353 1355 1289 1288 1288 1354 1355 1357 1349 1348 1348 1356 1357 1361 1358 1359 1359 1360 1361 1365 1362 1363 1363 1364 1365 1369 1366 1367 1367 1368 1369 1282 1281 1370 1374 1371 1372 1372 1373 1374 1307 1306 1375 1378 1376 697 697 1377 1378 1376 1379 699 699 697 1376 1379 1380 1381 1381 699 1379 1380 1378 1377 1377 1381 1380 1385 1382 1383 1383 1384 1385 1389 1386 1387 1387 1388 1389 1393 1390 1391 1391 1392 1393 1397 1394 1395 1395 1396 1397 1401 1398 1399 1399 1400 1401 5 1402 1403 1403 6 5 1407 1404 1405 1405 1406 1407 1408 1409 1410 1414 1411 1412 1412 1413 1414 1418 1415 1416 1416 1417 1418 1422 1419 1420 1420 1421 1422 1426 1423 1424 1424 1425 1426 1430 1427 1428 1428 1429 1430 1434 1431 1432 1432 1433 1434 1438 1435 1436 
						1436 1437 1438 1442 1439 1440 1440 1441 1442 1446 1443 1444 1444 1445 1446 1450 1447 1448 1448 1449 1450 1454 1451 1452 1452 1453 1454 1458 1455 1456 1456 1457 1458 1462 1459 1460 1460 1461 1462 1464 1463 1435 1435 1438 1464 1415 1465 1466 1466 1416 1415 1468 1467 1404 1404 1407 1468 1472 1469 1470 1470 1471 1472 1474 1473 1398 1398 1401 1474 1478 1475 1476 1476 1477 1478 1482 1479 1480 1480 1481 1482 1486 1483 1484 1484 1485 1486 1490 1487 1488 1488 1489 1490 96 1491 1492 1492 97 96 1496 1493 1494 1494 1495 1496 1433 1432 1497 1497 1498 1433 1502 1499 1500 1500 1501 1502 1506 1503 1504 1504 1505 1506 1508 1434 1433 1433 1507 1508 1512 1509 1510 1510 1511 1512 1516 1513 1514 1514 1515 1516 1520 1517 1518 1518 1519 1520 1524 1521 1522 1522 1523 1524 1528 1525 1526 1526 1527 1528 1532 1529 1530 1530 1531 1532 1536 1533 1534 1534 1535 1536 1540 1537 1538 1538 1539 1540 1544 1541 1542 1542 1543 1544 1548 1545 1546 1546 1547 1548 1552 1549 1550 
						1550 1551 1552 1535 1534 1553 1553 1554 1535 1558 1555 1556 1556 1557 1558 1562 1559 1560 1560 1561 1562 1566 1563 1564 1564 1565 1566 1570 1567 1568 1568 1569 1570 1574 1571 1572 1572 1573 1574 182 1575 1576 1576 183 182 1580 1577 1578 1578 1579 1580 1584 1581 1582 1582 1583 1584 1588 1585 1586 1586 1587 1588 1555 1589 1590 1590 1556 1555 1467 1591 1592 1592 1404 1467 1427 1593 1594 1594 1428 1427 1404 1592 1595 1595 1405 1404 1575 1501 1500 1500 1576 1575 1571 202 203 203 1572 1571 1599 1596 1597 1597 1598 1599 209 208 1563 1563 1566 209 211 210 1559 1559 1562 211 213 212 1533 1533 1536 213 1601 214 217 217 1600 1601 1604 1445 1602 1602 1603 1604 222 221 1473 1473 1474 222 224 223 1467 1467 1468 224 1605 1446 1445 1445 1604 1605 1402 1472 1471 1471 1403 1402 227 226 1606 1606 1463 227 1545 1607 1608 1608 1546 1545 1463 1606 1609 1609 1435 1463 1435 1609 1610 1610 1436 1435 1411 1611 1612 1612 1412 1411 1616 1613 1614 
						1614 1615 1616 1620 1617 1618 1618 1619 1620 1624 1621 1622 1622 1623 1624 248 247 1625 1625 1626 248 252 1627 1628 1628 253 252 1630 255 258 258 1629 1630 1631 1491 96 96 260 1631 214 1601 1632 1632 261 214 1634 1633 1521 1521 1524 1634 1637 1635 1434 1434 1636 1637 1641 1638 1639 1639 1640 1641 1635 1642 1431 1431 1434 1635 1644 1643 1446 1446 1605 1644 1646 1645 1447 1447 1450 1646 1643 1647 1443 1443 1446 1643 1649 1648 1423 1423 1426 1649 279 278 1650 1650 1567 279 1585 1651 1652 1652 1586 1585 1567 1650 1653 1653 1568 1567 1654 1530 1529 1493 1655 1656 1656 1494 1493 1479 1657 1658 1658 1480 1479 290 1659 1570 1570 291 290 1659 1660 1567 1567 1570 1659 1660 293 279 279 1567 1660 295 294 1661 1661 1662 295 1664 298 301 301 1663 1664 303 1665 1666 1666 304 303 1670 1667 1668 1668 1669 1670 1669 1668 1671 1671 1672 1669 1674 1673 1667 1667 1670 1674 1672 1671 1675 1675 1676 1672 1676 1675 1677 1677 1678 1676 
						1678 1677 1679 1679 1680 1678 1680 1679 1681 1681 1682 1680 1682 1681 1683 1683 1684 1682 1684 1683 1685 1685 1686 1684 1686 1685 1687 1687 1688 1686 1688 1687 1689 1689 1690 1688 1690 1689 1691 1691 1692 1690 1696 1693 1694 1694 1695 1696 1695 1694 1697 1697 1698 1695 1698 1697 1699 1699 1700 1698 1700 1699 1673 1673 1674 1700 1704 1701 1702 1702 1703 1704 1706 1705 1701 1701 1704 1706 1708 1707 1705 1705 1706 1708 1712 1709 1710 1710 1711 1712 1714 1713 1709 1709 1712 1714 1716 1715 1713 1713 1714 1716 1718 1717 1715 1715 1716 1718 1720 1719 1717 1717 1718 1720 1722 1721 1719 1719 1720 1722 1724 1723 1721 1721 1722 1724 1726 1725 1723 1723 1724 1726 1728 1727 1725 1725 1726 1728 1730 1729 1727 1727 1728 1730 1732 1731 1729 1729 1730 1732 1703 1702 1733 1733 1734 1703 1738 1735 1736 1736 1737 1738 1735 1739 1740 1740 1736 1735 1739 1741 1742 1742 1740 1739 1741 1743 1744 1744 1742 1741 1748 1745 1746 1746 1747 1748 1745 1749 1750 1750 1746 1745 
						1749 1751 1752 1752 1750 1749 1751 1753 1754 1754 1752 1751 1753 1755 1756 1756 1754 1753 1755 1757 1758 1758 1756 1755 1757 1759 1760 1760 1758 1757 1759 1761 1762 1762 1760 1759 1761 1763 1764 1764 1762 1761 1763 1765 1766 1766 1764 1763 1765 1767 1768 1768 1766 1765 1767 1738 1737 1737 1768 1767 1772 1769 1770 1770 1771 1772 1776 1773 1774 1774 1775 1776 1778 1772 1771 1771 1777 1778 1780 1776 1775 1775 1779 1780 1782 1778 1777 1777 1781 1782 1784 1780 1779 1779 1783 1784 1786 1782 1781 1781 1785 1786 1788 1784 1783 1783 1787 1788 1790 1786 1785 1785 1789 1790 1792 1788 1787 1787 1791 1792 1794 1790 1789 1789 1793 1794 1796 1792 1791 1791 1795 1796 1798 1794 1793 1793 1797 1798 1800 1796 1795 1795 1799 1800 1802 1798 1797 1797 1801 1802 1804 1800 1799 1799 1803 1804 1806 1802 1801 1801 1805 1806 1808 1804 1803 1803 1807 1808 1810 1806 1805 1805 1809 1810 1812 1808 1807 1807 1811 1812 1814 1810 1809 1809 1813 1814 1816 1812 1811 1811 1815 1816 
						1818 1814 1813 1813 1817 1818 1820 1816 1815 1815 1819 1820 1824 1821 1822 1822 1823 1824 1828 1825 1826 1826 1827 1828 1830 1824 1823 1823 1829 1830 1832 1828 1827 1827 1831 1832 1834 1830 1829 1829 1833 1834 1836 1832 1831 1831 1835 1836 1769 1834 1833 1833 1770 1769 1773 1836 1835 1835 1774 1773 1734 1733 1731 1731 1732 1734 1840 1837 1838 1838 1839 1840 1842 1840 1839 1839 1841 1842 1837 1842 1841 1841 1838 1837 1465 482 1843 1843 1844 1465 1466 1465 1844 1844 1845 1466 486 1466 1845 1845 1846 486 482 486 1846 1846 1843 482 1847 1848 1849 1853 1850 1851 1851 1852 1853 1857 1854 1855 1855 1856 1857 1861 1858 1859 1859 1860 1861 1865 1862 1863 1863 1864 1865 1869 1866 1867 1867 1868 1869 1873 1870 1871 1871 1872 1873 1877 1874 1875 1875 1876 1877 1881 1878 1879 1879 1880 1881 1882 1883 1884 1447 1885 1886 1886 1448 1447 1890 1887 1888 1888 1889 1890 1894 1891 1892 1892 1893 1894 1896 1882 1884 1884 1895 1896 1473 1897 1898 1898 1398 1473 
						1513 1899 1900 1900 1514 1513 1904 1901 1902 1902 1903 1904 1908 1905 1906 1906 1907 1908 1912 1909 1910 1910 1911 1912 1645 1913 1885 1885 1447 1645 1917 1914 1915 1915 1916 1917 1919 1918 1891 1891 1894 1919 221 561 1897 1897 1473 221 1909 1920 1921 1921 1910 1909 1925 1922 1923 1923 1924 1925 1924 1923 1926 1926 1927 1924 571 570 1922 1922 1925 571 1398 1898 1928 1928 1399 1398 1419 1929 1930 1930 1420 1419 1934 1931 1932 1932 1933 1934 1936 1917 1916 1916 1935 1936 1940 1937 1938 1938 1939 1940 212 571 1925 1925 1533 212 1944 1941 1942 1942 1943 1944 1945 1946 1947 1889 1888 1525 1525 1528 1889 1885 1948 1949 1949 1886 1885 1953 1950 1951 1951 1952 1953 1897 1954 1955 1955 1898 1897 1898 1955 1956 1956 1928 1898 1899 1957 1958 1958 1900 1899 1537 1904 1903 1903 1538 1537 1907 1906 1541 1541 1544 1907 1911 1910 1545 1545 1548 1911 1913 1959 1948 1948 1885 1913 1963 1960 1961 1961 1962 1963 1967 1964 1965 1965 1966 1967 561 612 1954 
						1954 1897 561 1910 1921 1607 1607 1545 1910 1929 1968 1969 1969 1930 1929 1971 1953 1952 1952 1970 1971 1975 1972 1973 1973 1974 1975 1883 1976 1977 1977 1654 1883 1654 1977 1978 1978 1530 1654 1882 1979 1976 1976 1883 1882 1983 1980 1981 1981 1982 1983 1987 1984 1985 1985 1986 1987 1991 1988 1989 1989 1990 1991 1995 1992 1993 1993 1994 1995 1999 1996 1997 1997 1998 1999 2003 2000 2001 2001 2002 2003 2007 2004 2005 2005 2006 2007 2011 2008 2009 2009 2010 2011 2015 2012 2013 2013 2014 2015 2016 2017 2018 2022 2019 2020 2020 2021 2022 2024 1947 1946 1946 2023 2024 2026 2018 2017 2017 2025 2026 2030 2027 2028 2028 2029 2030 2034 2031 2032 2032 2033 2034 2038 2035 2036 2036 2037 2038 1940 1939 2039 2043 2040 2041 2041 2042 2043 1975 1974 2044 2048 2045 2046 2046 2047 2048 2045 2049 2050 2050 2046 2045 2049 2051 2052 2052 2050 2049 2051 2048 2047 2047 2052 2051 2056 2053 2054 2054 2055 2056 2060 2057 2058 2058 2059 2060 2064 2061 2062 2062 2063 2064 
						2068 2065 2066 2066 2067 2068 2072 2069 2070 2070 2071 2072 2074 2073 725 725 724 2074 2078 2075 2076 2076 2077 2078 2079 2080 2081 2085 2082 2083 2083 2084 2085 2089 2086 2087 2087 2088 2089 2093 2090 2091 2091 2092 2093 2097 2094 2095 2095 2096 2097 2101 2098 2099 2099 2100 2101 2105 2102 2103 2103 2104 2105 2109 2106 2107 2107 2108 2109 2113 2110 2111 2111 2112 2113 2117 2114 2115 2115 2116 2117 2121 2118 2119 2119 2120 2121 2125 2122 2123 2123 2124 2125 2129 2126 2127 2127 2128 2129 2133 2130 2131 2131 2132 2133 2106 2134 2135 2135 2107 2106 2137 2136 2086 2086 2089 2137 2075 2138 2139 2139 2076 2075 2143 2140 2141 2141 2142 2143 2069 2144 2145 2145 2070 2069 2149 2146 2147 2147 2148 2149 2153 2150 2151 2151 2152 2153 2157 2154 2155 2155 2156 2157 2161 2158 2159 2159 2160 2161 2163 2162 816 816 815 2163 2167 2164 2165 2165 2166 2167 2169 2105 2104 2104 2168 2169 2173 2170 2171 2171 2172 2173 2177 2174 2175 2175 2176 2177 2104 2103 2178 
						2178 2179 2104 2183 2180 2181 2181 2182 2183 2187 2184 2185 2185 2186 2187 2191 2188 2189 2189 2190 2191 2193 2192 1524 1524 1523 2193 1526 2194 2195 2195 1527 1526 1530 2196 2197 2197 1531 1530 2199 2198 1536 1536 1535 2199 2201 2200 1540 1540 1539 2201 1542 2202 2203 2203 1543 1542 1546 2204 2205 2205 1547 1546 2209 2206 2207 2207 2208 2209 2210 2199 1535 1535 1554 2210 1556 2211 2212 2212 1557 1556 2216 2213 2214 2214 2215 2216 2220 2217 2218 2218 2219 2220 2224 2221 2222 2222 2223 2224 2228 2225 2226 2226 2227 2228 2230 2229 885 885 884 2230 2234 2231 2232 2232 2233 2234 2226 2235 2236 2236 2227 2226 2240 2237 2238 2238 2239 2240 1590 2241 2211 2211 1556 1590 2243 2242 2138 2138 2075 2243 2245 2244 2098 2098 2101 2245 2246 2243 2075 2075 2078 2246 2173 2172 2229 2229 2230 2173 903 902 2225 2225 2228 903 2250 2247 2248 2248 2249 2250 2217 908 909 909 2218 2217 2213 910 911 911 2214 2213 2198 912 213 213 1536 2198 914 913 2251 
						2251 2252 914 2255 2116 2253 2253 2254 2255 2144 920 921 921 2145 2144 2138 922 923 923 2139 2138 2116 2115 2256 2256 2253 2116 2142 2141 2073 2073 2074 2142 2257 925 927 927 2134 2257 1608 2258 2204 2204 1546 1608 2259 2257 2134 2134 2106 2259 2260 2259 2106 2106 2109 2260 2262 2261 2082 2082 2085 2262 2266 2263 2264 2264 2265 2266 2270 2267 2268 2268 2269 2270 2274 2271 2272 2272 2273 2274 2276 945 948 948 2275 2276 2278 2277 952 952 951 2278 954 953 2279 2279 2280 954 816 2162 2281 2281 957 816 2282 2251 913 913 960 2282 2192 2283 1634 1634 1524 2192 2103 2284 2285 2285 2178 2103 2289 2286 2287 2287 2288 2289 2102 2290 2284 2284 2103 2102 2115 2291 2292 2292 2256 2115 2118 2293 2294 2294 2119 2118 2114 2295 2291 2291 2115 2114 2094 2296 2297 2297 2095 2094 2298 976 978 978 2221 2298 2300 2299 2237 2237 2240 2300 2301 2298 2221 2221 2224 2301 2302 2196 1530 2304 2303 2164 2164 2167 2304 2306 2305 2150 2150 2153 2306 
						2222 2307 989 989 988 2222 2221 2308 2307 2307 2222 2221 978 991 2308 2308 2221 978 2310 992 995 995 2309 2310 997 996 2311 2311 2312 997 2314 2313 1003 1003 1002 2314 2318 2315 2316 2316 2317 2318 2320 2318 2317 2317 2319 2320 2315 2321 2322 2322 2316 2315 2324 2320 2319 2319 2323 2324 2326 2324 2323 2323 2325 2326 2328 2326 2325 2325 2327 2328 2330 2328 2327 2327 2329 2330 2332 2330 2329 2329 2331 2332 2334 2332 2331 2331 2333 2334 2336 2334 2333 2333 2335 2336 2338 2336 2335 2335 2337 2338 2340 2338 2337 2337 2339 2340 2344 2341 2342 2342 2343 2344 2346 2344 2343 2343 2345 2346 2348 2346 2345 2345 2347 2348 2321 2348 2347 2347 2322 2321 2352 2349 2350 2350 2351 2352 2349 2353 2354 2354 2350 2349 2353 2355 2356 2356 2354 2353 2360 2357 2358 2358 2359 2360 2357 2361 2362 2362 2358 2357 2361 2363 2364 2364 2362 2361 2363 2365 2366 2366 2364 2363 2365 2367 2368 2368 2366 2365 2367 2369 2370 2370 2368 2367 2369 2371 2372 2372 2370 2369 
						2371 2373 2374 2374 2372 2371 2373 2375 2376 2376 2374 2373 2375 2377 2378 2378 2376 2375 2377 2379 2380 2380 2378 2377 2382 2352 2351 2351 2381 2382 2386 2383 2384 2384 2385 2386 2388 2387 2383 2383 2386 2388 2390 2389 2387 2387 2388 2390 2392 2391 2389 2389 2390 2392 2396 2393 2394 2394 2395 2396 2398 2397 2393 2393 2396 2398 2400 2399 2397 2397 2398 2400 2402 2401 2399 2399 2400 2402 2404 2403 2401 2401 2402 2404 2406 2405 2403 2403 2404 2406 2408 2407 2405 2405 2406 2408 2410 2409 2407 2407 2408 2410 2412 2411 2409 2409 2410 2412 2414 2413 2411 2411 2412 2414 2416 2415 2413 2413 2414 2416 2385 2384 2415 2415 2416 2385 2420 2417 2418 2418 2419 2420 2424 2421 2422 2422 2423 2424 2419 2418 2425 2425 2426 2419 2423 2422 2427 2427 2428 2423 2426 2425 2429 2429 2430 2426 2428 2427 2431 2431 2432 2428 2430 2429 2433 2433 2434 2430 2432 2431 2435 2435 2436 2432 2434 2433 2437 2437 2438 2434 2436 2435 2439 2439 2440 2436 2438 2437 2441 2441 2442 2438 
						2440 2439 2443 2443 2444 2440 2442 2441 2445 2445 2446 2442 2444 2443 2447 2447 2448 2444 2446 2445 2449 2449 2450 2446 2448 2447 2451 2451 2452 2448 2450 2449 2453 2453 2454 2450 2452 2451 2455 2455 2456 2452 2454 2453 2457 2457 2458 2454 2456 2455 2459 2459 2460 2456 2458 2457 2461 2461 2462 2458 2460 2459 2463 2463 2464 2460 2462 2461 2465 2465 2466 2462 2464 2463 2467 2467 2468 2464 2472 2469 2470 2470 2471 2472 2476 2473 2474 2474 2475 2476 2471 2470 2477 2477 2478 2471 2475 2474 2479 2479 2480 2475 2478 2477 2481 2481 2482 2478 2480 2479 2483 2483 2484 2480 2482 2481 2417 2417 2420 2482 2484 2483 2421 2421 2424 2484 2379 2382 2381 2381 2380 2379 2488 2485 2486 2486 2487 2488 2487 2486 2489 2489 2490 2487 2490 2489 2485 2485 2488 2490 2492 1180 2136 2136 2491 2492 2491 2136 2137 2137 2493 2491 2493 2137 1185 1185 2494 2493 2494 1185 1180 1180 2492 2494 2495 2496 2497 2501 2498 2499 2499 2500 2501 2505 2502 2503 2503 2504 2505 2509 2506 2507 
						2507 2508 2509 2513 2510 2511 2511 2512 2513 2517 2514 2515 2515 2516 2517 2521 2518 2519 2519 2520 2521 2525 2522 2523 2523 2524 2525 2529 2526 2527 2527 2528 2529 2530 2531 2532 2534 2533 2118 2118 2121 2534 2538 2535 2536 2536 2537 2538 2542 2539 2540 2540 2541 2542 2531 2530 2543 2543 2544 2531 2546 2545 2144 2144 2069 2546 2548 2547 2184 2184 2187 2548 2552 2549 2550 2550 2551 2552 2556 2553 2554 2554 2555 2556 2560 2557 2558 2558 2559 2560 2533 2561 2293 2293 2118 2533 2565 2562 2563 2563 2564 2565 2539 2566 2567 2567 2540 2539 2545 1259 920 920 2144 2545 2569 2568 2557 2557 2560 2569 2573 2570 2571 2571 2572 2573 2575 2573 2572 2572 2574 2575 2570 1268 1269 1269 2571 2570 2576 2546 2069 2069 2072 2576 2578 2577 2090 2090 2093 2578 2582 2579 2580 2580 2581 2582 2564 2563 2583 2583 2584 2564 2588 2585 2586 2586 2587 2588 2571 1269 912 912 2198 2571 2592 2589 2590 2590 2591 2592 2593 2594 2595 2194 2538 2537 2537 2195 2194 1949 1948 2533 
						2533 2534 1949 2599 2596 2597 2597 2598 2599 1955 1954 2545 2545 2546 1955 1956 1955 2546 2546 2576 1956 1958 1957 2547 2547 2548 1958 2551 2550 2200 2200 2201 2551 2202 2556 2555 2555 2203 2202 2204 2560 2559 2559 2205 2204 1948 1959 2561 2561 2533 1948 2603 2600 2601 2601 2602 2603 2607 2604 2605 2605 2606 2607 1954 612 1259 1259 2545 1954 2258 2569 2560 2560 2204 2258 1969 1968 2577 2577 2578 1969 2611 2608 2609 2609 2610 2611 2615 2612 2613 2613 2614 2615 2617 2616 2532 2532 2302 2617 1978 2617 2302 2302 1530 1978 2616 2618 2530 2530 2532 2616 2622 2619 2620 2620 2621 2622 2626 2623 2624 2624 2625 2626 2630 2627 2628 2628 2629 2630 2634 2631 2632 2632 2633 2634 2638 2635 2636 2636 2637 2638 2642 2639 2640 2640 2641 2642 2646 2643 2644 2644 2645 2646 2650 2647 2648 2648 2649 2650 2654 2651 2652 2652 2653 2654 2655 2656 2657 2661 2658 2659 2659 2660 2661 2595 2594 2662 2662 2663 2595 2657 2656 2664 2664 2665 2657 2669 2666 2667 2667 2668 2669 
						2673 2670 2671 2671 2672 2673 2677 2674 2675 2675 2676 2677 2586 2678 2587 2682 2679 2680 2680 2681 2682 2613 2683 2614 2046 2684 2685 2685 2686 2046 2050 2687 2684 2684 2046 2050 2689 2688 2687 2687 2050 2689 2686 2685 2688 2688 2689 2686 2693 2690 2691 2691 2692 2693 2697 2694 2695 2695 2696 2697 2701 2698 2699 2699 2700 2701 2705 2702 2703 2703 2704 2705 
					</p>
				</polylist>
			</mesh>
		</geometry>
	</library_geometries>
	<library_visual_scenes>
		<visual_scene id="RootNode" name="RootNode">
			<node id="Crate03" name="Crate03">
				<matrix>100.000000 0.000000 0.000000 0.000000 0.000000 -0.000016 100.000000 0.000000 0.000000 -100.000000 -0.000016 0.000000 0.000000 0.000000 0.000000 1.000000</matrix>
				<instance_geometry url="#meshId0">
					<bind_material>
						<technique_common>
							<instance_material symbol="defaultMaterial" target="#Crate03Material" />
						</technique_common>
					</bind_material>
				</instance_geometry>
			</node>
		</visual_scene>
	</library_visual_scenes>
	<scene>
		<instance_visual_scene url="#RootNode" />
	</scene>
</COLLADA>
