<?xml version="1.0"?>
<COLLADA xmlns="http://www.collada.org/2005/11/COLLADASchema" version="1.4.1">
  <asset>
    <contributor>
      <author>Assimp</author>
      <authoring_tool>Assimp Exporter</authoring_tool>
    </contributor>
    <created>2019-11-27T10:35:18</created>
    <modified>2019-11-27T10:35:18</modified>
    <unit name="meter" meter="0.01" />
    <up_axis>Y_UP</up_axis>
  </asset>
  <library_effects>
    <effect id="Hand_scanner-fx" name="Hand_scanner">
      <profile_COMMON>
        <technique sid="standard">
          <phong>
            <emission>
              <color sid="emission">0   0   0   1</color>
            </emission>
            <ambient>
              <color sid="ambient">0   0   0   1</color>
            </ambient>
            <diffuse>
              <color sid="diffuse">0.6   0.6   0.6   1</color>
            </diffuse>
            <specular>
              <color sid="specular">0   0   0   1</color>
            </specular>
            <shininess>
              <float sid="shininess">0</float>
            </shininess>
            <transparency>
              <float sid="transparency">0</float>
            </transparency>
            <index_of_refraction>
              <float sid="index_of_refraction">1</float>
            </index_of_refraction>
          </phong>
        </technique>
      </profile_COMMON>
    </effect>
    <effect id="Hand-fx" name="Hand">
      <profile_COMMON>
        <technique sid="standard">
          <phong>
            <emission>
              <color sid="emission">0   0   0   1</color>
            </emission>
            <ambient>
              <color sid="ambient">0   0   0   1</color>
            </ambient>
            <diffuse>
              <color sid="diffuse">0.6   0.6   0.6   1</color>
            </diffuse>
            <specular>
              <color sid="specular">0   0   0   1</color>
            </specular>
            <shininess>
              <float sid="shininess">0</float>
            </shininess>
            <transparency>
              <float sid="transparency">0</float>
            </transparency>
            <index_of_refraction>
              <float sid="index_of_refraction">1</float>
            </index_of_refraction>
          </phong>
        </technique>
      </profile_COMMON>
    </effect>
    <effect id="hand_box-fx" name="hand_box">
      <profile_COMMON>
        <technique sid="standard">
          <phong>
            <emission>
              <color sid="emission">0   0   0   1</color>
            </emission>
            <ambient>
              <color sid="ambient">0   0   0   1</color>
            </ambient>
            <diffuse>
              <color sid="diffuse">0.6   0.6   0.6   1</color>
            </diffuse>
            <specular>
              <color sid="specular">0   0   0   1</color>
            </specular>
            <shininess>
              <float sid="shininess">0</float>
            </shininess>
            <transparency>
              <float sid="transparency">0</float>
            </transparency>
            <index_of_refraction>
              <float sid="index_of_refraction">1</float>
            </index_of_refraction>
          </phong>
        </technique>
      </profile_COMMON>
    </effect>
    <effect id="Pipe-fx" name="Pipe">
      <profile_COMMON>
        <technique sid="standard">
          <phong>
            <emission>
              <color sid="emission">0   0   0   1</color>
            </emission>
            <ambient>
              <color sid="ambient">0   0   0   1</color>
            </ambient>
            <diffuse>
              <color sid="diffuse">0.6   0.6   0.6   1</color>
            </diffuse>
            <specular>
              <color sid="specular">0   0   0   1</color>
            </specular>
            <shininess>
              <float sid="shininess">0</float>
            </shininess>
            <transparency>
              <float sid="transparency">0</float>
            </transparency>
            <index_of_refraction>
              <float sid="index_of_refraction">1</float>
            </index_of_refraction>
          </phong>
        </technique>
      </profile_COMMON>
    </effect>
    <effect id="Backplate-fx" name="Backplate">
      <profile_COMMON>
        <technique sid="standard">
          <phong>
            <emission>
              <color sid="emission">0   0   0   1</color>
            </emission>
            <ambient>
              <color sid="ambient">0   0   0   1</color>
            </ambient>
            <diffuse>
              <color sid="diffuse">0.6   0.6   0.6   1</color>
            </diffuse>
            <specular>
              <color sid="specular">0   0   0   1</color>
            </specular>
            <shininess>
              <float sid="shininess">0</float>
            </shininess>
            <transparency>
              <float sid="transparency">0</float>
            </transparency>
            <index_of_refraction>
              <float sid="index_of_refraction">1</float>
            </index_of_refraction>
          </phong>
        </technique>
      </profile_COMMON>
    </effect>
    <effect id="edge_of_backplate-fx" name="edge_of_backplate">
      <profile_COMMON>
        <technique sid="standard">
          <phong>
            <emission>
              <color sid="emission">0   0   0   1</color>
            </emission>
            <ambient>
              <color sid="ambient">0   0   0   1</color>
            </ambient>
            <diffuse>
              <color sid="diffuse">0.6   0.6   0.6   1</color>
            </diffuse>
            <specular>
              <color sid="specular">0   0   0   1</color>
            </specular>
            <shininess>
              <float sid="shininess">0</float>
            </shininess>
            <transparency>
              <float sid="transparency">0</float>
            </transparency>
            <index_of_refraction>
              <float sid="index_of_refraction">1</float>
            </index_of_refraction>
          </phong>
        </technique>
      </profile_COMMON>
    </effect>
    <effect id="Backplate_insert-fx" name="Backplate_insert">
      <profile_COMMON>
        <technique sid="standard">
          <phong>
            <emission>
              <color sid="emission">0   0   0   1</color>
            </emission>
            <ambient>
              <color sid="ambient">0   0   0   1</color>
            </ambient>
            <diffuse>
              <color sid="diffuse">0.6   0.6   0.6   1</color>
            </diffuse>
            <specular>
              <color sid="specular">0   0   0   1</color>
            </specular>
            <shininess>
              <float sid="shininess">0</float>
            </shininess>
            <transparency>
              <float sid="transparency">0</float>
            </transparency>
            <index_of_refraction>
              <float sid="index_of_refraction">1</float>
            </index_of_refraction>
          </phong>
        </technique>
      </profile_COMMON>
    </effect>
    <effect id="Side_button-fx" name="Side_button">
      <profile_COMMON>
        <technique sid="standard">
          <phong>
            <emission>
              <color sid="emission">0   0   0   1</color>
            </emission>
            <ambient>
              <color sid="ambient">0   0   0   1</color>
            </ambient>
            <diffuse>
              <color sid="diffuse">0.6   0.6   0.6   1</color>
            </diffuse>
            <specular>
              <color sid="specular">0   0   0   1</color>
            </specular>
            <shininess>
              <float sid="shininess">0</float>
            </shininess>
            <transparency>
              <float sid="transparency">0</float>
            </transparency>
            <index_of_refraction>
              <float sid="index_of_refraction">1</float>
            </index_of_refraction>
          </phong>
        </technique>
      </profile_COMMON>
    </effect>
    <effect id="Top_plate-fx" name="Top_plate">
      <profile_COMMON>
        <technique sid="standard">
          <phong>
            <emission>
              <color sid="emission">0   0   0   1</color>
            </emission>
            <ambient>
              <color sid="ambient">0   0   0   1</color>
            </ambient>
            <diffuse>
              <color sid="diffuse">0.6   0.6   0.6   1</color>
            </diffuse>
            <specular>
              <color sid="specular">0   0   0   1</color>
            </specular>
            <shininess>
              <float sid="shininess">0</float>
            </shininess>
            <transparency>
              <float sid="transparency">0</float>
            </transparency>
            <index_of_refraction>
              <float sid="index_of_refraction">1</float>
            </index_of_refraction>
          </phong>
        </technique>
      </profile_COMMON>
    </effect>
    <effect id="Top_enter-fx" name="Top_enter">
      <profile_COMMON>
        <technique sid="standard">
          <phong>
            <emission>
              <color sid="emission">0   0   0   1</color>
            </emission>
            <ambient>
              <color sid="ambient">0   0   0   1</color>
            </ambient>
            <diffuse>
              <color sid="diffuse">0.6   0.6   0.6   1</color>
            </diffuse>
            <specular>
              <color sid="specular">0   0   0   1</color>
            </specular>
            <shininess>
              <float sid="shininess">0</float>
            </shininess>
            <transparency>
              <float sid="transparency">0</float>
            </transparency>
            <index_of_refraction>
              <float sid="index_of_refraction">1</float>
            </index_of_refraction>
          </phong>
        </technique>
      </profile_COMMON>
    </effect>
    <effect id="tOP_CANCEL-fx" name="tOP_CANCEL">
      <profile_COMMON>
        <technique sid="standard">
          <phong>
            <emission>
              <color sid="emission">0   0   0   1</color>
            </emission>
            <ambient>
              <color sid="ambient">0   0   0   1</color>
            </ambient>
            <diffuse>
              <color sid="diffuse">0.6   0.6   0.6   1</color>
            </diffuse>
            <specular>
              <color sid="specular">0   0   0   1</color>
            </specular>
            <shininess>
              <float sid="shininess">0</float>
            </shininess>
            <transparency>
              <float sid="transparency">0</float>
            </transparency>
            <index_of_refraction>
              <float sid="index_of_refraction">1</float>
            </index_of_refraction>
          </phong>
        </technique>
      </profile_COMMON>
    </effect>
  </library_effects>
  <library_materials>
    <material id="Hand_scanner" name="Hand_scanner">
      <instance_effect url="#Hand_scanner-fx"/>
    </material>
    <material id="Hand" name="Hand">
      <instance_effect url="#Hand-fx"/>
    </material>
    <material id="hand_box" name="hand_box">
      <instance_effect url="#hand_box-fx"/>
    </material>
    <material id="Pipe" name="Pipe">
      <instance_effect url="#Pipe-fx"/>
    </material>
    <material id="Backplate" name="Backplate">
      <instance_effect url="#Backplate-fx"/>
    </material>
    <material id="edge_of_backplate" name="edge_of_backplate">
      <instance_effect url="#edge_of_backplate-fx"/>
    </material>
    <material id="Backplate_insert" name="Backplate_insert">
      <instance_effect url="#Backplate_insert-fx"/>
    </material>
    <material id="Side_button" name="Side_button">
      <instance_effect url="#Side_button-fx"/>
    </material>
    <material id="Top_plate" name="Top_plate">
      <instance_effect url="#Top_plate-fx"/>
    </material>
    <material id="Top_enter" name="Top_enter">
      <instance_effect url="#Top_enter-fx"/>
    </material>
    <material id="tOP_CANCEL" name="tOP_CANCEL">
      <instance_effect url="#tOP_CANCEL-fx"/>
    </material>
  </library_materials>
  <library_geometries>
    <geometry id="meshId0" name="meshId0_name" >
      <mesh>
        <source id="meshId0-positions" name="meshId0-positions">
          <float_array id="meshId0-positions-array" count="1611"> -0.155119 0.394744 0.299816 0.155119 0.394744 0.299816 0.155119 0.452612 0.299816 -0.155119 0.452612 0.299816 0.155119 0.394744 0.299816 0.155119 0.394744 0.309522 0.155119 0.452612 0.309522 0.155119 0.452612 0.299816 -0.155119 0.394744 0.299816 -0.155119 0.394744 0.311333 -0.135064 0.394744 0.311333 -0.103569 0.394744 0.310754 0.102409 0.394744 0.310176 0.13109 0.394744 0.309017 0.155119 0.394744 0.309522 0.155119 0.394744 0.299816 0.155119 0.452612 0.299816 0.155119 0.452612 0.309522 0.13109 0.452612 0.309017 0.102409 0.452612 0.310176 -0.103569 0.452612 0.310754 -0.135064 0.452612 0.311333 -0.155119 0.452612 0.311333 -0.155119 0.452612 0.299816 0.316844 -0.353719 0.394349 0.316844 0.160575 0.394349 0.135887 0.160575 0.400078 0.135887 -0.35373 0.400078 -0.346798 0.528072 -0.269457 -0.346869 0.346562 0.361014 -0.291671 0.361005 0.310845 -0.291671 0.513647 -0.219353 -0.135064 0.338049 0.390584 -0.100788 0.258218 0.50989 -0.103192 0.353355 0.33747 -0.135064 0.353355 0.337417 -0.316844 0.535229 -0.302858 -0.316844 0.361298 -0.302858 -0.339301 0.35862 -0.293555 -0.339301 0.532547 -0.293555 0.346694 0.346608 0.360855 0.346698 0.528046 -0.269367 0.291671 0.513647 -0.219353 0.291671 0.361005 0.310845 0.343271 -0.170443 -0.264906 0.343011 -0.350037 0.358914 0.174549 -0.318063 0.248153 0.174549 -0.226768 -0.0689565 -0.312157 -0.161374 -0.296406 0.312163 -0.161374 -0.296405 0.158656 -0.222192 -0.0848494 -0.158453 -0.222192 -0.0848494 -0.337676 0.34011 0.383422 -0.315395 0.337424 0.392754 -0.265099 0.353355 0.337417 -0.283888 0.355596 0.329634 -0.316844 0.160575 0.394349 -0.316844 0.334474 0.394349 -0.339301 0.337161 0.385047 -0.339301 0.163253 0.385047 0.311421 -0.358953 0.389882 0.133451 -0.358891 0.395293 0.0681018 -0.322638 0.266912 0.158656 -0.322638 0.264046 0.343011 -0.350037 0.358914 0.333696 -0.356364 0.380889 0.169894 -0.321298 0.25939 0.174549 -0.318063 0.248153 -0.334237 -0.164029 -0.287184 -0.312157 -0.161374 -0.296406 -0.158453 -0.222192 -0.0848494 -0.16969 -0.223533 -0.0801941 -0.343007 -0.350038 0.358915 -0.343266 -0.170442 -0.264907 -0.174346 -0.226768 -0.0689565 -0.174346 -0.318063 0.248153 0.315133 0.537145 -0.300974 -0.315156 0.537153 -0.301 -0.265099 0.521297 -0.245925 0.265099 0.521297 -0.245925 0.265587 0.506822 -0.195645 0.265587 0.367831 0.287137 -0.337517 0.534496 -0.291771 -0.283888 0.519056 -0.238142 -0.339301 0.163253 0.385047 -0.339301 0.337161 0.385047 -0.348603 0.343632 0.36259 -0.348603 0.169718 0.36259 0.33746 0.534479 -0.291714 0.283888 0.519056 -0.238142 -0.135064 0.338049 0.390584 -0.135064 0.353355 0.337417 0.339301 0.337147 0.385047 0.339301 0.163253 0.385047 0.348603 0.169718 0.36259 0.348603 0.343622 0.36259 0.348603 0.352155 -0.271098 0.348603 0.526068 -0.271098 0.348603 0.343622 0.36259 0.348603 0.169718 0.36259 0.339301 0.532543 -0.293555 0.339301 0.35862 -0.293555 0.316844 0.361298 -0.302858 0.316844 0.535227 -0.302858 0.316844 0.334455 0.394349 0.135887 0.334432 0.400078 0.316844 0.334455 0.394349 0.316844 0.160575 0.394349 0.339301 0.163253 0.385047 0.339301 0.337147 0.385047 -0.339301 0.532547 -0.293555 -0.339301 0.35862 -0.293555 -0.348603 0.352155 -0.271098 -0.348603 0.526075 -0.271098 -0.2585 0.511747 -0.212754 -0.241391 0.513787 -0.219841 -0.2585 0.362905 0.304246 -0.265587 0.367831 0.287137 -0.265587 0.506822 -0.195645 0.2585 0.511747 -0.212754 0.265099 0.353355 0.337417 0.283888 0.355596 0.329634 0.2585 0.362905 0.304246 0.241391 0.360865 0.311333 0.132597 0.353355 0.337629 0.265099 0.353355 0.337417 0.241391 0.360865 0.311333 0.13109 0.360865 0.309017 0.241391 0.513787 -0.219841 -0.241391 0.360865 0.311333 0.339301 -0.155645 -0.293555 0.316844 -0.152974 -0.302858 -0.348603 0.169718 0.36259 -0.348603 0.343632 0.36259 -0.348603 0.526075 -0.271098 -0.348603 0.352155 -0.271098 0.33745 0.340176 0.383195 0.315117 0.337512 0.392448 -0.100483 -0.358858 0.390957 -0.13263 -0.358888 0.389656 -0.0674868 -0.322638 0.264046 -0.0511255 -0.322638 0.264762 -0.13263 -0.358888 0.389656 -0.311416 -0.358953 0.389883 -0.158453 -0.322638 0.264046 -0.0674868 -0.322638 0.264046 -0.316844 0.361298 -0.302858 -0.316844 0.535229 -0.302858 0.316844 0.535227 -0.302858 0.316844 0.361298 -0.302858 0.348603 0.352155 -0.271098 0.348603 -0.162104 -0.271098 0.339301 -0.155645 -0.293555 0.339301 0.35862 -0.293555 -0.316844 -0.353719 0.394349 -0.339301 -0.351024 0.385047 -0.339301 -0.155645 -0.293555 -0.348603 -0.162104 -0.271098 0.135887 -0.35373 0.400078 0.135887 0.160575 0.400078 0.104808 0.160575 0.397214 0.104808 -0.353735 0.397214 -0.135064 0.360865 0.311333 -0.135064 0.160575 0.394349 -0.135064 0.334457 0.394349 -0.316844 0.334474 0.394349 -0.316844 0.160575 0.394349 0.135887 0.160575 0.400078 0.135887 0.334432 0.400078 0.104808 0.255383 0.512244 0.104808 0.160575 0.397214 0.135784 0.337476 0.398128 0.315117 0.337512 0.392448 0.265099 0.353355 0.337417 0.132597 0.353355 0.337629 0.316844 -0.353719 0.394349 0.339301 -0.351024 0.385047 0.103162 0.353355 0.337523 0.132597 0.353355 0.337629 0.13109 0.360865 0.309017 0.102409 0.360865 0.310176 0.104808 0.160575 0.397214 0.104808 0.255383 0.512244 -0.102369 0.25538 0.510807 -0.102369 0.160575 0.395781 -0.103192 0.353355 0.33747 0.103162 0.353355 0.337523 0.102409 0.360865 0.310176 -0.103569 0.360865 0.310754 0.104783 0.258212 0.511317 0.135784 0.337476 0.398128 0.132597 0.353355 0.337629 0.103162 0.353355 0.337523 0.133451 -0.358891 0.395293 0.102882 -0.358857 0.392361 0.0525492 -0.322638 0.265479 0.0681018 -0.322638 0.266912 -0.135064 0.353355 0.337417 -0.103192 0.353355 0.33747 -0.103569 0.360865 0.310754 -0.135064 0.360865 0.311333 -0.102369 0.160575 0.395781 -0.102369 0.25538 0.510807 -0.135064 0.334457 0.394349 -0.135064 0.160575 0.394349 -0.100788 0.258218 0.50989 0.104783 0.258212 0.511317 0.103162 0.353355 0.337523 -0.103192 0.353355 0.33747 0.102882 -0.358857 0.392361 -0.100483 -0.358858 0.390957 -0.0511255 -0.322638 0.264762 0.0525492 -0.322638 0.265479 -0.316844 -0.152974 -0.302858 -0.339301 -0.155645 -0.293555 -0.316844 -0.152974 -0.302858 0.316844 -0.152974 -0.302858 -0.333691 -0.356364 0.380891 -0.343007 -0.350038 0.358915 -0.174346 -0.318063 0.248153 -0.16969 -0.321298 0.25939 0.348603 -0.162104 -0.271098 0.348603 -0.344545 0.36259 -0.135064 -0.35373 0.394349 -0.316844 -0.353719 0.394349 0.334242 -0.164029 -0.287184 0.343271 -0.170443 -0.264906 0.174549 -0.226768 -0.0689565 0.169894 -0.223533 -0.0801941 -0.311416 -0.358953 0.389883 -0.333691 -0.356364 0.380891 -0.16969 -0.321298 0.25939 -0.158453 -0.322638 0.264046 0.333696 -0.356364 0.380889 0.311421 -0.358953 0.389882 0.158656 -0.322638 0.264046 0.169894 -0.321298 0.25939 -0.343266 -0.170442 -0.264907 -0.334237 -0.164029 -0.287184 -0.16969 -0.223533 -0.0801941 -0.174346 -0.226768 -0.0689565 0.339301 -0.351024 0.385047 0.348603 -0.344545 0.36259 0.104808 -0.353735 0.397214 0.104808 0.160575 0.397214 -0.102369 0.160575 0.395781 -0.102369 -0.353735 0.395781 -0.102369 -0.353735 0.395781 -0.102369 0.160575 0.395781 -0.135064 0.160575 0.394349 -0.135064 -0.35373 0.394349 -0.339301 -0.351024 0.385047 -0.348603 -0.344545 0.36259 -0.348603 -0.344545 0.36259 -0.348603 -0.162104 -0.271098 -0.174346 -0.318063 0.248153 -0.174346 -0.226768 -0.0689565 -0.174346 -0.483179 -0.0770246 -0.174346 -0.48236 0.252719 0.174549 -0.226768 -0.0689565 0.174549 -0.318063 0.248153 0.174549 -0.48236 0.252719 0.174549 -0.483179 -0.0770246 0.158656 -0.322638 0.264046 0.0681018 -0.322638 0.266912 0.0681018 -0.481519 0.271992 0.158656 -0.482319 0.269237 0.0525492 -0.322638 0.265479 -0.0511255 -0.322638 0.264762 -0.0511255 -0.48212 0.269926 0.0525492 -0.48192 0.270615 -0.16969 -0.223533 -0.0801941 -0.158453 -0.222192 -0.0848494 -0.158453 -0.48322 -0.0935554 -0.16969 -0.483208 -0.0887133 0.174549 -0.318063 0.248153 0.169894 -0.321298 0.25939 0.169894 -0.482331 0.264399 0.174549 -0.48236 0.252719 -0.174346 -0.226768 -0.0689565 -0.16969 -0.223533 -0.0801941 -0.16969 -0.483208 -0.0887133 -0.174346 -0.483179 -0.0770246 -0.0511255 -0.322638 0.264762 -0.0674868 -0.322638 0.264046 -0.0674868 -0.48232 0.269237 -0.0511255 -0.48212 0.269926 0.166686 -0.487333 -0.0857299 0.170415 -0.48731 -0.0763623 0.170415 -0.486495 0.252041 0.166686 -0.486472 0.261408 0.157744 -0.486364 0.265264 0.0682308 -0.485671 0.267985 0.0527604 -0.486064 0.266615 -0.0510174 -0.486266 0.265926 -0.0673934 -0.486465 0.265237 -0.157599 -0.486463 0.265237 -0.166483 -0.486472 0.261408 -0.170211 -0.486495 0.252041 -0.170211 -0.48731 -0.0763623 -0.166483 -0.487333 -0.0857299 -0.157599 -0.487343 -0.0895583 0.157803 -0.487343 -0.0895583 0.0681018 -0.322638 0.266912 0.0525492 -0.322638 0.265479 0.0525492 -0.48192 0.270615 0.0681018 -0.481519 0.271992 -0.158453 -0.322638 0.264046 -0.16969 -0.321298 0.25939 -0.16969 -0.482332 0.264399 -0.158453 -0.48232 0.269237 -0.158453 -0.222192 -0.0848494 0.158656 -0.222192 -0.0848494 0.158656 -0.48322 -0.0935554 -0.158453 -0.48322 -0.0935554 0.158656 -0.222192 -0.0848494 0.169894 -0.223533 -0.0801941 0.169894 -0.483207 -0.0887133 0.158656 -0.48322 -0.0935554 -0.16969 -0.321298 0.25939 -0.174346 -0.318063 0.248153 -0.174346 -0.48236 0.252719 -0.16969 -0.482332 0.264399 0.169894 -0.321298 0.25939 0.158656 -0.322638 0.264046 0.158656 -0.482319 0.269237 0.169894 -0.482331 0.264399 -0.0674868 -0.322638 0.264046 -0.158453 -0.322638 0.264046 -0.158453 -0.48232 0.269237 -0.0674868 -0.48232 0.269237 0.343271 -0.170443 -0.264906 0.334242 -0.164029 -0.287184 0.339301 -0.155645 -0.293555 0.348603 -0.162104 -0.271098 0.334242 -0.164029 -0.287184 0.312163 -0.161374 -0.296405 0.316844 -0.152974 -0.302858 0.339301 -0.155645 -0.293555 -0.333691 -0.356364 0.380891 -0.311416 -0.358953 0.389883 -0.316844 -0.353719 0.394349 -0.339301 -0.351024 0.385047 -0.343007 -0.350038 0.358915 -0.333691 -0.356364 0.380891 -0.339301 -0.351024 0.385047 -0.348603 -0.344545 0.36259 0.311421 -0.358953 0.389882 0.333696 -0.356364 0.380889 0.339301 -0.351024 0.385047 0.316844 -0.353719 0.394349 0.333696 -0.356364 0.380889 0.343011 -0.350037 0.358914 0.348603 -0.344545 0.36259 0.339301 -0.351024 0.385047 -0.312157 -0.161374 -0.296406 -0.334237 -0.164029 -0.287184 -0.339301 -0.155645 -0.293555 -0.316844 -0.152974 -0.302858 -0.334237 -0.164029 -0.287184 -0.343266 -0.170442 -0.264907 -0.348603 -0.162104 -0.271098 -0.339301 -0.155645 -0.293555 0.312163 -0.161374 -0.296405 -0.312157 -0.161374 -0.296406 -0.316844 -0.152974 -0.302858 0.316844 -0.152974 -0.302858 0.343011 -0.350037 0.358914 0.343271 -0.170443 -0.264906 0.348603 -0.162104 -0.271098 0.348603 -0.344545 0.36259 -0.348603 -0.344545 0.36259 -0.348603 -0.162104 -0.271098 -0.343266 -0.170442 -0.264907 -0.343007 -0.350038 0.358915 -0.135064 -0.35373 0.394349 -0.316844 -0.353719 0.394349 -0.311416 -0.358953 0.389883 -0.13263 -0.358888 0.389656 -0.102369 -0.353735 0.395781 -0.135064 -0.35373 0.394349 -0.13263 -0.358888 0.389656 -0.100483 -0.358858 0.390957 0.316844 -0.353719 0.394349 0.135887 -0.35373 0.400078 0.133451 -0.358891 0.395293 0.311421 -0.358953 0.389882 0.135887 -0.35373 0.400078 0.104808 -0.353735 0.397214 0.102882 -0.358857 0.392361 0.133451 -0.358891 0.395293 0.104808 -0.353735 0.397214 -0.102369 -0.353735 0.395781 -0.100483 -0.358858 0.390957 0.102882 -0.358857 0.392361 0.312163 -0.161374 -0.296405 0.334242 -0.164029 -0.287184 0.169894 -0.223533 -0.0801941 0.158656 -0.222192 -0.0848494 0.170415 -0.48731 -0.0763623 0.166686 -0.487333 -0.0857299 0.169894 -0.483207 -0.0887133 0.174549 -0.483179 -0.0770246 0.166686 -0.487333 -0.0857299 0.157803 -0.487343 -0.0895583 0.158656 -0.48322 -0.0935554 0.169894 -0.483207 -0.0887133 -0.166483 -0.486472 0.261408 -0.157599 -0.486463 0.265237 -0.158453 -0.48232 0.269237 -0.16969 -0.482332 0.264399 -0.170211 -0.486495 0.252041 -0.166483 -0.486472 0.261408 -0.16969 -0.482332 0.264399 -0.174346 -0.48236 0.252719 0.157744 -0.486364 0.265264 0.166686 -0.486472 0.261408 0.169894 -0.482331 0.264399 0.158656 -0.482319 0.269237 0.166686 -0.486472 0.261408 0.170415 -0.486495 0.252041 0.174549 -0.48236 0.252719 0.169894 -0.482331 0.264399 -0.157599 -0.487343 -0.0895583 -0.166483 -0.487333 -0.0857299 -0.16969 -0.483208 -0.0887133 -0.158453 -0.48322 -0.0935554 -0.166483 -0.487333 -0.0857299 -0.170211 -0.48731 -0.0763623 -0.174346 -0.483179 -0.0770246 -0.16969 -0.483208 -0.0887133 0.157803 -0.487343 -0.0895583 -0.157599 -0.487343 -0.0895583 -0.158453 -0.48322 -0.0935554 0.158656 -0.48322 -0.0935554 0.170415 -0.486495 0.252041 0.170415 -0.48731 -0.0763623 0.174549 -0.483179 -0.0770246 0.174549 -0.48236 0.252719 -0.174346 -0.48236 0.252719 -0.174346 -0.483179 -0.0770246 -0.170211 -0.48731 -0.0763623 -0.170211 -0.486495 0.252041 -0.0674868 -0.48232 0.269237 -0.158453 -0.48232 0.269237 -0.157599 -0.486463 0.265237 -0.0673934 -0.486465 0.265237 -0.0511255 -0.48212 0.269926 -0.0674868 -0.48232 0.269237 -0.0673934 -0.486465 0.265237 -0.0510174 -0.486266 0.265926 0.158656 -0.482319 0.269237 0.0681018 -0.481519 0.271992 0.0682308 -0.485671 0.267985 0.157744 -0.486364 0.265264 0.0681018 -0.481519 0.271992 0.0525492 -0.48192 0.270615 0.0527604 -0.486064 0.266615 0.0682308 -0.485671 0.267985 0.0525492 -0.48192 0.270615 -0.0511255 -0.48212 0.269926 -0.0510174 -0.486266 0.265926 0.0527604 -0.486064 0.266615 0.169894 -0.223533 -0.0801941 0.174549 -0.226768 -0.0689565 0.174549 -0.483179 -0.0770246 0.169894 -0.483207 -0.0887133 0.33746 0.534479 -0.291714 0.346698 0.528046 -0.269367 0.348603 0.526068 -0.271098 0.339301 0.532543 -0.293555 0.315133 0.537145 -0.300974 0.33746 0.534479 -0.291714 0.339301 0.532543 -0.293555 0.316844 0.535227 -0.302858 -0.315395 0.337424 0.392754 -0.337676 0.34011 0.383422 -0.339301 0.337161 0.385047 -0.316844 0.334474 0.394349 -0.337676 0.34011 0.383422 -0.346869 0.346562 0.361014 -0.348603 0.343632 0.36259 -0.339301 0.337161 0.385047 0.33745 0.340176 0.383195 0.315117 0.337512 0.392448 0.316844 0.334455 0.394349 0.339301 0.337147 0.385047 0.346694 0.346608 0.360855 0.33745 0.340176 0.383195 0.339301 0.337147 0.385047 0.348603 0.343622 0.36259 -0.337517 0.534496 -0.291771 -0.315156 0.537153 -0.301 -0.316844 0.535229 -0.302858 -0.339301 0.532547 -0.293555 -0.346798 0.528072 -0.269457 -0.337517 0.534496 -0.291771 -0.339301 0.532547 -0.293555 -0.348603 0.526075 -0.271098 -0.315156 0.537153 -0.301 0.315133 0.537145 -0.300974 0.316844 0.535227 -0.302858 -0.316844 0.535229 -0.302858 0.346698 0.528046 -0.269367 0.346694 0.346608 0.360855 0.348603 0.343622 0.36259 0.348603 0.526068 -0.271098 -0.348603 0.526075 -0.271098 -0.348603 0.343632 0.36259 -0.346869 0.346562 0.361014 -0.346798 0.528072 -0.269457 0.135887 0.334432 0.400078 0.316844 0.334455 0.394349 0.315117 0.337512 0.392448 0.135784 0.337476 0.398128 -0.316844 0.334474 0.394349 -0.135064 0.334457 0.394349 -0.135064 0.338049 0.390584 -0.315395 0.337424 0.392754 0.104808 0.255383 0.512244 0.135887 0.334432 0.400078 0.135784 0.337476 0.398128 0.104783 0.258212 0.511317 -0.102369 0.25538 0.510807 0.104808 0.255383 0.512244 0.104783 0.258212 0.511317 -0.100788 0.258218 0.50989 -0.135064 0.334457 0.394349 -0.102369 0.25538 0.510807 -0.100788 0.258218 0.50989 -0.135064 0.338049 0.390584 0.348603 0.526068 -0.271098 0.339301 0.532543 -0.293555 -0.155119 0.394744 0.311333 -0.155119 0.394744 0.299816 -0.155119 0.452612 0.299816 -0.155119 0.452612 0.311333 </float_array>
          <technique_common>
            <accessor count="537" offset="0" source="#meshId0-positions-array" stride="3">
              <param name="X" type="float" />
              <param name="Y" type="float" />
              <param name="Z" type="float" />
            </accessor>
          </technique_common>
        </source>
        <source id="meshId0-normals" name="meshId0-normals">
          <float_array id="meshId0-normals-array" count="1611"> 0 0 1 0 0 1 0 0 1 0 0 1 -1 0 0 -1 0 0 -1 0 0 -1 0 0 0 1 0 0 1 0 0 1 0 0 1 0 0 1 0 0 1 0 0 1 0 0 1 0 0 -1 -0 0 -1 -0 0 -1 -0 0 -1 -0 0 -1 -0 0 -1 -0 0 -1 -0 0 -1 -0 0.0316 0 0.9995 0.0316 0 0.9995 0.0316 0 0.9995 0.0316 0 0.9995 0 0.961 0.2767 0 0.961 0.2767 0 0.961 0.2767 0 0.961 0.2767 0.2844 0.8623 0.4191 0.2844 0.8623 0.4191 0.2844 0.8623 0.4191 0.2844 0.8623 0.4191 -0.3827 0 -0.9239 -0.3827 0 -0.9239 -0.3827 0 -0.9239 -0.3827 0 -0.9239 0 0.961 0.2767 0 0.961 0.2767 0 0.961 0.2767 0 0.961 0.2767 -0.0005 -0.961 -0.2767 -0.0005 -0.961 -0.2767 -0.0005 -0.961 -0.2767 -0.0005 -0.961 -0.2767 0 -0.9611 -0.2763 0 -0.9611 -0.2763 0 -0.9611 -0.2763 0 -0.9611 -0.2763 0 0.961 0.2767 0 0.961 0.2767 0 0.961 0.2767 0 0.961 0.2767 -0.3827 0 0.9239 -0.3827 0 0.9239 -0.3827 0 0.9239 -0.3827 0 0.9239 -0.0085 -0.9635 -0.2677 -0.0085 -0.9635 -0.2677 -0.0085 -0.9635 -0.2677 -0.0085 -0.9635 -0.2677 -0.0004 -0.9609 -0.2768 -0.0004 -0.9609 -0.2768 -0.0004 -0.9609 -0.2768 -0.0004 -0.9609 -0.2768 0.0001 -0.961 -0.2764 0.0001 -0.961 -0.2764 0.0001 -0.961 -0.2764 0.0001 -0.961 -0.2764 0.0005 -0.961 -0.2767 0.0005 -0.961 -0.2767 0.0005 -0.961 -0.2767 0.0005 -0.961 -0.2767 0 0.961 0.2767 0 0.961 0.2767 0 0.961 0.2767 0 0.961 0.2767 0 0.961 0.2767 0 0.961 0.2767 0 0.961 0.2767 0 0.961 0.2767 -0.9239 0 0.3827 -0.9239 0 0.3827 -0.9239 0 0.3827 -0.9239 0 0.3827 0 0.961 0.2767 0 0.961 0.2767 0 0.961 0.2767 0 0.961 0.2767 0.9239 0 0.3827 0.9239 0 0.3827 0.9239 0 0.3827 0.9239 0 0.3827 1 0 0 1 0 0 1 0 0 1 0 0 0.3827 0 -0.9239 0.3827 0 -0.9239 0.3827 0 -0.9239 0.3827 0 -0.9239 0.0316 0 0.9995 0.0316 0 0.9995 0.3827 0 0.9239 0.3827 0 0.9239 0.3827 0 0.9239 0.3827 0 0.9239 -0.9239 0 -0.3827 -0.9239 0 -0.3827 -0.9239 0 -0.3827 -0.9239 0 -0.3827 0 0.961 0.2767 0 0.961 0.2767 0 0.961 0.2767 0 0.961 0.2767 0 0.961 0.2767 0 0.961 0.2767 0 0.961 0.2767 0 0.961 0.2767 0 0.961 0.2767 0 0.961 0.2767 -0.0023 0.964 0.2658 -0.0023 0.964 0.2658 -0.0023 0.964 0.2658 -0.0023 0.964 0.2658 0 0.961 0.2767 0 0.961 0.2767 0.3827 0 -0.9239 0.3827 0 -0.9239 -1 0 0 -1 0 0 -1 0 0 -1 0 0 0 0.961 0.2767 0 0.961 0.2767 0.0119 -0.9624 -0.2716 0.0119 -0.9624 -0.2716 0.0119 -0.9624 -0.2716 0.0119 -0.9624 -0.2716 -0 -0.9608 -0.2773 -0 -0.9608 -0.2773 -0 -0.9608 -0.2773 -0 -0.9608 -0.2773 0 0 -1 0 0 -1 0 0 -1 0 0 -1 0.9239 0 -0.3827 0.9239 0 -0.3827 0.9239 0 -0.3827 0.9239 0 -0.3827 -0.3827 0 0.9239 -0.3827 0 0.9239 -0.9239 0 -0.3827 -0.9239 0 -0.3827 -0.0918 0 0.9958 -0.0918 0 0.9958 -0.0918 0 0.9958 -0.0918 0 0.9958 0 0.961 0.2767 0 0 1 0 0 1 0 0 1 0 0 1 0.9042 -0.1681 0.3926 0.9042 -0.1681 0.3926 0.9042 -0.1681 0.3926 0.9042 -0.1681 0.3926 0.0049 0.9649 0.2627 0.0049 0.9649 0.2627 0.0049 0.9649 0.2627 0.0049 0.9649 0.2627 0.3827 0 0.9239 0.3827 0 0.9239 0.0047 0.9659 0.259 0.0047 0.9659 0.259 0.0047 0.9659 0.259 0.0047 0.9659 0.259 -0.0044 -0.7717 0.636 -0.0044 -0.7717 0.636 -0.0044 -0.7717 0.636 -0.0044 -0.7717 0.636 0.0003 0.9635 0.2677 0.0003 0.9635 0.2677 0.0003 0.9635 0.2677 0.0003 0.9635 0.2677 -0.3458 0.8451 0.4076 -0.3458 0.8451 0.4076 -0.3458 0.8451 0.4076 -0.3458 0.8451 0.4076 0.0262 -0.9585 -0.284 0.0262 -0.9585 -0.284 0.0262 -0.9585 -0.284 0.0262 -0.9585 -0.284 0.0023 0.9618 0.2736 0.0023 0.9618 0.2736 0.0023 0.9618 0.2736 0.0023 0.9618 0.2736 -0.9055 -0.167 0.3902 -0.9055 -0.167 0.3902 -0.9055 -0.167 0.3902 -0.9055 -0.167 0.3902 -0.0017 0.8764 0.4817 -0.0017 0.8764 0.4817 -0.0017 0.8764 0.4817 -0.0017 0.8764 0.4817 0.0019 -0.9614 -0.2752 0.0019 -0.9614 -0.2752 0.0019 -0.9614 -0.2752 0.0019 -0.9614 -0.2752 -0.3827 0 -0.9239 -0.3827 0 -0.9239 0 0 -1 0 0 -1 0.0004 -0.9609 -0.2768 0.0004 -0.9609 -0.2768 0.0004 -0.9609 -0.2768 0.0004 -0.9609 -0.2768 1 0 0 1 0 0 0 0 1 0 0 1 -0.0003 -0.961 -0.2765 -0.0003 -0.961 -0.2765 -0.0003 -0.961 -0.2765 -0.0003 -0.961 -0.2765 0.0002 -0.9609 -0.2771 0.0002 -0.9609 -0.2771 0.0002 -0.9609 -0.2771 0.0002 -0.9609 -0.2771 -0.0002 -0.9609 -0.2771 -0.0002 -0.9609 -0.2771 -0.0002 -0.9609 -0.2771 -0.0002 -0.9609 -0.2771 0.0003 -0.961 -0.2765 0.0003 -0.961 -0.2765 0.0003 -0.961 -0.2765 0.0003 -0.961 -0.2765 0.9239 0 0.3827 0.9239 0 0.3827 -0.0069 0 1 -0.0069 0 1 -0.0069 0 1 -0.0069 0 1 -0.0438 0 0.999 -0.0438 0 0.999 -0.0438 0 0.999 -0.0438 0 0.999 -0.9239 0 0.3827 -0.9239 0 0.3827 -1 0 0 -1 0 0 -1 0 0 -1 0 0 -1 0 0 -1 0 0 1 0 0 1 0 0 1 0 0 1 0 0 0.0312 0.0322 0.999 0.0312 0.0322 0.999 0.0312 0.0322 0.999 0.0312 0.0322 0.999 -0.0068 0.0323 0.9995 -0.0068 0.0323 0.9995 -0.0068 0.0323 0.9995 -0.0068 0.0323 0.9995 -0.3906 0.0304 -0.9201 -0.3906 0.0304 -0.9201 -0.3906 0.0304 -0.9201 -0.3906 0.0304 -0.9201 0.9259 0.0111 0.3777 0.9259 0.0111 0.3777 0.9259 0.0111 0.3777 0.9259 0.0111 0.3777 -0.927 0.012 -0.3748 -0.927 0.012 -0.3748 -0.927 0.012 -0.3748 -0.927 0.012 -0.3748 -0.0431 0.0324 0.9985 -0.0431 0.0324 0.9985 -0.0431 0.0324 0.9985 -0.0431 0.0324 0.9985 0 -1 0.0032 0 -1 0.0032 0 -1 0.0032 0 -1 0.0032 0 -1 0.0032 0 -1 0.0032 0 -1 0.0032 0 -1 0.0032 0 -1 0.0032 0 -1 0.0032 0 -1 0.0032 0 -1 0.0032 0 -1 0.0032 0 -1 0.0032 0 -1 0.0032 0 -1 0.0032 -0.0904 0.032 0.9954 -0.0904 0.032 0.9954 -0.0904 0.032 0.9954 -0.0904 0.032 0.9954 -0.3874 0.0293 0.9214 -0.3874 0.0293 0.9214 -0.3874 0.0293 0.9214 -0.3874 0.0293 0.9214 0 0.0333 -0.9994 0 0.0333 -0.9994 0 0.0333 -0.9994 0 0.0333 -0.9994 0.3906 0.0304 -0.9201 0.3906 0.0304 -0.9201 0.3906 0.0304 -0.9201 0.3906 0.0304 -0.9201 -0.9259 0.0111 0.3777 -0.9259 0.0111 0.3777 -0.9259 0.0111 0.3777 -0.9259 0.0111 0.3777 0.3874 0.0293 0.9214 0.3874 0.0293 0.9214 0.3874 0.0293 0.9214 0.3874 0.0293 0.9214 0 0.0325 0.9995 0 0.0325 0.9995 0 0.0325 0.9995 0 0.0325 0.9995 0.5803 -0.688 -0.4358 0.5803 -0.688 -0.4358 0.5803 -0.688 -0.4358 0.5803 -0.688 -0.4358 0.2159 -0.6688 -0.7114 0.2159 -0.6688 -0.7114 0.2159 -0.6688 -0.7114 0.2159 -0.6688 -0.7114 -0.3153 -0.7753 0.5472 -0.3153 -0.7753 0.5472 -0.3153 -0.7753 0.5472 -0.3153 -0.7753 0.5472 -0.6689 -0.7403 0.0669 -0.6689 -0.7403 0.0669 -0.6689 -0.7403 0.0669 -0.6689 -0.7403 0.0669 0.3154 -0.7753 0.5472 0.3154 -0.7753 0.5472 0.3154 -0.7753 0.5472 0.3154 -0.7753 0.5472 0.6691 -0.7402 0.067 0.6691 -0.7402 0.067 0.6691 -0.7402 0.067 0.6691 -0.7402 0.067 -0.2159 -0.6689 -0.7114 -0.2159 -0.6689 -0.7114 -0.2159 -0.6689 -0.7114 -0.2159 -0.6689 -0.7114 -0.5801 -0.6882 -0.4357 -0.5801 -0.6882 -0.4357 -0.5801 -0.6882 -0.4357 -0.5801 -0.6882 -0.4357 0 -0.6091 -0.7931 0 -0.6091 -0.7931 0 -0.6091 -0.7931 0 -0.6091 -0.7931 0.7555 -0.6297 -0.1811 0.7555 -0.6297 -0.1811 0.7555 -0.6297 -0.1811 0.7555 -0.6297 -0.1811 -0.7552 -0.63 -0.1812 -0.7552 -0.63 -0.1812 -0.7552 -0.63 -0.1812 -0.7552 -0.63 -0.1812 0.0006 -0.6609 0.7505 0.0006 -0.6609 0.7505 0.0006 -0.6609 0.7505 0.0006 -0.6609 0.7505 -0.0304 -0.6859 0.7271 -0.0304 -0.6859 0.7271 -0.0304 -0.6859 0.7271 -0.0304 -0.6859 0.7271 0.0228 -0.6743 0.7381 0.0228 -0.6743 0.7381 0.0228 -0.6743 0.7381 0.0228 -0.6743 0.7381 -0.0701 -0.6662 0.7425 -0.0701 -0.6662 0.7425 -0.0701 -0.6662 0.7425 -0.0701 -0.6662 0.7425 -0.005 -0.6867 0.7269 -0.005 -0.6867 0.7269 -0.005 -0.6867 0.7269 -0.005 -0.6867 0.7269 -0.0001 -0.961 -0.2764 -0.0001 -0.961 -0.2764 -0.0001 -0.961 -0.2764 -0.0001 -0.961 -0.2764 0.6611 -0.7033 -0.2615 0.6611 -0.7033 -0.2615 0.6611 -0.7033 -0.2615 0.6611 -0.7033 -0.2615 0.2844 -0.697 -0.6582 0.2844 -0.697 -0.6582 0.2844 -0.697 -0.6582 0.2844 -0.697 -0.6582 -0.2835 -0.6959 0.6599 -0.2835 -0.6959 0.6599 -0.2835 -0.6959 0.6599 -0.2835 -0.6959 0.6599 -0.6601 -0.703 0.2647 -0.6601 -0.703 0.2647 -0.6601 -0.703 0.2647 -0.6601 -0.703 0.2647 0.2791 -0.6999 0.6575 0.2791 -0.6999 0.6575 0.2791 -0.6999 0.6575 0.2791 -0.6999 0.6575 0.6601 -0.703 0.2647 0.6601 -0.703 0.2647 0.6601 -0.703 0.2647 0.6601 -0.703 0.2647 -0.2844 -0.697 -0.6582 -0.2844 -0.697 -0.6582 -0.2844 -0.697 -0.6582 -0.2844 -0.697 -0.6582 -0.6611 -0.7033 -0.2615 -0.6611 -0.7033 -0.2615 -0.6611 -0.7033 -0.2615 -0.6611 -0.7033 -0.2615 0 -0.696 -0.718 0 -0.696 -0.718 0 -0.696 -0.718 0 -0.696 -0.718 0.707 -0.7072 0.0018 0.707 -0.7072 0.0018 0.707 -0.7072 0.0018 0.707 -0.7072 0.0018 -0.707 -0.7072 0.0018 -0.707 -0.7072 0.0018 -0.707 -0.7072 0.0018 -0.707 -0.7072 0.0018 -0 -0.6945 0.7195 -0 -0.6945 0.7195 -0 -0.6945 0.7195 -0 -0.6945 0.7195 -0.0218 -0.6944 0.7192 -0.0218 -0.6944 0.7192 -0.0218 -0.6944 0.7192 -0.0218 -0.6944 0.7192 0.016 -0.6983 0.7156 0.016 -0.6983 0.7156 0.016 -0.6983 0.7156 0.016 -0.6983 0.7156 -0.0458 -0.6947 0.7179 -0.0458 -0.6947 0.7179 -0.0458 -0.6947 0.7179 -0.0458 -0.6947 0.7179 -0.0034 -0.6944 0.7196 -0.0034 -0.6944 0.7196 -0.0034 -0.6944 0.7196 -0.0034 -0.6944 0.7196 0.927 0.012 -0.3748 0.927 0.012 -0.3748 0.927 0.012 -0.3748 0.927 0.012 -0.3748 0.6853 0.7244 -0.0749 0.6853 0.7244 -0.0749 0.6853 0.7244 -0.0749 0.6853 0.7244 -0.0749 0.3116 0.7931 -0.5233 0.3116 0.7931 -0.5233 0.3116 0.7931 -0.5233 0.3116 0.7931 -0.5233 -0.2591 0.5633 0.7846 -0.2591 0.5633 0.7846 -0.2591 0.5633 0.7846 -0.2591 0.5633 0.7846 -0.6511 0.6146 0.4454 -0.6511 0.6146 0.4454 -0.6511 0.6146 0.4454 -0.6511 0.6146 0.4454 0.2407 0.6082 0.7565 0.2407 0.6082 0.7565 0.2407 0.6082 0.7565 0.2407 0.6082 0.7565 0.6172 0.6503 0.4429 0.6172 0.6503 0.4429 0.6172 0.6503 0.4429 0.6172 0.6503 0.4429 -0.3144 0.7845 -0.5344 -0.3144 0.7845 -0.5344 -0.3144 0.7845 -0.5344 -0.3144 0.7845 -0.5344 -0.6989 0.7101 -0.0855 -0.6989 0.7101 -0.0855 -0.6989 0.7101 -0.0855 -0.6989 0.7101 -0.0855 0 0.6977 -0.7164 0 0.6977 -0.7164 0 0.6977 -0.7164 0 0.6977 -0.7164 0.7808 0.6004 0.1729 0.7808 0.6004 0.1729 0.7808 0.6004 0.1729 0.7808 0.6004 0.1729 -0.8019 0.5741 0.1652 -0.8019 0.5741 0.1652 -0.8019 0.5741 0.1652 -0.8019 0.5741 0.1652 0.0266 0.5393 0.8417 0.0266 0.5393 0.8417 0.0266 0.5393 0.8417 0.0266 0.5393 0.8417 0.0036 0.6333 0.7739 0.0036 0.6333 0.7739 0.0036 0.6333 0.7739 0.0036 0.6333 0.7739 0.8932 0.2133 0.3959 0.8932 0.2133 0.3959 0.8932 0.2133 0.3959 0.8932 0.2133 0.3959 -0.0066 0.3112 0.9503 -0.0066 0.3112 0.9503 -0.0066 0.3112 0.9503 -0.0066 0.3112 0.9503 -0.6234 0.5548 0.551 -0.6234 0.5548 0.551 -0.6234 0.5548 0.551 -0.6234 0.5548 0.551 0.9239 0 -0.3827 0.9239 0 -0.3827 1 0 0 1 0 0 1 0 0 1 0 0 </float_array>
          <technique_common>
            <accessor count="537" offset="0" source="#meshId0-normals-array" stride="3">
              <param name="X" type="float" />
              <param name="Y" type="float" />
              <param name="Z" type="float" />
            </accessor>
          </technique_common>
        </source>
        <source id="meshId0-tangents" name="meshId0-tangents">
          <float_array id="meshId0-tangents-array" count="1611"> 0 -1 0 0 -1 0 0 -1 0 0 -1 0 0 0 1 0 -3.36128e-05 1 0 -0.000317733 1 0 -0.00028412 1 -0.000266384 0 1 -0.000253718 0 1 0.000238819 0 1 -0.0042278 0 0.999991 -0.000502982 0 1 -1.39496e-05 0 1 -0.000317661 0 1 -0.000304833 0 1 0.000635919 0 -1 0.000624343 0 -1 -0.00107813 0 -0.999999 0.000250492 0 -1 0.000472747 0 -1 0.000516254 0 -1 0.000535209 0 -1 0.000523285 0 -1 0.9995 -0.000711617 -0.0316 0.9995 -0.000706678 -0.0316 0.9995 -0.000706939 -0.0316 0.9995 -0.000710424 -0.0316 1 -2.01978e-05 7.015e-05 1 -2.53749e-05 8.81294e-05 1 -1.67553e-06 5.81635e-06 1 -2.91778e-05 0.000101335 0.935228 -0.345646 0.0766694 0.955758 -0.289266 -0.0533989 0.958702 -0.255757 -0.124414 0.95824 -0.269289 -0.0962296 -0.923096 -0.0410893 0.382367 -0.923098 -0.0410404 0.382368 -0.923098 -0.0410395 0.382368 -0.923097 -0.041085 0.382367 1 -1.8076e-05 6.2779e-05 1 -2.23527e-05 7.76272e-05 1 -1.79083e-05 6.21992e-05 1 -2.93261e-05 0.000101852 1 -0.000497509 -7.91241e-05 1 -0.000497154 -8.03588e-05 1 -0.000496943 -8.10929e-05 1 -0.000497426 -7.94147e-05 1 -1.64449e-05 5.7203e-05 1 -1.61526e-05 5.61862e-05 1 -1.59087e-05 5.53378e-05 1 -1.63373e-05 5.68287e-05 1 -7.83268e-06 2.72014e-05 1 -9.76697e-06 3.39195e-05 1 -2.67803e-05 9.30105e-05 1 -1.14171e-05 3.96512e-05 0.923847 0.00796993 0.382678 0.923847 0.00805733 0.382678 0.923847 0.00806544 0.382678 0.923847 0.00797292 0.382678 0.999964 -0.00825241 -0.00204893 0.999964 -0.0082525 -0.00204859 0.999964 -0.0082527 -0.00204787 0.999964 -0.00825257 -0.00204833 1 -0.000397384 -6.55786e-05 1 -0.000399564 -5.80117e-05 1 -0.000446715 0.000105665 1 -0.00044252 9.11023e-05 1 0.000105302 -4.3209e-06 1 0.000105033 -3.38463e-06 1 9.47197e-05 3.24867e-05 1 9.52318e-05 3.07057e-05 1 0.0004695 0.000176402 1 0.000469946 0.000174855 1 0.000470299 0.000173627 1 0.000469613 0.00017601 1 -1.21823e-05 4.23123e-05 1 -2.31295e-05 8.03289e-05 1 -1.69073e-05 5.87197e-05 1 -1.04908e-05 3.64359e-05 1 -6.29006e-06 2.18513e-05 1 -3.56507e-05 0.000123819 1 -2.07532e-05 7.20767e-05 1 -2.28345e-05 7.93036e-05 0.11269 0.955662 0.272051 0.112691 0.955661 0.272055 0.112691 0.95566 0.272055 0.112689 0.955662 0.27205 1 -1.64048e-05 5.69747e-05 1 -1.17674e-05 4.08732e-05 1 -2.03154e-05 7.05569e-05 1 -2.13457e-05 7.41353e-05 0.38269 0.00123533 -0.923876 0.38269 0.00133012 -0.923876 0.38269 0.00133465 -0.923876 0.38269 0.00124567 -0.923876 0 -0.000181575 -1 0 -0.00018039 -1 0 -0.00018044 -1 0 -0.000182899 -1 -0.923064 0.0419262 -0.382354 -0.923065 0.0419139 -0.382354 -0.923065 0.0419129 -0.382354 -0.923064 0.041925 -0.382354 0.9995 -0.000707715 -0.0316 0.9995 -0.00070943 -0.0316 0.923847 -0.00802115 -0.382678 0.923847 -0.00797025 -0.382678 0.923847 -0.00796934 -0.382678 0.923847 -0.00801618 -0.382678 -0.114995 0.953785 0.277617 -0.114999 0.953781 0.277627 -0.115 0.95378 0.277629 -0.114995 0.953784 0.277618 1 -2.044e-05 7.0988e-05 1 -1.53186e-05 5.32032e-05 1 -3.29702e-05 0.00011451 1 -5.82677e-06 2.02352e-05 1 -3.27079e-05 0.000113592 1 -1.37203e-05 4.76527e-05 1 -1.41186e-05 4.90337e-05 1 -2.32048e-05 8.05925e-05 1 -2.17848e-05 7.56618e-05 1 -4.5302e-06 1.57352e-05 0.999997 0.00219496 0.00069196 0.999997 0.00225349 0.00048055 0.999997 0.00227346 0.00040843 0.999997 0.00220519 0.000654988 1 -1.7134e-05 5.95062e-05 1 -1.67361e-05 5.81241e-05 -0.923066 0.0418822 -0.382355 -0.923066 0.0418812 -0.382355 0 0.960982 0.276609 0 0.960985 0.276601 0 0.960983 0.276608 0 0.960982 0.27661 1 -2.60158e-05 9.03538e-05 1 -3.89779e-05 0.000135371 0.999929 0.0115145 0.00301045 0.999929 0.0115147 0.00300961 0.999929 0.0115173 0.00300057 0.999929 0.0115168 0.00300215 1 -1.67291e-05 5.79638e-05 1 -1.44552e-05 5.00851e-05 1 -9.26618e-06 3.21058e-05 1 -1.34117e-05 4.64696e-05 -1 0.000464963 0 -1 0.000463946 0 -1 0.000465738 0 -1 0.000464475 0 -0.38269 -0.00179341 -0.923875 -0.38269 -0.00179995 -0.923875 -0.38269 -0.00179998 -0.923875 -0.38269 -0.00180062 -0.923875 0.923847 0.00805977 0.382678 0.923847 0.00805719 0.382678 -0.115008 0.953774 0.277647 -0.115008 0.953774 0.277648 0.995776 0.00193211 0.0917978 0.995776 0.00185632 0.0917978 0.995776 0.00185328 0.0917978 0.995776 0.00192907 0.0917978 1 -2.38692e-05 8.28995e-05 1 -3.41546e-05 0 1 -3.68939e-05 0 1 -4.11014e-05 0 1 -3.50212e-05 0 -0.424047 -0.463977 0.777759 0.394202 -0.0251737 -0.918679 -0.424047 -0.463977 0.777759 -0.424047 -0.463977 0.777759 0.999988 -0.0048436 -0.000860876 0.999988 -0.0047854 -0.00107583 0.999988 -0.00475009 -0.00120625 0.999988 -0.00482489 -0.000930001 0.923847 -0.0080573 -0.382678 0.923847 -0.00806028 -0.382678 0.999989 -0.00456264 -0.0011323 0.999989 -0.00461342 -0.000941492 0.999989 -0.00466344 -0.000753553 0.999989 -0.00461325 -0.000942121 0.999975 0.000103825 0.00704405 0.999975 0.00010352 0.00704368 0.999975 0.000103058 0.00704311 0.999975 0.000103363 0.00704348 1 -0.000307784 -1.2883e-05 1 -0.000319224 2.82823e-05 1 -0.000320307 3.21765e-05 1 -0.000308879 -8.94339e-06 0.933459 0.35395 0.0580846 0.934755 0.34804 0.0714238 0.938314 0.31149 0.150136 0.937772 0.325988 0.119651 0.999656 0.0253822 0.00655683 0.999656 0.0253844 0.0065496 0.999656 0.0254239 0.00641617 0.999656 0.02542 0.00642916 0.999997 -0.00223102 -0.000562811 0.999997 -0.00226836 -0.000432393 0.999997 -0.00229929 -0.000324367 0.999997 -0.00226214 -0.000454124 0.424146 -0.379527 0.822228 0.417557 -0.515203 0.748473 0.416714 -0.524322 0.742587 0.422093 -0.44914 0.787471 0.999998 0.00191646 4.19939e-05 0.999999 0.00168677 0.000460283 0.999999 0.0014703 0.000854484 0.999998 0.00169857 0.000438789 0.999998 0.00182821 0.000517267 0.999998 0.001826 0.000525015 0.999998 0.00182286 0.000535962 0.999998 0.00182625 0.000524133 -0.923095 -0.0411304 0.382367 -0.923095 -0.041133 0.382366 -1 0.000468469 0 -1 0.000465702 0 1 0.000372866 0.000150696 1 0.000373064 0.000150008 1 0.000378672 0.000130541 1 0.000378301 0.000131829 0 -0.000182293 -1 0 -0.000183624 -1 1 -4.43586e-05 0 1 -4.1884e-05 0 1 -0.000313792 5.61426e-06 1 -0.000313435 4.37572e-06 1 -0.00029643 -5.47245e-05 1 -0.000297106 -5.23761e-05 1 0.00018721 7.25797e-05 1 0.000184911 8.05553e-05 1 0.000138877 0.000240197 1 0.000143272 0.000224953 1 -0.000218889 3.7275e-05 1 -0.000218288 3.51914e-05 1 -0.000197084 -3.83511e-05 1 -0.000198211 -3.4442e-05 1 0.00025771 0.000189302 1 0.000258578 0.000186284 1 0.000280565 0.000109864 1 0.000278892 0.000115679 0.38269 0.00130906 -0.923876 0.38269 0.00130818 -0.923876 0.999976 0.000102398 0.00689983 0.999976 0.000102398 0.00689983 0.999976 0.000102398 0.00689983 0.999976 0.000102398 0.00689983 0.99904 0.000855663 0.0438017 0.99904 0.000837431 0.0438018 0.99904 0.000836663 0.0438017 0.99904 0.000854895 0.0438017 0.112695 0.955657 0.272064 0.112695 0.955657 0.272064 0 0.96098 0.276617 0 0.960981 0.276615 0 0.999463 0.032775 0 0.999462 0.0327852 0 0.999462 0.0327895 0 0.999463 0.0327813 0 -0.999462 -0.0327898 0 -0.999462 -0.0327873 0 -0.999462 -0.0327856 0 -0.999462 -0.0327885 2.79777e-05 0.999481 -0.0322164 2.25018e-05 0.999481 -0.0322162 1.13004e-05 0.999481 -0.0322159 1.68075e-05 0.999481 -0.032216 3.86084e-05 0.999478 -0.032299 3.11631e-05 0.999478 -0.0322991 1.83323e-05 0.999478 -0.0322992 2.57685e-05 0.999478 -0.0322991 0.000231139 -0.999451 -0.0331199 0.000237718 -0.999451 -0.0331227 0.000438162 -0.999448 -0.0332076 0.000432071 -0.999448 -0.0332051 0.0248725 -0.999191 -0.0316083 0.0248735 -0.999191 -0.0316108 0.0248964 -0.999188 -0.0316668 0.0248952 -0.999188 -0.0316641 -0.000357314 0.999459 0.0328835 -0.000354318 0.999459 0.0328761 -0.000274335 0.999466 0.0326785 -0.000276779 0.999466 0.0326846 2.18279e-05 0.999474 -0.0324307 2.1451e-05 0.999474 -0.0324307 1.60425e-05 0.999474 -0.0324309 1.64166e-05 0.999474 -0.0324309 -1 -7.23019e-07 -0.000226092 -1 3.05642e-07 9.5492e-05 -1 5.93728e-08 1.83437e-05 -0.999997 7.24356e-06 0.00229239 -0.999997 7.29881e-06 0.00230967 -0.999996 -8.69589e-06 -0.00275191 -0.999996 -9.38062e-06 -0.00296841 -0.999998 -7.02751e-06 -0.0022232 -0.999999 -3.22234e-06 -0.00101934 -1 3.26447e-07 0.000101996 -1 2.38615e-07 7.45627e-05 -1 -1.74777e-08 -5.41251e-06 -1 -2.22266e-08 -6.94437e-06 -1 -2.3263e-08 -7.26685e-06 -1 0 0 -1 9.47388e-08 2.98956e-05 3.51482e-05 0.999484 -0.0321281 3.4801e-05 0.999484 -0.0321281 2.95871e-05 0.999484 -0.0321286 2.99288e-05 0.999484 -0.0321286 -0.000235193 0.999492 -0.0318822 -0.000208961 0.999492 -0.0318712 0.000266824 0.999498 -0.0316712 0.000242615 0.999498 -0.0316814 0.000325546 -0.999445 -0.0333015 0.000325936 -0.999445 -0.0333015 0.00032624 -0.999445 -0.0333015 0.000325851 -0.999445 -0.0333015 0.000213658 -0.999458 -0.0329312 0.000219275 -0.999458 -0.0329289 0.000412886 -0.99946 -0.0328468 0.000406894 -0.99946 -0.0328493 0.0252764 0.999149 0.0325997 0.0252557 0.999151 0.0325491 0.0249286 0.999185 0.0317456 0.024945 0.999183 0.0317861 -0.000229081 0.999498 -0.0316871 -0.000206385 0.999497 -0.0316966 0.000273255 0.999491 -0.0318982 0.000249141 0.999491 -0.0318881 1.87229e-05 0.999472 -0.0324991 1.87229e-05 0.999472 -0.0324991 1.87229e-05 0.999472 -0.0324991 1.87229e-05 0.999472 -0.0324991 0.800312 0.580861 0.148666 0.800108 0.581445 0.147474 0.800047 0.58162 0.147115 0.800251 0.581037 0.148306 0.967313 0.245756 0.0625259 0.967299 0.245829 0.0624537 0.967294 0.245858 0.0624245 0.967307 0.245786 0.0624963 0.888618 -0.443606 -0.116495 0.891162 -0.440124 -0.110097 0.891953 -0.439021 -0.108079 0.889465 -0.442458 -0.11438 0.723136 -0.668939 -0.172032 0.723673 -0.669144 -0.168949 0.723814 -0.669197 -0.168132 0.723286 -0.668996 -0.171177 0.893276 0.437182 0.104546 0.888288 0.444082 0.117198 0.887176 0.44557 0.119947 0.892202 0.438701 0.107318 0.723749 0.669401 0.167598 0.723105 0.669154 0.171325 0.72293 0.669086 0.172328 0.723573 0.669334 0.168623 0.967202 -0.24635 -0.0618997 0.967362 -0.245509 -0.0627388 0.967422 -0.24519 -0.0630572 0.967265 -0.246023 -0.0622257 0.800006 -0.581988 -0.145879 0.800406 -0.580846 -0.148216 0.800574 -0.580363 -0.149201 0.800182 -0.581487 -0.146904 1 -5.9551e-05 4.57351e-05 1 -5.81548e-05 4.46628e-05 1 -5.81429e-05 4.46537e-05 1 -5.95305e-05 4.57193e-05 -0.236011 -0.00369106 -0.971743 -0.23198 0.00142729 -0.972719 -0.231958 0.00145553 -0.972725 -0.235973 -0.00364225 -0.971753 -0.655423 0.720882 0.225279 -0.655428 0.720984 0.224938 -0.655428 0.720985 0.224932 -0.655423 0.720882 0.225276 1 0.000379547 -0.000465267 0.999999 -0.000435901 -0.0011833 0.999999 -0.00047157 -0.00121471 1 0.00035382 -0.000487921 0.999047 0.00195609 0.0436152 0.999124 8.70586e-05 0.0418555 0.999138 -0.00027088 0.0415185 0.999061 0.00162009 0.0432989 0.99949 -0.00112603 -0.0319031 0.999515 -0.000302116 -0.0311511 0.999515 -0.000284338 -0.0311349 0.999491 -0.00111074 -0.0318891 0.995508 0.000763469 0.0946718 0.995316 0.0029602 0.0966245 0.995288 0.0032747 0.096904 0.995482 0.00106913 0.0949436 0.999976 0.000123055 0.00699461 0.999976 0.000106279 0.00697876 0.999976 0.000105828 0.00697833 0.999976 0.000122734 0.0069943 1 -8.40166e-05 -6.96853e-05 1 -8.64071e-05 -6.13744e-05 1 -0.00015735 0.00018527 1 -0.000152732 0.000169216 -0.748434 -0.642751 -0.163454 -0.748417 -0.642851 -0.163142 -0.748411 -0.642886 -0.16303 -0.748426 -0.642798 -0.163308 -0.946884 -0.311707 -0.0790552 -0.946884 -0.311708 -0.079054 -0.946883 -0.311708 -0.0790536 -0.946884 -0.311707 -0.0790546 -0.00117165 0.68834 0.725388 -0.00141573 0.688392 0.725338 -0.00150761 0.688411 0.725319 -0.00129476 0.688366 0.725362 -0.720704 0.692047 0.0406974 -0.720723 0.692033 0.0406109 -0.72073 0.692027 0.0405797 -0.720713 0.69204 0.040657 -0.0026561 0.684121 0.729364 -0.00095859 0.684482 0.729029 -0.000341206 0.684613 0.728907 -0.00184796 0.684293 0.729205 -0.71729 -0.694535 -0.0558173 -0.717266 -0.694552 -0.0559228 -0.717257 -0.694558 -0.0559615 -0.717278 -0.694543 -0.0558685 -0.94684 0.311898 0.0788336 -0.946903 0.311624 0.0791513 -0.946927 0.311523 0.0792681 -0.94687 0.311767 0.0789859 -0.748436 0.642739 0.163493 -0.748439 0.642727 0.16353 -0.748439 0.642722 0.163544 -0.748438 0.642733 0.163511 -1 0 0 -1 0 0 -1 0 0 -1 0 0 -0.706031 -0.705973 -0.05588 -0.706026 -0.705969 -0.0559883 -0.706026 -0.705969 -0.0559895 -0.706031 -0.705973 -0.0558813 -0.706563 0.706467 0.0408975 -0.706566 0.70647 0.0408017 -0.706566 0.70647 0.0408005 -0.706563 0.706467 0.0408965 -0.0014264 0.719496 0.694496 -0.0013666 0.719496 0.694496 -0.00136382 0.719496 0.694496 -0.00142385 0.719495 0.694496 -0.00134231 0.719421 0.694573 -0.00140951 0.719422 0.694572 -0.00142778 0.719422 0.694571 -0.0013606 0.719421 0.694573 -0.00113151 0.715692 0.698415 -0.00117543 0.715692 0.698415 -0.00117734 0.715692 0.698415 -0.00113323 0.715692 0.698415 -0.00128716 0.718664 0.695357 -0.00170597 0.718676 0.695343 -0.0018264 0.71868 0.695338 -0.00140648 0.718667 0.695353 -0.00183523 0.719598 0.694389 -0.00135868 0.719597 0.694391 -0.0013411 0.719597 0.694391 -0.00181745 0.719597 0.694389 -0.000274366 -0.999466 -0.0326786 -0.000276684 -0.999466 -0.0326843 -0.000359748 -0.999459 -0.0328895 -0.000357102 -0.999459 -0.032883 0.709964 -0.687448 -0.152861 0.710076 -0.687484 -0.152179 0.710086 -0.687487 -0.152115 0.709975 -0.687452 -0.152795 0.904365 -0.416547 -0.0928014 0.904559 -0.416251 -0.0922382 0.904573 -0.41623 -0.0921985 0.904379 -0.416525 -0.0927608 0.950601 0.00493202 0.310378 0.951184 0.0077781 0.308527 0.951239 0.00805226 0.308349 0.950659 0.005217 0.310192 0.729934 0.667857 0.145475 0.731062 0.665548 0.150313 0.731199 0.665263 0.150905 0.730079 0.667564 0.146092 0.954351 -0.00625696 -0.298621 0.954353 -0.00626597 -0.298614 0.954353 -0.00626707 -0.298614 0.954351 -0.0062581 -0.29862 0.764126 -0.629599 -0.140416 0.764043 -0.629786 -0.140027 0.764037 -0.629801 -0.139995 0.764119 -0.629614 -0.140384 0.899586 0.426026 0.0961592 0.900691 0.424371 0.0930803 0.900805 0.424199 0.0927607 0.899705 0.425849 0.095828 0.689238 0.700603 0.184679 0.689837 0.700821 0.181589 0.689885 0.700838 0.181342 0.689288 0.700621 0.184424 -1 0.000397116 0.000386751 -1 0.000422055 0.000411038 -1 0.000422104 0.000411086 -1 0.000397222 0.000386854 0.215911 0.000397465 -0.976413 0.215659 0.000741081 -0.976468 0.215658 0.000741788 -0.976469 0.21591 0.000398776 -0.976413 0.597348 0.774829 0.206919 0.597353 0.774629 0.207649 0.597353 0.774628 0.207653 0.597348 0.774829 0.206921 0.999515 -0.000710494 -0.0311321 0.999515 -0.000712983 -0.0311306 0.999515 -0.000713027 -0.0311305 0.999515 -0.000710526 -0.0311321 0.999994 -0.00229153 -0.00277654 0.999981 0.00155386 -0.00592323 0.999981 0.00159909 -0.00596024 0.999994 -0.00223567 -0.00282224 0.40281 0.0119196 -0.915206 0.40858 -0.0171784 -0.912561 0.408608 -0.0173239 -0.912546 0.402838 0.011783 -0.915195 0.999976 0.000103658 0.00691106 0.999976 0.00010546 0.00691047 0.999976 0.000105477 0.00691047 0.999976 0.000103671 0.00691106 0.735196 0.655808 0.171472 0.723706 0.676179 0.137955 0.723583 0.67638 0.137614 0.734487 0.657164 0.169304 -0.38269 -0.00164226 -0.923875 -0.38269 -0.00165855 -0.923875 0 -0.000267764 -1 0 -0.000267764 -1 0 -0.000267764 -1 0 -0.000267764 -1 </float_array>
          <technique_common>
            <accessor count="537" offset="0" source="#meshId0-tangents-array" stride="3">
              <param name="X" type="float" />
              <param name="Y" type="float" />
              <param name="Z" type="float" />
            </accessor>
          </technique_common>
        </source>
        <source id="meshId0-bitangents" name="meshId0-bitangents">
          <float_array id="meshId0-bitangents-array" count="1611"> 1 0 -0 1 0 -0 1 0 -0 1 0 -0 0 1 -0 0 1 3.36128e-05 0 1 0.000317733 0 1 0.00028412 1 -0 0.000266384 1 -0 0.000253718 1 0 -0.000238819 0.999991 -0 0.0042278 1 -0 0.000502982 1 -0 1.39496e-05 1 -0 0.000317661 1 -0 0.000304833 1 0 0.000635919 1 0 0.000624343 0.999999 0 -0.00107813 1 0 0.000250492 1 0 0.000472747 1 0 0.000516254 1 0 0.000535209 1 0 0.000523285 0.000711261 0.999999 -2.24871e-05 0.000706325 0.999999 -2.2331e-05 0.000706586 0.999999 -2.23393e-05 0.000710068 0.999999 -2.24494e-05 7.30028e-05 0.2767 -0.961 9.17135e-05 0.2767 -0.961 6.05313e-06 0.2767 -0.961 0.000105456 0.2767 -0.961 0.210972 0.370149 -0.904748 0.0751855 0.415745 -0.906417 -9.41306e-05 0.437175 -0.899426 0.0298802 0.428966 -0.902876 -0.0379624 0.999181 0.0157249 -0.0379172 0.999183 0.0157062 -0.0379164 0.999183 0.0157058 -0.0379584 0.999181 0.0157232 6.53322e-05 0.2767 -0.961 8.07847e-05 0.2767 -0.961 6.47286e-05 0.2767 -0.961 0.000105994 0.2767 -0.961 -6.16225e-05 -0.2767 0.961 -6.03377e-05 -0.2767 0.961 -5.95737e-05 -0.2767 0.961 -6.13201e-05 -0.2767 0.961 -5.95215e-05 -0.2763 0.9611 -5.84635e-05 -0.2763 0.9611 -5.75807e-05 -0.2763 0.9611 -5.91321e-05 -0.2763 0.9611 2.83078e-05 0.2767 -0.961 3.52992e-05 0.2767 -0.961 9.67932e-05 0.2767 -0.961 4.1264e-05 0.2767 -0.961 -0.00736342 0.999994 -0.00305009 -0.00744417 0.999993 -0.00308354 -0.00745166 0.999993 -0.00308664 -0.00736619 0.999994 -0.00305124 -0.000235026 -0.267708 0.963535 -0.000235377 -0.267708 0.963535 -0.000236122 -0.267708 0.963535 -0.000235646 -0.267708 0.963535 -4.69815e-05 -0.2768 0.9609 -5.48559e-05 -0.2768 0.9609 -0.000225184 -0.2768 0.9609 -0.00021003 -0.2768 0.9609 3.32578e-05 -0.2764 0.961 3.22837e-05 -0.2764 0.961 -5.03919e-06 -0.2764 0.961 -3.18614e-06 -0.2764 0.961 -3.9612e-05 -0.2767 0.961 -3.80019e-05 -0.2767 0.961 -3.67234e-05 -0.2767 0.961 -3.92042e-05 -0.2767 0.961 4.40329e-05 0.2767 -0.961 8.3596e-05 0.2767 -0.961 6.11079e-05 0.2767 -0.961 3.79177e-05 0.2767 -0.961 2.27396e-05 0.2767 -0.961 0.000128855 0.2767 -0.961 7.50081e-05 0.2767 -0.961 8.25291e-05 0.2767 -0.961 -0.365732 0.294475 -0.882936 -0.365731 0.294478 -0.882935 -0.365731 0.294479 -0.882935 -0.365732 0.294474 -0.882936 5.92919e-05 0.2767 -0.961 4.25352e-05 0.2767 -0.961 7.34264e-05 0.2767 -0.961 7.71504e-05 0.2767 -0.961 -0.000472762 1.00002 0.00114132 -0.000509038 1.00002 0.0012289 -0.000510769 1.00002 0.00123308 -0.000476719 1.00002 0.00115088 0 1 -0.000181575 0 1 -0.00018039 0 1 -0.00018044 0 1 -0.000182899 0.0387356 0.999146 0.0160452 0.0387243 0.999146 0.0160405 0.0387234 0.999146 0.0160401 0.0387345 0.999146 0.0160447 0.000707361 0.999999 -2.23638e-05 0.000709075 0.999999 -2.2418e-05 0.00741074 0.999993 -0.00306969 0.00736371 0.999994 -0.00305021 0.00736287 0.999994 -0.00304987 0.00740615 0.999993 -0.00306779 0.365013 0.300499 -0.881202 0.365012 0.30051 -0.881198 0.365012 0.300512 -0.881198 0.365013 0.3005 -0.881201 7.38753e-05 0.2767 -0.961 5.53669e-05 0.2767 -0.961 0.000119167 0.2767 -0.961 2.10583e-05 0.2767 -0.961 0.000118212 0.2767 -0.961 4.95906e-05 0.2767 -0.961 5.1028e-05 0.2767 -0.961 8.38702e-05 0.2767 -0.961 7.87389e-05 0.2767 -0.961 1.6375e-05 0.2767 -0.961 8.36295e-05 0.265801 -0.964003 -0.000135727 0.2658 -0.964003 -0.000210558 0.2658 -0.964003 4.52684e-05 0.265801 -0.964003 6.19264e-05 0.2767 -0.961 6.04881e-05 0.2767 -0.961 0.038695 0.999148 0.0160283 0.038694 0.999148 0.0160279 0 0.276609 -0.960982 0 0.276601 -0.960985 0 0.276608 -0.960983 0 0.27661 -0.960982 9.40286e-05 0.2767 -0.961 0.000140877 0.2767 -0.961 0.000230072 -0.271617 0.962469 0.000230945 -0.271617 0.962469 0.000240333 -0.271616 0.962469 0.000238693 -0.271616 0.962469 -6.03306e-05 -0.2773 0.9608 -5.21302e-05 -0.2773 0.9608 -3.34168e-05 -0.2773 0.9608 -4.83671e-05 -0.2773 0.9608 0.000464963 1 0 0.000463946 1 0 0.000465738 1 0 0.000464475 1 0 -0.000686339 1.00002 -0.00165693 -0.00068884 1.00002 -0.00166297 -0.000688851 1.00002 -0.001663 -0.000689096 1.00002 -0.00166359 -0.00744642 0.999993 -0.00308447 -0.00744404 0.999993 -0.00308349 0.365009 0.300532 -0.881192 0.365009 0.300532 -0.881192 -0.00192399 1.00002 -0.000177367 -0.00184852 1.00002 -0.00017041 -0.00184549 1.00002 -0.000170131 -0.00192096 1.00002 -0.000177088 8.6271e-05 0.2767 -0.961 3.41546e-05 1 -0 3.68939e-05 1 -0 4.11014e-05 1 -0 3.50212e-05 1 -0 -0.0514158 0.869731 0.49081 0.164313 0.985433 0.0435033 -0.0514158 0.869731 0.49081 -0.0514158 0.869731 0.49081 0.000441754 0.262701 -0.964912 0.000219055 0.262702 -0.964912 8.39407e-05 0.262703 -0.964912 0.000370139 0.262701 -0.964912 0.00744414 0.999993 -0.00308353 0.00744689 0.999993 -0.00308467 8.80404e-05 0.259002 -0.965911 0.000285489 0.259002 -0.965911 0.000479973 0.259001 -0.965911 0.000284838 0.259002 -0.965911 -0.00550192 0.636015 0.77168 -0.00550144 0.636015 0.77168 -0.00550072 0.636015 0.77168 -0.0055012 0.636015 0.77168 6.99809e-05 0.2677 -0.9635 0.000112706 0.2677 -0.9635 0.000116748 0.2677 -0.9635 7.40699e-05 0.2677 -0.9635 -0.0951828 0.400563 -0.911262 -0.0815007 0.405704 -0.910314 -8.32528e-05 0.434374 -0.900682 -0.0317561 0.423611 -0.905237 0.000923832 -0.284074 0.958836 0.000931364 -0.284074 0.958836 0.00107048 -0.28407 0.958837 0.00105694 -0.284071 0.958836 6.90949e-05 0.273601 -0.961803 0.000204747 0.2736 -0.961803 0.000317109 0.2736 -0.961803 0.000182144 0.2736 -0.961803 0.0107792 0.91003 0.414494 0.0760373 0.840673 0.536249 0.0805783 0.835015 0.544365 0.0437466 0.877756 0.477185 -0.000886353 0.481699 -0.876402 -0.000409123 0.4817 -0.876402 4.06248e-05 0.481701 -0.876401 -0.000433646 0.4817 -0.876401 5.82403e-06 -0.2752 0.961402 -2.23547e-06 -0.275201 0.961402 -1.36225e-05 -0.275201 0.961402 -1.31741e-06 -0.275201 0.961402 -0.0380003 0.999179 0.0157406 -0.0380028 0.999179 0.0157416 0.000468469 1 0 0.000465702 1 0 -4.15945e-05 -0.2768 0.9609 -4.08788e-05 -0.2768 0.9609 -2.06201e-05 -0.2768 0.9609 -2.19603e-05 -0.2768 0.9609 0 1 -0.000182293 0 1 -0.000183624 4.43586e-05 1 -0 4.1884e-05 1 -0 -9.21587e-05 -0.2765 0.961 -9.087e-05 -0.2765 0.961 -2.93727e-05 -0.2765 0.961 -3.18163e-05 -0.2765 0.961 -1.78658e-05 -0.2771 0.9609 -2.61669e-05 -0.2771 0.9609 -0.000192323 -0.2771 0.9609 -0.000176457 -0.2771 0.9609 -9.64717e-05 -0.2771 0.9609 -9.43031e-05 -0.2771 0.9609 -1.77605e-05 -0.2771 0.9609 -2.1829e-05 -0.2771 0.9609 -0.000110663 -0.2765 0.961 -0.000107523 -0.2765 0.961 -2.80032e-05 -0.2765 0.961 -3.40534e-05 -0.2765 0.961 -0.000500977 1.00002 0.00120944 -0.000500639 1.00002 0.00120862 -0.000102398 1.00002 -7.06548e-07 -0.000102398 1.00002 -7.06548e-07 -0.000102398 1.00002 -7.06548e-07 -0.000102398 1.00002 -7.06548e-07 -0.000854808 0.999959 -3.74781e-05 -0.000836594 0.999959 -3.66795e-05 -0.000835826 0.999959 -3.66458e-05 -0.00085404 0.999959 -3.74444e-05 -0.36573 0.294488 -0.882932 -0.36573 0.294488 -0.882932 0 0.276617 -0.96098 0 0.276615 -0.960981 0 0.032775 -0.999463 0 0.0327852 -0.999462 0 0.0327895 -0.999462 0 0.0327813 -0.999463 0 0.0327898 -0.999462 0 0.0327873 -0.999462 0 0.0327856 -0.999462 0 0.0327885 -0.999462 -0.999519 0.0010331 0.0311829 -0.999519 0.00102762 0.0311831 -0.999519 0.00101642 0.0311834 -0.999519 0.00102193 0.0311833 -1.00002 -0.000181044 -0.0067977 -1.00002 -0.000188486 -0.00679746 -1.00002 -0.000201311 -0.00679704 -1.00002 -0.000193878 -0.00679728 -0.920602 -0.0131493 0.390379 -0.920602 -0.0131564 0.390378 -0.920602 -0.0133741 0.390371 -0.920602 -0.0133674 0.390371 0.377044 0.0386605 -0.925427 0.377043 0.0386631 -0.925427 0.377042 0.0387237 -0.925425 0.377042 0.0387207 -0.925425 0.374992 0.0306169 -0.926494 0.374992 0.0306089 -0.926495 0.374992 0.0303958 -0.926502 0.374992 0.0304023 -0.926501 -0.999026 -0.00137597 -0.043078 -0.999025 -0.00137634 -0.043078 -0.999025 -0.00138175 -0.0430778 -0.999025 -0.00138138 -0.0430779 0.000226094 -0.0032 -1 -9.5493e-05 -0.0032 -1 -1.83439e-05 -0.0032 -1 -0.00229242 -0.00319999 -0.999997 -0.00230969 -0.00319999 -0.999997 0.00275194 -0.00319999 -0.999996 0.00296844 -0.00319999 -0.999996 0.00222322 -0.00319999 -0.999998 0.00101935 -0.0032 -0.999999 -0.000101997 -0.0032 -1 -7.45635e-05 -0.0032 -1 5.41257e-06 -0.0032 -1 6.94444e-06 -0.0032 -1 7.26693e-06 -0.0032 -1 -0 -0.0032 -1 -2.98959e-05 -0.0032 -1 -0.995914 -0.00286939 -0.0903545 -0.995914 -0.00286974 -0.0903544 -0.995914 -0.00287497 -0.0903543 -0.995914 -0.00287463 -0.0903543 -0.921866 -0.0125679 -0.387196 -0.921866 -0.0125394 -0.387197 -0.921866 -0.0120236 -0.387213 -0.921866 -0.0120498 -0.387213 -0.999955 -0.000325351 -1.08407e-05 -0.999955 -0.00032574 -1.08537e-05 -0.999955 -0.000326045 -1.08638e-05 -0.999955 -0.000325655 -1.08508e-05 -0.920602 0.0126664 -0.390395 -0.920602 0.0126603 -0.390395 -0.920602 0.0124501 -0.390402 -0.920602 0.0124566 -0.390402 -0.377017 0.039731 -0.925392 -0.377018 0.0396763 -0.925394 -0.37704 0.0388088 -0.925422 -0.377039 0.0388525 -0.925421 -0.921866 0.0120645 0.387212 -0.921866 0.0120891 0.387211 -0.921866 0.0126091 0.387195 -0.921866 0.012583 0.387196 -1.00003 1.87135e-05 -6.08493e-07 -1.00003 1.87135e-05 -6.08493e-07 -1.00003 1.87135e-05 -6.08493e-07 -1.00003 1.87135e-05 -6.08493e-07 0.150857 -0.435046 0.887688 0.151932 -0.434266 0.887887 0.152254 -0.434032 0.887946 0.151181 -0.434811 0.887748 0.133014 -0.701646 0.699998 0.133114 -0.70162 0.700004 0.133154 -0.70161 0.700007 0.133055 -0.701635 0.7 0.33306 0.449521 0.828815 0.326194 0.45293 0.829689 0.324026 0.453999 0.829954 0.330792 0.450651 0.829109 0.172107 -0.0666945 0.982791 0.169839 -0.0645963 0.983325 0.169238 -0.0640405 0.983466 0.171478 -0.0661127 0.98294 -0.32028 0.455827 0.830444 -0.333866 0.449107 0.828753 -0.33681 0.447631 0.82836 -0.32326 0.454365 0.830091 -0.168906 -0.0636487 0.983616 -0.171648 -0.0661858 0.982973 -0.172386 -0.0668683 0.982798 -0.16966 -0.0643464 0.98344 -0.133849 -0.701432 0.700148 -0.132689 -0.701727 0.700074 -0.132249 -0.701838 0.700045 -0.133398 -0.701546 0.70012 -0.153178 -0.433187 0.888175 -0.151073 -0.434717 0.887788 -0.150184 -0.435362 0.887623 -0.152254 -0.433859 0.888006 -7.50872e-05 -0.7931 0.6091 -7.33267e-05 -0.7931 0.6091 -7.33116e-05 -0.7931 0.6091 -7.50613e-05 -0.7931 0.6091 0.611238 0.776894 -0.151405 0.61278 0.776901 -0.145 0.612788 0.776901 -0.144964 0.611253 0.776894 -0.151344 -0.0113019 0.288893 -0.957326 -0.0110688 0.288637 -0.957406 -0.0110649 0.288633 -0.957408 -0.0113003 0.288891 -0.957327 2.26453e-05 0.7505 0.6609 0.00110919 0.7505 0.660899 0.00115671 0.7505 0.660899 5.69251e-05 0.7505 0.6609 -0.0313379 0.727733 0.685187 -0.028772 0.727735 0.685296 -0.0282806 0.727735 0.685317 -0.0308767 0.727733 0.685207 0.0223434 0.738451 0.673931 0.0212282 0.738452 0.673966 0.0212041 0.738452 0.673967 0.0223227 0.738451 0.673931 -0.0636373 0.745801 0.663154 -0.0665692 0.745796 0.662872 -0.0669889 0.745795 0.662832 -0.0640453 0.745801 0.663115 -0.00489264 0.726917 0.686683 -0.00486957 0.726917 0.686683 -0.00486895 0.726917 0.686683 -0.0048922 0.726917 0.686683 4.37454e-05 -0.2764 0.961 3.50979e-05 -0.2764 0.961 -0.000221536 -0.2764 0.961 -0.000204832 -0.2764 0.961 -0.0531224 0.303775 -0.951297 -0.0533677 0.303564 -0.95135 -0.0534559 0.303488 -0.951369 -0.053237 0.303676 -0.951322 -0.150064 0.645722 -0.748628 -0.150065 0.645722 -0.748628 -0.150066 0.645722 -0.748628 -0.150065 0.645722 -0.748628 -0.959033 0.204874 -0.19596 -0.959032 0.204699 -0.196144 -0.959032 0.204633 -0.196214 -0.959032 0.204786 -0.196053 -0.211795 -0.163906 -0.963475 -0.211731 -0.163968 -0.963479 -0.211707 -0.16399 -0.96348 -0.211765 -0.163935 -0.963477 -0.960291 -0.205312 0.189079 -0.960294 -0.204102 0.190368 -0.960295 -0.203662 0.190837 -0.960293 -0.204736 0.189693 0.223083 -0.153022 -0.962718 0.223162 -0.152946 -0.962712 0.22319 -0.152918 -0.962709 0.223121 -0.152985 -0.962715 0.150344 0.64563 -0.748651 0.149942 0.645762 -0.748617 0.149795 0.645811 -0.748605 0.150152 0.645693 -0.748635 0.0530918 0.303801 -0.95129 0.0530622 0.303826 -0.951283 0.0530514 0.303836 -0.951281 0.0530775 0.303813 -0.951287 0 0.718 -0.696 0 0.718 -0.696 0 0.718 -0.696 0 0.718 -0.696 0.0407891 0.0382363 -0.998428 0.0408657 0.0383129 -0.998422 0.0408665 0.0383137 -0.998422 0.04079 0.0382373 -0.998428 -0.0301944 0.0276427 -0.999154 -0.0301266 0.027575 -0.999158 -0.0301258 0.0275741 -0.999158 -0.0301937 0.027642 -0.999154 -1 -0.00102629 -0.000990632 -1 -0.000983268 -0.000949103 -1 -0.00098127 -0.000947175 -1 -0.00102446 -0.000988867 -0.999719 0.0141763 -0.0166155 -0.999719 0.0141279 -0.0166622 -0.999719 0.0141148 -0.0166749 -0.999719 0.0141631 -0.0166282 -0.999853 -0.0119844 0.0106609 -0.999852 -0.0120158 0.0106303 -0.999852 -0.0120172 0.0106289 -0.999852 -0.0119856 0.0106597 -0.998993 0.0309233 -0.033809 -0.998992 0.030622 -0.0341005 -0.998992 0.0305353 -0.0341844 -0.998993 0.0308374 -0.033892 -1.00001 0.00104029 -0.00372102 -1.00001 0.00138322 -0.0033901 -1.00001 0.00139587 -0.00337789 -1.00001 0.00105308 -0.00370867 -0.374992 0.0303959 -0.926502 -0.374992 0.0304021 -0.926501 -0.374992 0.0306234 -0.926494 -0.374992 0.0306163 -0.926494 -0.162223 0.0515795 -0.985406 -0.161731 0.0511036 -0.985511 -0.161685 0.0510591 -0.985521 -0.162175 0.0515335 -0.985416 -0.29158 -0.444337 -0.847048 -0.290978 -0.444614 -0.84711 -0.290936 -0.444634 -0.847114 -0.291536 -0.444357 -0.847053 0.170966 0.82626 -0.536751 0.167691 0.826238 -0.537817 0.167375 0.826235 -0.537919 0.170638 0.826258 -0.536858 -0.208055 0.419831 -0.883459 -0.204053 0.423484 -0.882649 -0.203562 0.42393 -0.882548 -0.207545 0.420298 -0.883358 -0.176888 0.793845 -0.581942 -0.176877 0.793845 -0.581946 -0.176876 0.793845 -0.581946 -0.176887 0.793845 -0.581943 0.187537 0.425096 -0.8855 0.187873 0.424819 -0.885561 0.1879 0.424797 -0.885566 0.187564 0.425074 -0.885505 0.303105 -0.450506 -0.839668 0.299805 -0.452065 -0.840015 0.299463 -0.452226 -0.84005 0.30275 -0.450674 -0.839706 0.191042 0.0701421 -0.979079 0.188867 0.0679317 -0.979657 0.188693 0.0677549 -0.979703 0.190862 0.0699595 -0.979128 0.000554331 0.7164 0.6977 0.000589142 0.7164 0.6977 0.00058921 0.7164 0.6977 0.000554478 0.7164 0.6977 -0.586307 0.799714 -0.129322 -0.5864 0.799714 -0.128903 -0.5864 0.799714 -0.128902 -0.586307 0.799714 -0.129321 -0.00920933 0.26461 -0.964273 -0.00875735 0.265197 -0.964116 -0.00875505 0.2652 -0.964115 -0.00920826 0.264612 -0.964272 -0.0161915 0.84212 -0.539057 -0.0161886 0.84212 -0.539057 -0.0161885 0.84212 -0.539057 -0.0161915 0.84212 -0.539057 1.5031e-05 0.773905 -0.633304 -0.00495371 0.773907 -0.633283 -0.00501216 0.773907 -0.633282 -5.71393e-05 0.773905 -0.633304 -0.199932 0.976934 -0.0752729 -0.187848 0.976856 -0.102494 -0.187787 0.976854 -0.10263 -0.199876 0.976936 -0.0754008 0.00205222 0.950323 -0.311193 0.00205032 0.950323 -0.311193 0.0020503 0.950323 -0.311193 0.0020522 0.950323 -0.311193 -0.266218 0.511988 -0.816718 -0.296037 0.484763 -0.823042 -0.296337 0.484483 -0.823099 -0.268168 0.510246 -0.81717 -0.000628493 1.00002 -0.00151728 -0.000634726 1.00002 -0.00153233 0 1 -0.000267764 0 1 -0.000267764 0 1 -0.000267764 0 1 -0.000267764 </float_array>
          <technique_common>
            <accessor count="537" offset="0" source="#meshId0-bitangents-array" stride="3">
              <param name="X" type="float" />
              <param name="Y" type="float" />
              <param name="Z" type="float" />
            </accessor>
          </technique_common>
        </source>
        <source id="meshId0-tex0" name="meshId0-tex0">
          <float_array id="meshId0-tex0-array" count="1074"> 0.861636 0.385779 0.861636 0.487782 0.842471 0.487782 0.842471 0.385779 0.27547 0.592929 0.278684 0.592929 0.278684 0.611955 0.27547 0.611954 0.265725 0.573901 0.269449 0.573902 0.269449 0.580496 0.269262 0.590852 0.269075 0.658575 0.268701 0.668004 0.268864 0.675905 0.265725 0.675904 0.273146 0.675904 0.270031 0.675906 0.270192 0.668005 0.269821 0.658575 0.269635 0.590852 0.269449 0.580497 0.269449 0.573903 0.273146 0.573901 0.719906 0.684045 0.719906 0.853102 0.659968 0.85306 0.659968 0.683999 0.503151 0.671089 0.503128 0.455788 0.521412 0.472922 0.521412 0.65398 0.573288 0.445695 0.584625 0.40171 0.583846 0.463835 0.573288 0.463851 0.4951 0.921385 0.4951 0.864532 0.502552 0.863983 0.502552 0.920835 0.73287 0.455859 0.732872 0.671075 0.714644 0.653994 0.714644 0.472936 0.773142 0.013508 0.773056 0.226838 0.717253 0.188956 0.717253 0.080513 0.556032 0.002748 0.762838 0.002736 0.711989 0.075079 0.606946 0.075085 0.506173 0.448136 0.513553 0.444949 0.530214 0.463848 0.52399 0.466505 0.509997 0.853093 0.509997 0.910256 0.502552 0.911204 0.502552 0.854037 0.762592 0.237429 0.70364 0.239151 0.681993 0.195307 0.711989 0.194392 0.773056 0.226838 0.769971 0.234353 0.715711 0.1928 0.717253 0.188956 0.548718 0.005901 0.556032 0.002748 0.606946 0.075085 0.603224 0.076677 0.545813 0.226851 0.545727 0.01352 0.601682 0.08052 0.601682 0.188963 0.722416 0.681868 0.513633 0.681861 0.530214 0.663055 0.705842 0.663068 0.706004 0.645898 0.706004 0.481031 0.506225 0.678709 0.52399 0.660397 0.446399 0.44797 0.501758 0.463781 0.501765 0.471541 0.446405 0.45573 0.729812 0.678706 0.712066 0.66041 0.573288 0.445695 0.573288 0.463851 0 0.653782 0 0.596608 0.007574 0.598723 0.007574 0.655901 0.217258 0.658744 0.217258 0.715925 0.007574 0.655901 0.007574 0.598723 0.277766 0.920937 0.277766 0.864086 0.285192 0.864628 0.285192 0.921481 0.719906 0.910259 0.659968 0.910209 0.719906 0.910259 0.719906 0.853102 0.727339 0.854046 0.727339 0.911208 0.501763 0.695885 0.446399 0.680072 0.446405 0.67247 0.501767 0.688282 0.5324 0.651728 0.538067 0.654148 0.5324 0.475176 0.530052 0.481018 0.530052 0.645885 0.703656 0.65174 0.705842 0.463861 0.712066 0.466519 0.703656 0.475188 0.697989 0.472768 0.661951 0.46379 0.705842 0.463861 0.697989 0.472768 0.661451 0.473508 0.697989 0.65416 0.538067 0.472756 0.277766 0.695988 0.285192 0.696528 0.446405 0.45573 0.501765 0.471541 0.501767 0.688282 0.446405 0.67247 0.729808 0.44823 0.722411 0.445069 0.626149 0.237771 0.6155 0.23736 0.637079 0.194396 0.642499 0.194624 0.6155 0.23736 0.556277 0.237441 0.606946 0.194397 0.637079 0.194396 0.4951 0.864532 0.4951 0.921385 0.285192 0.921481 0.285192 0.864628 0.217258 0.658744 0.217258 0.489663 0.224546 0.491801 0.224546 0.660884 0.509997 0.684036 0.502552 0.684986 0.282698 0.633316 0.282705 0.625715 0.659968 0.683999 0.659968 0.85306 0.649671 0.853079 0.649671 0.684017 0.573288 0.472759 0.570212 0.853095 0.570212 0.910253 0.509997 0.910256 0.509997 0.853093 0.212256 0.76541 0.212086 0.822572 0.174571 0.796506 0.212726 0.765453 0.663007 0.443239 0.722411 0.445069 0.705842 0.463861 0.661951 0.46379 0.719906 0.684045 0.727339 0.684995 0.652201 0.463823 0.661951 0.46379 0.661451 0.473508 0.651951 0.473136 0.649671 0.853079 0.649746 0.883451 0.581117 0.883457 0.581043 0.853086 0.583846 0.463835 0.652201 0.463823 0.651951 0.473136 0.583721 0.472945 0.65272 0.401257 0.663007 0.443239 0.661951 0.46379 0.652201 0.463823 0.70364 0.239151 0.693514 0.238215 0.676841 0.19485 0.681993 0.195307 0.573288 0.463851 0.583846 0.463835 0.583721 0.472945 0.573288 0.472759 0.20752 0.718399 0.221458 0.76541 0.174571 0.76541 0.206855 0.718067 0.584625 0.40171 0.65272 0.401257 0.652201 0.463823 0.583846 0.463835 0.693514 0.238215 0.626149 0.237771 0.642499 0.194624 0.676841 0.19485 0.4951 0.696431 0.502552 0.695885 0.4951 0.696431 0.285192 0.696528 0.548899 0.234366 0.545813 0.226851 0.601682 0.188963 0.603224 0.192806 0.217258 0.489663 0.007574 0.429641 0.570212 0.684035 0.509997 0.684036 0.770152 0.00589 0.773142 0.013508 0.717253 0.080513 0.715711 0.07667 0.556277 0.237441 0.548899 0.234366 0.603224 0.192806 0.606946 0.194397 0.769971 0.234353 0.762592 0.237429 0.711989 0.194392 0.715711 0.1928 0.545727 0.01352 0.548718 0.005901 0.603224 0.076677 0.601682 0.08052 0 0.427521 0.007574 0.429641 0.649671 0.684017 0.649671 0.853079 0.581043 0.853086 0.581043 0.684024 0.581043 0.684024 0.581043 0.853086 0.570212 0.853095 0.570212 0.684035 0.282694 0.401213 0.282704 0.408974 0.282704 0.408974 0.282705 0.625715 0.059588 0.725212 0.086347 0.830371 0.001372 0.830258 0.005246 0.721942 0.088241 0.830318 0.115049 0.72524 0.169393 0.721972 0.173218 0.830205 0.859532 0.277687 0.859512 0.307458 0.806859 0.307457 0.806613 0.277686 0.859522 0.312573 0.859527 0.34666 0.806675 0.346659 0.806736 0.312571 0.179728 0.940759 0.179453 0.937057 0.265725 0.937085 0.265548 0.940786 0.115049 0.72524 0.11599 0.721446 0.169249 0.718067 0.169393 0.721972 0.086347 0.830371 0.087283 0.83406 0.001222 0.83406 0.001372 0.830258 0.859527 0.34666 0.859532 0.35204 0.806613 0.352039 0.806675 0.346659 0.692305 0.386575 0.691069 0.383591 0.691021 0.279008 0.692255 0.276025 0.695216 0.274805 0.724867 0.273994 0.729992 0.274399 0.764368 0.274602 0.769793 0.274805 0.799674 0.274805 0.802617 0.276025 0.803853 0.279008 0.803901 0.383591 0.802667 0.386574 0.799725 0.387794 0.695248 0.387794 0.859512 0.307458 0.859522 0.312573 0.806736 0.312571 0.806859 0.307457 0.859532 0.381948 0.860008 0.385646 0.806643 0.385645 0.806613 0.381947 0.179453 0.937057 0.179453 0.832796 0.265725 0.832824 0.265725 0.937085 0.179453 0.832796 0.179728 0.829108 0.265548 0.829136 0.265725 0.832824 0.058627 0.721448 0.059588 0.725212 0.005246 0.721942 0.00537 0.718067 0.860008 0.273995 0.859532 0.277687 0.806613 0.277686 0.806643 0.273994 0.859532 0.35204 0.859532 0.381948 0.806613 0.381947 0.806613 0.352039 0.773142 0.013508 0.770152 0.00589 0.771831 0.00318 0.774912 0.010859 0.770152 0.00589 0.762838 0.002736 0.764392 0 0.771831 0.00318 0.548899 0.234366 0.556277 0.237441 0.554483 0.23844 0.547044 0.235258 0.545813 0.226851 0.548899 0.234366 0.547044 0.235258 0.543962 0.227577 0.762592 0.237429 0.769971 0.234353 0.771831 0.235246 0.764392 0.238428 0.769971 0.234353 0.773056 0.226838 0.774912 0.227565 0.771831 0.235246 0.556032 0.002748 0.548718 0.005901 0.547044 0.003192 0.554483 1.2e-05 0.548718 0.005901 0.545727 0.01352 0.543962 0.010872 0.547044 0.003192 0.762838 0.002736 0.556032 0.002748 0.554483 1.2e-05 0.764392 0 0.008704 0.427842 0.215127 0.486928 0.217258 0.489663 0.007574 0.429641 0.282704 0.408974 0.282705 0.625715 0.280615 0.622956 0.280615 0.409588 0.570212 0.684035 0.509997 0.684036 0.511792 0.682346 0.571015 0.682372 0.581043 0.684024 0.570212 0.684035 0.571015 0.682372 0.581665 0.682373 0.719906 0.684045 0.659968 0.683999 0.659158 0.682336 0.718107 0.682355 0.659968 0.683999 0.649671 0.684017 0.64903 0.682367 0.659158 0.682336 0.649671 0.684017 0.581043 0.684024 0.581665 0.682373 0.64903 0.682367 0.762838 0.002736 0.770152 0.00589 0.715711 0.07667 0.711989 0.075079 0.691069 0.383591 0.692305 0.386575 0.69124 0.387859 0.689697 0.384137 0.692305 0.386575 0.695248 0.387794 0.694964 0.389401 0.69124 0.387859 0.805293 0.384592 0.805269 0.381669 0.806613 0.381947 0.806643 0.385645 0.003858 0.722086 0.003958 0.718979 0.00537 0.718067 0.005246 0.721942 0.805301 0.277988 0.805292 0.275051 0.806643 0.273994 0.806613 0.277686 0.170647 0.718956 0.170762 0.722087 0.169393 0.721972 0.169249 0.718067 0.799725 0.387794 0.802667 0.386574 0.803728 0.387859 0.800006 0.389401 0.802667 0.386574 0.803901 0.383591 0.805268 0.384137 0.803728 0.387859 0.695248 0.387794 0.799725 0.387794 0.800006 0.389401 0.694964 0.389401 0.170762 0.722087 0.174571 0.82988 0.173218 0.830205 0.169393 0.721972 0.005246 0.721942 0.001372 0.830258 0 0.829962 0.003858 0.722086 0.806613 0.352039 0.806613 0.381947 0.805269 0.381669 0.805268 0.352011 0.806675 0.346659 0.806613 0.352039 0.805268 0.352011 0.805329 0.346626 0.806613 0.277686 0.806859 0.307457 0.805512 0.307417 0.805301 0.277988 0.806859 0.307457 0.806736 0.312571 0.805391 0.312505 0.805512 0.307417 0.806736 0.312571 0.806675 0.346659 0.805329 0.346626 0.805391 0.312505 0.087283 0.833971 0.088241 0.830318 0.173218 0.830205 0.173345 0.833971 0.729812 0.678706 0.732872 0.671075 0.733502 0.67149 0.730421 0.679159 0.722416 0.681868 0.729812 0.678706 0.730421 0.679159 0.722982 0.682336 0.510476 0.911237 0.503089 0.912184 0.502552 0.911204 0.509997 0.910256 0.506173 0.448136 0.503128 0.455788 0.502552 0.455073 0.505633 0.447404 0.726725 0.912217 0.719333 0.911277 0.719906 0.910259 0.727339 0.911208 0.73287 0.455859 0.729808 0.44823 0.730421 0.447419 0.733502 0.455089 0.506225 0.678709 0.513633 0.681861 0.513072 0.68232 0.505633 0.679143 0.502552 0.68793 0.502546 0.695483 0.501763 0.695885 0.501767 0.688282 0.494543 0.92208 0.285762 0.922174 0.285192 0.921481 0.4951 0.921385 0.216656 0.716577 0.008119 0.656885 0.007574 0.655901 0.217258 0.715925 0.501767 0.688282 0.501765 0.471541 0.502552 0.472291 0.502552 0.68793 0.659968 0.910209 0.719906 0.910259 0.719333 0.911277 0.659933 0.911224 0.509997 0.910256 0.570212 0.910253 0.570209 0.91146 0.510476 0.911237 0.174571 0.796506 0.212086 0.822572 0.212726 0.823575 0.174875 0.797437 0.581117 0.883457 0.649746 0.883451 0.649737 0.884387 0.581641 0.884396 0.573287 0.44423 0.5841 0.401213 0.584625 0.40171 0.573288 0.445695 0.217258 0.715925 0.224546 0.718067 0.274873 0.573901 0.278684 0.573902 0.278684 0.592929 0.274873 0.592928 </float_array>
          <technique_common>
            <accessor count="537" offset="0" source="#meshId0-tex0-array" stride="2">
              <param name="S" type="float" />
              <param name="T" type="float" />
            </accessor>
          </technique_common>
        </source>
        <vertices id="meshId0-vertices">
          <input semantic="POSITION" source="#meshId0-positions" />
        </vertices>
        <polylist count="320" material="defaultMaterial">
          <input offset="0" semantic="VERTEX" source="#meshId0-vertices" />
          <input offset="0" semantic="NORMAL" source="#meshId0-normals" />
          <input offset="0" semantic="TANGENT" source="#meshId0-tangents" />
          <input offset="0" semantic="BINORMAL" source="#meshId0-bitangents" />
          <input offset="0" semantic="TEXCOORD" source="#meshId0-tex0" set="0" />
          <vcount>3 3 3 3 3 3 3 3 3 3 3 3 3 3 3 3 3 3 3 3 3 3 3 3 3 3 3 3 3 3 3 3 3 3 3 3 3 3 3 3 3 3 3 3 3 3 3 3 3 3 3 3 3 3 3 3 3 3 3 3 3 3 3 3 3 3 3 3 3 3 3 3 3 3 3 3 3 3 3 3 3 3 3 3 3 3 3 3 3 3 3 3 3 3 3 3 3 3 3 3 3 3 3 3 3 3 3 3 3 3 3 3 3 3 3 3 3 3 3 3 3 3 3 3 3 3 3 3 3 3 3 3 3 3 3 3 3 3 3 3 3 3 3 3 3 3 3 3 3 3 3 3 3 3 3 3 3 3 3 3 3 3 3 3 3 3 3 3 3 3 3 3 3 3 3 3 3 3 3 3 3 3 3 3 3 3 3 3 3 3 3 3 3 3 3 3 3 3 3 3 3 3 3 3 3 3 3 3 3 3 3 3 3 3 3 3 3 3 3 3 3 3 3 3 3 3 3 3 3 3 3 3 3 3 3 3 3 3 3 3 3 3 3 3 3 3 3 3 3 3 3 3 3 3 3 3 3 3 3 3 3 3 3 3 3 3 3 3 3 3 3 3 3 3 3 3 3 3 3 3 3 3 3 3 3 3 3 3 3 3 3 3 3 3 3 3 3 3 3 3 3 3 3 3 3 3 3 3 3 3 3 3 3 3 3 3 3 3 3 3 </vcount>
          <p>3 0 1 1 2 3 7 4 5 5 6 7 15 8 9 15 9 10 15 10 11 15 11 12 15 12 13 13 14 15 23 16 17 23 17 18 23 18 19 23 19 20 23 20 21 21 22 23 27 24 25 25 26 27 31 28 29 29 30 31 35 32 33 33 34 35 39 36 37 37 38 39 43 40 41 41 42 43 47 44 45 45 46 47 51 48 49 49 50 51 55 52 53 53 54 55 59 56 57 57 58 59 63 60 61 61 62 63 67 64 65 65 66 67 71 68 69 69 70 71 75 72 73 73 74 75 79 76 77 77 78 79 81 43 42 42 80 81 30 29 52 52 55 30 83 82 28 28 31 83 87 84 85 85 86 87 89 88 76 76 79 89 54 53 90 90 91 54 95 92 93 93 94 95 99 96 97 97 98 99 103 100 101 101 102 103 26 25 104 104 105 26 109 106 107 107 108 109 113 110 111 111 112 113 115 78 83 83 114 115 117 30 55 55 116 117 118 31 30 30 117 118 80 42 89 89 119 80 114 83 31 31 118 114 123 120 121 121 122 123 127 124 125 125 126 127 119 89 79 79 128 119 128 79 78 78 115 128 122 121 43 43 81 122 116 55 54 54 129 116 102 101 130 130 131 102 135 132 133 133 134 135 78 77 82 82 83 78 121 136 40 40 43 121 120 137 136 136 121 120 141 138 139 139 140 141 145 142 143 143 144 145 149 146 147 147 148 149 42 41 88 88 89 42 153 150 151 151 152 153 155 154 56 56 59 155 112 111 156 156 157 112 161 158 159 159 160 161 129 54 91 91 162 129 166 163 164 164 165 166 167 168 169 167 169 170 174 171 172 172 173 174 108 107 175 175 176 108 180 177 178 178 179 180 184 181 182 182 183 184 188 185 186 186 187 188 192 189 190 190 191 192 196 193 194 194 195 196 200 197 198 198 199 200 204 201 202 202 203 204 208 205 206 206 207 208 212 209 210 210 211 212 38 37 213 213 214 38 216 215 146 146 149 216 220 217 218 218 219 220 222 221 96 96 99 222 224 223 163 163 166 224 228 225 226 226 227 228 232 229 230 230 231 232 236 233 234 234 235 236 240 237 238 238 239 240 94 93 241 241 242 94 246 243 244 244 245 246 250 247 248 248 249 250 252 251 84 84 87 252 254 253 132 132 135 254 258 255 256 256 257 258 262 259 260 260 261 262 266 263 264 264 265 266 270 267 268 268 269 270 274 271 272 272 273 274 278 275 276 276 277 278 282 279 280 280 281 282 286 283 284 284 285 286 302 287 288 302 288 289 302 289 290 302 290 291 302 291 292 302 292 293 302 293 294 302 294 295 302 295 296 302 296 297 302 297 298 302 298 299 302 299 300 300 301 302 306 303 304 304 305 306 310 307 308 308 309 310 314 311 312 312 313 314 318 315 316 316 317 318 322 319 320 320 321 322 326 323 324 324 325 326 330 327 328 328 329 330 334 331 332 332 333 334 338 335 336 336 337 338 342 339 340 340 341 342 346 343 344 344 345 346 350 347 348 348 349 350 354 351 352 352 353 354 358 355 356 356 357 358 362 359 360 360 361 362 366 363 364 364 365 366 370 367 368 368 369 370 374 371 372 372 373 374 378 375 376 376 377 378 382 379 380 380 381 382 386 383 384 384 385 386 390 387 388 388 389 390 394 391 392 392 393 394 398 395 396 396 397 398 402 399 400 400 401 402 406 403 404 404 405 406 410 407 408 408 409 410 414 411 412 412 413 414 418 415 416 416 417 418 422 419 420 420 421 422 426 423 424 424 425 426 430 427 428 428 429 430 434 431 432 432 433 434 438 435 436 436 437 438 442 439 440 440 441 442 446 443 444 444 445 446 450 447 448 448 449 450 454 451 452 452 453 454 458 455 456 456 457 458 462 459 460 460 461 462 466 463 464 464 465 466 470 467 468 468 469 470 474 471 472 472 473 474 478 475 476 476 477 478 482 479 480 480 481 482 486 483 484 484 485 486 490 487 488 488 489 490 494 491 492 492 493 494 498 495 496 496 497 498 502 499 500 500 501 502 506 503 504 504 505 506 510 507 508 508 509 510 514 511 512 512 513 514 518 515 516 516 517 518 522 519 520 520 521 522 526 523 524 524 525 526 530 527 528 528 529 530 532 531 150 150 153 532 536 533 534 534 535 536 </p>
        </polylist>
      </mesh>
    </geometry>
    <geometry id="meshId1" name="meshId1_name" >
      <mesh>
        <source id="meshId1-positions" name="meshId1-positions">
          <float_array id="meshId1-positions-array" count="48"> 0.219976 0.587956 -0.164307 0.214107 0.592035 -0.178478 0.199935 0.593725 -0.184348 -0.199935 0.593725 -0.184348 -0.214107 0.592035 -0.178478 -0.219976 0.587956 -0.164307 -0.219976 0.472834 0.235564 -0.214107 0.468754 0.249735 -0.199935 0.467065 0.255604 -0.135064 0.467065 0.255604 -0.103304 0.467065 0.254096 0.102938 0.467065 0.252587 0.132149 0.467065 0.249569 0.199935 0.467065 0.255604 0.214107 0.468754 0.249735 0.219976 0.472834 0.235564 </float_array>
          <technique_common>
            <accessor count="16" offset="0" source="#meshId1-positions-array" stride="3">
              <param name="X" type="float" />
              <param name="Y" type="float" />
              <param name="Z" type="float" />
            </accessor>
          </technique_common>
        </source>
        <source id="meshId1-normals" name="meshId1-normals">
          <float_array id="meshId1-normals-array" count="48"> 0 0.9607 0.2778 0 0.9607 0.2778 0 0.9607 0.2778 0 0.9607 0.2778 0 0.9607 0.2778 0 0.9607 0.2778 0 0.9607 0.2778 0 0.9607 0.2778 0 0.9607 0.2778 0 0.9607 0.2778 0 0.9607 0.2778 0 0.9607 0.2778 0 0.9607 0.2778 0 0.9607 0.2778 0 0.9607 0.2778 0 0.9607 0.2778 </float_array>
          <technique_common>
            <accessor count="16" offset="0" source="#meshId1-normals-array" stride="3">
              <param name="X" type="float" />
              <param name="Y" type="float" />
              <param name="Z" type="float" />
            </accessor>
          </technique_common>
        </source>
        <source id="meshId1-tangents" name="meshId1-tangents">
          <float_array id="meshId1-tangents-array" count="48"> 1 -2.3544e-05 8.13964e-05 1 -2.89812e-05 0.000100224 1 -2.35242e-05 8.13541e-05 1 -2.39991e-05 8.29925e-05 1 -3.72602e-05 0.000128856 1 -4.0564e-05 0.000140285 1 -2.11588e-05 7.31723e-05 1 -2.11961e-05 7.33008e-05 1 -2.14423e-05 7.41512e-05 1 -3.06591e-05 0.000106139 0.999992 -0.0010971 0.00382019 1 -9.08254e-05 0.000315847 0.999985 -0.00152977 0.00532781 0.999999 0.000305592 -0.00106496 1 -4.7562e-05 0.000164506 1 5.23186e-05 -0.000182824 </float_array>
          <technique_common>
            <accessor count="16" offset="0" source="#meshId1-tangents-array" stride="3">
              <param name="X" type="float" />
              <param name="Y" type="float" />
              <param name="Z" type="float" />
            </accessor>
          </technique_common>
        </source>
        <source id="meshId1-bitangents" name="meshId1-bitangents">
          <float_array id="meshId1-bitangents-array" count="48"> 8.4738e-05 0.2778 -0.9607 0.000104336 0.2778 -0.9607 8.46919e-05 0.2778 -0.9607 8.63979e-05 0.2778 -0.9607 0.000134143 0.2778 -0.9607 0.00014604 0.2778 -0.9607 7.61746e-05 0.2778 -0.9607 7.63083e-05 0.2778 -0.9607 7.71938e-05 0.2778 -0.9607 0.000110485 0.2778 -0.9607 0.00397483 0.277798 -0.960692 0.000328666 0.2778 -0.9607 0.0055434 0.277796 -0.960685 -0.001108 0.2778 -0.960699 0.000171254 0.2778 -0.9607 -0.000190173 0.2778 -0.9607 </float_array>
          <technique_common>
            <accessor count="16" offset="0" source="#meshId1-bitangents-array" stride="3">
              <param name="X" type="float" />
              <param name="Y" type="float" />
              <param name="Z" type="float" />
            </accessor>
          </technique_common>
        </source>
        <source id="meshId1-tex0" name="meshId1-tex0">
          <float_array id="meshId1-tex0-array" count="32"> 0.689697 0.382558 0.687752 0.387397 0.683058 0.389401 0.550601 0.389392 0.545907 0.387387 0.543963 0.382547 0.543962 0.245994 0.545907 0.241155 0.550601 0.239151 0.57209 0.239153 0.58261 0.239638 0.650928 0.240127 0.660604 0.241096 0.683058 0.239161 0.687752 0.241166 0.689697 0.246005 </float_array>
          <technique_common>
            <accessor count="16" offset="0" source="#meshId1-tex0-array" stride="2">
              <param name="S" type="float" />
              <param name="T" type="float" />
            </accessor>
          </technique_common>
        </source>
        <vertices id="meshId1-vertices">
          <input semantic="POSITION" source="#meshId1-positions" />
        </vertices>
        <polylist count="14" material="defaultMaterial">
          <input offset="0" semantic="VERTEX" source="#meshId1-vertices" />
          <input offset="0" semantic="NORMAL" source="#meshId1-normals" />
          <input offset="0" semantic="TANGENT" source="#meshId1-tangents" />
          <input offset="0" semantic="BINORMAL" source="#meshId1-bitangents" />
          <input offset="0" semantic="TEXCOORD" source="#meshId1-tex0" set="0" />
          <vcount>3 3 3 3 3 3 3 3 3 3 3 3 3 3 </vcount>
          <p>15 0 1 15 1 2 15 2 3 15 3 4 15 4 5 15 5 6 15 6 7 15 7 8 15 8 9 15 9 10 15 10 11 15 11 12 15 12 13 13 14 15 </p>
        </polylist>
      </mesh>
    </geometry>
    <geometry id="meshId2" name="meshId2_name" >
      <mesh>
        <source id="meshId2-positions" name="meshId2-positions">
          <float_array id="meshId2-positions-array" count="954"> -0.241391 0.360865 0.311333 -0.135064 0.360865 0.311333 -0.135064 0.394744 0.311333 -0.155119 0.394744 0.311333 -0.155119 0.452612 0.311333 -0.135064 0.452612 0.311333 -0.135064 0.486987 0.311333 -0.241391 0.486983 0.311333 -0.256799 0.491606 0.302545 -0.239789 0.489583 0.30957 -0.200374 0.502068 0.266203 -0.214572 0.503763 0.260318 -0.214107 0.503351 0.259695 -0.199935 0.501662 0.265565 -0.199935 0.467065 0.255604 -0.214107 0.468754 0.249735 -0.239823 0.641502 -0.218116 -0.256822 0.639475 -0.211077 -0.214568 0.627311 -0.168822 -0.200368 0.629004 -0.174705 0.199935 0.50166 0.265565 0.214107 0.50335 0.259695 0.214107 0.468754 0.249735 0.199935 0.467065 0.255604 0.214107 0.50335 0.259695 0.219976 0.50743 0.245524 0.219976 0.472834 0.235564 0.214107 0.468754 0.249735 0.219976 0.50743 0.245524 0.219976 0.622552 -0.154347 0.219976 0.587956 -0.164307 0.219976 0.472834 0.235564 0.102359 0.489572 0.30837 0.130995 0.489546 0.307226 0.128479 0.502081 0.259466 0.101104 0.502073 0.262841 0.239777 0.489587 0.309556 0.25679 0.491609 0.302536 0.214584 0.50376 0.26033 0.200389 0.502063 0.266221 -0.214107 0.626632 -0.168518 -0.219976 0.622552 -0.154347 -0.219976 0.587956 -0.164307 -0.214107 0.592035 -0.178478 0.199935 0.628321 -0.174387 -0.199935 0.628321 -0.174387 -0.199935 0.593725 -0.184348 0.199935 0.593725 -0.184348 -0.263843 0.496498 0.285552 -0.220454 0.507851 0.246116 -0.199935 0.628321 -0.174387 -0.214107 0.626632 -0.168518 -0.214107 0.592035 -0.178478 -0.199935 0.593725 -0.184348 0.128511 0.501658 0.25884 0.199935 0.50166 0.265565 0.199935 0.467065 0.255604 0.132149 0.467065 0.249569 0.265587 0.367831 0.287137 0.265587 0.506822 -0.195645 0.265587 0.632929 -0.195645 0.265587 0.493939 0.287137 -0.241391 0.513787 -0.219841 -0.2585 0.511747 -0.212754 -0.2585 0.637856 -0.212754 -0.241391 0.639899 -0.219841 -0.265587 0.367831 0.287137 -0.2585 0.362905 0.304246 -0.2585 0.489018 0.304246 -0.265587 0.493939 0.287137 -0.265587 0.506822 -0.195645 -0.265587 0.367831 0.287137 -0.265587 0.493939 0.287137 -0.265587 0.632929 -0.195645 0.265587 0.506822 -0.195645 0.2585 0.511747 -0.212754 0.2585 0.637856 -0.212754 0.265587 0.632929 -0.195645 -0.2585 0.511747 -0.212754 -0.265587 0.506822 -0.195645 -0.265587 0.632929 -0.195645 -0.2585 0.637856 -0.212754 0.241391 0.360865 0.311333 0.2585 0.362905 0.304246 0.2585 0.489018 0.304246 0.241391 0.486983 0.311333 0.13109 0.360865 0.309017 0.241391 0.360865 0.311333 0.241391 0.486983 0.311333 0.13109 0.486987 0.309017 0.13109 0.452612 0.309017 0.155119 0.452612 0.309522 0.155119 0.394744 0.309522 0.13109 0.394744 0.309017 0.2585 0.511747 -0.212754 0.241391 0.513787 -0.219841 0.241391 0.639899 -0.219841 0.2585 0.637856 -0.212754 0.241391 0.513787 -0.219841 -0.241391 0.513787 -0.219841 -0.241391 0.639899 -0.219841 0.241391 0.639899 -0.219841 0.2585 0.362905 0.304246 0.265587 0.367831 0.287137 0.265587 0.493939 0.287137 0.2585 0.489018 0.304246 -0.199935 0.501662 0.265565 -0.135064 0.501662 0.265565 -0.135064 0.467065 0.255604 -0.199935 0.467065 0.255604 0.263836 0.4965 0.285545 0.263849 0.634578 -0.194065 0.220458 0.623224 -0.154628 0.220464 0.507849 0.246125 -0.263853 0.634579 -0.19407 -0.220453 0.623222 -0.154623 -0.219976 0.622552 -0.154347 -0.219976 0.507431 0.245524 -0.219976 0.472834 0.235564 -0.219976 0.587956 -0.164307 0.25682 0.639474 -0.211074 0.239822 0.641502 -0.218115 0.200369 0.629005 -0.174707 0.214571 0.627312 -0.168825 -0.135064 0.501662 0.265565 -0.104214 0.501661 0.263884 -0.103304 0.467065 0.254096 -0.135064 0.467065 0.255604 0.130995 0.489546 0.307226 0.239777 0.489587 0.309556 0.200389 0.502063 0.266221 0.128479 0.502081 0.259466 0.219976 0.622552 -0.154347 0.214107 0.626631 -0.168518 0.214107 0.592035 -0.178478 0.219976 0.587956 -0.164307 -0.135064 0.489592 0.309542 -0.135064 0.502067 0.26621 -0.2585 0.362905 0.304246 -0.241391 0.360865 0.311333 -0.241391 0.486983 0.311333 -0.2585 0.489018 0.304246 -0.219976 0.507431 0.245524 -0.214107 0.503351 0.259695 -0.214107 0.468754 0.249735 -0.219976 0.472834 0.235564 -0.104214 0.501661 0.263884 0.101119 0.50166 0.262203 0.102938 0.467065 0.252587 -0.103304 0.467065 0.254096 0.101119 0.50166 0.262203 0.128511 0.501658 0.25884 0.132149 0.467065 0.249569 0.102938 0.467065 0.252587 -0.103569 0.360865 0.310754 0.102409 0.360865 0.310176 0.102409 0.394744 0.310176 -0.103569 0.394744 0.310754 -0.103594 0.489583 0.308948 0.102359 0.489572 0.30837 0.101104 0.502073 0.262841 -0.104221 0.50207 0.264528 -0.135064 0.489592 0.309542 -0.103594 0.489583 0.308948 -0.104221 0.50207 0.264528 -0.135064 0.502067 0.26621 -0.135064 0.360865 0.311333 -0.103569 0.360865 0.310754 -0.103569 0.394744 0.310754 -0.135064 0.394744 0.311333 0.102409 0.360865 0.310176 0.13109 0.360865 0.309017 0.13109 0.394744 0.309017 0.102409 0.394744 0.310176 0.25682 0.639474 -0.211074 0.263849 0.634578 -0.194065 0.265587 0.632929 -0.195645 0.2585 0.637856 -0.212754 0.239822 0.641502 -0.218115 0.25682 0.639474 -0.211074 0.2585 0.637856 -0.212754 0.241391 0.639899 -0.219841 -0.239789 0.489583 0.30957 -0.256799 0.491606 0.302545 -0.2585 0.489018 0.304246 -0.241391 0.486983 0.311333 -0.256799 0.491606 0.302545 -0.263843 0.496498 0.285552 -0.265587 0.493939 0.287137 -0.2585 0.489018 0.304246 0.25679 0.491609 0.302536 0.239777 0.489587 0.309556 0.241391 0.486983 0.311333 0.2585 0.489018 0.304246 0.263836 0.4965 0.285545 0.25679 0.491609 0.302536 0.2585 0.489018 0.304246 0.265587 0.493939 0.287137 -0.256822 0.639475 -0.211077 -0.239823 0.641502 -0.218116 -0.241391 0.639899 -0.219841 -0.2585 0.637856 -0.212754 -0.263853 0.634579 -0.19407 -0.256822 0.639475 -0.211077 -0.2585 0.637856 -0.212754 -0.265587 0.632929 -0.195645 -0.239823 0.641502 -0.218116 0.239822 0.641502 -0.218115 0.241391 0.639899 -0.219841 -0.241391 0.639899 -0.219841 0.263849 0.634578 -0.194065 0.263836 0.4965 0.285545 0.265587 0.493939 0.287137 0.265587 0.632929 -0.195645 -0.265587 0.632929 -0.195645 -0.265587 0.493939 0.287137 -0.263843 0.496498 0.285552 -0.263853 0.634579 -0.19407 0.13109 0.486987 0.309017 0.241391 0.486983 0.311333 0.239777 0.489587 0.309556 0.130995 0.489546 0.307226 -0.241391 0.486983 0.311333 -0.135064 0.486987 0.311333 -0.135064 0.489592 0.309542 -0.239789 0.489583 0.30957 0.102409 0.486988 0.310176 0.13109 0.486987 0.309017 0.130995 0.489546 0.307226 0.102359 0.489572 0.30837 -0.103569 0.486988 0.310754 0.102409 0.486988 0.310176 0.102359 0.489572 0.30837 -0.103594 0.489583 0.308948 -0.135064 0.486987 0.311333 -0.103569 0.486988 0.310754 -0.103594 0.489583 0.308948 -0.135064 0.489592 0.309542 0.214107 0.626631 -0.168518 0.199935 0.628321 -0.174387 0.199935 0.593725 -0.184348 0.214107 0.592035 -0.178478 0.214107 0.626631 -0.168518 0.219976 0.622552 -0.154347 0.220458 0.623224 -0.154628 0.214571 0.627312 -0.168825 0.199935 0.628321 -0.174387 0.214107 0.626631 -0.168518 0.214571 0.627312 -0.168825 0.200369 0.629005 -0.174707 -0.199935 0.501662 0.265565 -0.214107 0.503351 0.259695 -0.214572 0.503763 0.260318 -0.200374 0.502068 0.266203 -0.214107 0.503351 0.259695 -0.219976 0.507431 0.245524 -0.220454 0.507851 0.246116 -0.214572 0.503763 0.260318 0.214107 0.50335 0.259695 0.199935 0.50166 0.265565 0.200389 0.502063 0.266221 0.214584 0.50376 0.26033 0.219976 0.50743 0.245524 0.214107 0.50335 0.259695 0.214584 0.50376 0.26033 0.220464 0.507849 0.246125 -0.214107 0.626632 -0.168518 -0.199935 0.628321 -0.174387 -0.200368 0.629004 -0.174705 -0.214568 0.627311 -0.168822 -0.219976 0.622552 -0.154347 -0.214107 0.626632 -0.168518 -0.214568 0.627311 -0.168822 -0.220453 0.623222 -0.154623 -0.199935 0.628321 -0.174387 0.199935 0.628321 -0.174387 0.200369 0.629005 -0.174707 -0.200368 0.629004 -0.174705 0.219976 0.622552 -0.154347 0.219976 0.50743 0.245524 0.220464 0.507849 0.246125 0.220458 0.623224 -0.154628 -0.220453 0.623222 -0.154623 -0.220454 0.507851 0.246116 -0.219976 0.507431 0.245524 -0.219976 0.622552 -0.154347 0.128479 0.502081 0.259466 0.200389 0.502063 0.266221 0.199935 0.50166 0.265565 0.128511 0.501658 0.25884 -0.200374 0.502068 0.266203 -0.135064 0.502067 0.26621 -0.135064 0.501662 0.265565 -0.199935 0.501662 0.265565 0.101104 0.502073 0.262841 0.128479 0.502081 0.259466 0.128511 0.501658 0.25884 0.101119 0.50166 0.262203 -0.104221 0.50207 0.264528 0.101104 0.502073 0.262841 0.101119 0.50166 0.262203 -0.104214 0.501661 0.263884 -0.135064 0.502067 0.26621 -0.104221 0.50207 0.264528 -0.104214 0.501661 0.263884 -0.135064 0.501662 0.265565 -0.103569 0.452612 0.310754 0.102409 0.452612 0.310176 0.102409 0.486988 0.310176 -0.103569 0.486988 0.310754 -0.135064 0.452612 0.311333 -0.103569 0.452612 0.310754 -0.103569 0.486988 0.310754 -0.135064 0.486987 0.311333 0.102409 0.452612 0.310176 0.13109 0.452612 0.309017 0.13109 0.486987 0.309017 0.102409 0.486988 0.310176 </float_array>
          <technique_common>
            <accessor count="318" offset="0" source="#meshId2-positions-array" stride="3">
              <param name="X" type="float" />
              <param name="Y" type="float" />
              <param name="Z" type="float" />
            </accessor>
          </technique_common>
        </source>
        <source id="meshId2-normals" name="meshId2-normals">
          <float_array id="meshId2-normals-array" count="954"> 0 0 1 0 0 1 0 0 1 0 0 1 0 0 1 0 0 1 0 0 1 0 0 1 0 0.961 0.2767 0 0.961 0.2767 0 0.961 0.2767 0 0.961 0.2767 0.3958 0.2541 -0.8825 0.3958 0.2541 -0.8825 0.3958 0.2541 -0.8825 0.3958 0.2541 -0.8825 0 0.961 0.2767 0 0.961 0.2767 0 0.961 0.2767 0 0.961 0.2767 -0.3958 0.2541 -0.8825 -0.3958 0.2541 -0.8825 -0.3958 0.2541 -0.8825 -0.3958 0.2541 -0.8825 -0.9291 0.1023 -0.3554 -0.9291 0.1023 -0.3554 -0.9291 0.1023 -0.3554 -0.9291 0.1023 -0.3554 -1 0 0 -1 0 0 -1 0 0 -1 0 0 0.0211 0.9658 0.2584 0.0211 0.9658 0.2584 0.0211 0.9658 0.2584 0.0211 0.9658 0.2584 0 0.961 0.2767 0 0.961 0.2767 0 0.961 0.2767 0 0.961 0.2767 0.9291 -0.1023 0.3554 0.9291 -0.1023 0.3554 0.9291 -0.1023 0.3554 0.9291 -0.1023 0.3554 -0 -0.2767 0.961 -0 -0.2767 0.961 -0 -0.2767 0.961 -0 -0.2767 0.961 0 0.961 0.2767 0 0.961 0.2767 0.3958 -0.2541 0.8825 0.3958 -0.2541 0.8825 0.3958 -0.2541 0.8825 0.3958 -0.2541 0.8825 0.0879 0.271 -0.9585 0.0879 0.271 -0.9585 0.0879 0.271 -0.9585 0.0879 0.271 -0.9585 1 0 0 1 0 0 1 0 0 1 0 0 -0.3827 0 -0.9239 -0.3827 0 -0.9239 -0.3827 0 -0.9239 -0.3827 0 -0.9239 -0.9239 0 0.3827 -0.9239 0 0.3827 -0.9239 0 0.3827 -0.9239 0 0.3827 -1 0 0 -1 0 0 -1 0 0 -1 0 0 0.9239 0 -0.3827 0.9239 0 -0.3827 0.9239 0 -0.3827 0.9239 0 -0.3827 -0.9239 0 -0.3827 -0.9239 0 -0.3827 -0.9239 0 -0.3827 -0.9239 0 -0.3827 0.3827 0 0.9239 0.3827 0 0.9239 0.3827 0 0.9239 0.3827 0 0.9239 -0.021 0 0.9998 -0.021 0 0.9998 -0.021 0 0.9998 -0.021 0 0.9998 -0.021 0 0.9998 -0.021 0 0.9998 -0.021 0 0.9998 -0.021 0 0.9998 0.3827 0 -0.9239 0.3827 0 -0.9239 0.3827 0 -0.9239 0.3827 0 -0.9239 0 0 -1 0 0 -1 0 0 -1 0 0 -1 0.9239 0 0.3827 0.9239 0 0.3827 0.9239 0 0.3827 0.9239 0 0.3827 -0 0.2767 -0.961 -0 0.2767 -0.961 -0 0.2767 -0.961 -0 0.2767 -0.961 0 0.961 0.2767 0 0.961 0.2767 0 0.961 0.2767 0 0.961 0.2767 0 0.961 0.2767 0 0.961 0.2767 1 0 0 1 0 0 1 0 0 1 0 0 0 0.961 0.2767 0 0.961 0.2767 0 0.961 0.2767 0 0.961 0.2767 -0.0489 0.2735 -0.9606 -0.0489 0.2735 -0.9606 -0.0489 0.2735 -0.9606 -0.0489 0.2735 -0.9606 -0.0137 0.9626 0.2706 -0.0137 0.9626 0.2706 -0.0137 0.9626 0.2706 -0.0137 0.9626 0.2706 -0.9291 -0.1023 0.3554 -0.9291 -0.1023 0.3554 -0.9291 -0.1023 0.3554 -0.9291 -0.1023 0.3554 0 0.961 0.2767 0 0.961 0.2767 -0.3827 0 0.9239 -0.3827 0 0.9239 -0.3827 0 0.9239 -0.3827 0 0.9239 0.9291 0.1023 -0.3554 0.9291 0.1023 -0.3554 0.9291 0.1023 -0.3554 0.9291 0.1023 -0.3554 -0.0075 0.2697 -0.9629 -0.0075 0.2697 -0.9629 -0.0075 0.2697 -0.9629 -0.0075 0.2697 -0.9629 -0.1083 0.2538 -0.9612 -0.1083 0.2538 -0.9612 -0.1083 0.2538 -0.9612 -0.1083 0.2538 -0.9612 0.0028 0 1 0.0028 0 1 0.0028 0 1 0.0028 0 1 0.0015 0.9635 0.2676 0.0015 0.9635 0.2676 0.0015 0.9635 0.2676 0.0015 0.9635 0.2676 0.0101 0.9618 0.2735 0.0101 0.9618 0.2735 0.0101 0.9618 0.2735 0.0101 0.9618 0.2735 0.0184 0 0.9998 0.0184 0 0.9998 0.0184 0 0.9998 0.0184 0 0.9998 0.0403 0 0.9992 0.0403 0 0.9992 0.0403 0 0.9992 0.0403 0 0.9992 0.6605 0.7486 -0.0577 0.6605 0.7486 -0.0577 0.6605 0.7486 -0.0577 0.6605 0.7486 -0.0577 0.3001 0.8193 -0.4885 0.3001 0.8193 -0.4885 0.3001 0.8193 -0.4885 0.3001 0.8193 -0.4885 -0.2287 0.637 0.7361 -0.2287 0.637 0.7361 -0.2287 0.637 0.7361 -0.2287 0.637 0.7361 -0.5911 0.6763 0.4395 -0.5911 0.6763 0.4395 -0.5911 0.6763 0.4395 -0.5911 0.6763 0.4395 0.2278 0.639 0.7347 0.2278 0.639 0.7347 0.2278 0.639 0.7347 0.2278 0.639 0.7347 0.5894 0.6779 0.4394 0.5894 0.6779 0.4394 0.5894 0.6779 0.4394 0.5894 0.6779 0.4394 -0.3003 0.8189 -0.4891 -0.3003 0.8189 -0.4891 -0.3003 0.8189 -0.4891 -0.3003 0.8189 -0.4891 -0.6612 0.7479 -0.0583 -0.6612 0.7479 -0.0583 -0.6612 0.7479 -0.0583 -0.6612 0.7479 -0.0583 0 0.7326 -0.6806 0 0.7326 -0.6806 0 0.7326 -0.6806 0 0.7326 -0.6806 0.757 0.6279 0.1808 0.757 0.6279 0.1808 0.757 0.6279 0.1808 0.757 0.6279 0.1808 -0.7581 0.6267 0.1804 -0.7581 0.6267 0.1804 -0.7581 0.6267 0.1804 -0.7581 0.6267 0.1804 -0.0176 0.5645 0.8253 -0.0176 0.5645 0.8253 -0.0176 0.5645 0.8253 -0.0176 0.5645 0.8253 0.0001 0.5638 0.8259 0.0001 0.5638 0.8259 0.0001 0.5638 0.8259 0.0001 0.5638 0.8259 0.0331 0.5736 0.8185 0.0331 0.5736 0.8185 0.0331 0.5736 0.8185 0.0331 0.5736 0.8185 0.0023 0.572 0.8202 0.0023 0.572 0.8202 0.0023 0.572 0.8202 0.0023 0.572 0.8202 0.0154 0.5688 0.8223 0.0154 0.5688 0.8223 0.0154 0.5688 0.8223 0.0154 0.5688 0.8223 -0.3958 -0.2541 0.8825 -0.3958 -0.2541 0.8825 -0.3958 -0.2541 0.8825 -0.3958 -0.2541 0.8825 -0.6314 0.6354 0.4446 -0.6314 0.6354 0.4446 -0.6314 0.6354 0.4446 -0.6314 0.6354 0.4446 -0.2657 0.5418 0.7974 -0.2657 0.5418 0.7974 -0.2657 0.5418 0.7974 -0.2657 0.5418 0.7974 0.2648 0.8844 -0.3843 0.2648 0.8844 -0.3843 0.2648 0.8844 -0.3843 0.2648 0.8844 -0.3843 0.6322 0.7738 -0.0391 0.6322 0.7738 -0.0391 0.6322 0.7738 -0.0391 0.6322 0.7738 -0.0391 -0.2606 0.8908 -0.3722 -0.2606 0.8908 -0.3722 -0.2606 0.8908 -0.3722 -0.2606 0.8908 -0.3722 -0.6248 0.7801 -0.0341 -0.6248 0.7801 -0.0341 -0.6248 0.7801 -0.0341 -0.6248 0.7801 -0.0341 0.2664 0.5399 0.7985 0.2664 0.5399 0.7985 0.2664 0.5399 0.7985 0.2664 0.5399 0.7985 0.6343 0.6323 0.4448 0.6343 0.6323 0.4448 0.6343 0.6323 0.4448 0.6343 0.6323 0.4448 0 0.4229 0.9062 0 0.4229 0.9062 0 0.4229 0.9062 0 0.4229 0.9062 -0.7609 0.6236 0.1795 -0.7609 0.6236 0.1795 -0.7609 0.6236 0.1795 -0.7609 0.6236 0.1795 0.7656 0.6182 0.178 0.7656 0.6182 0.178 0.7656 0.6182 0.178 0.7656 0.6182 0.178 0.0521 0.8316 -0.5529 0.0521 0.8316 -0.5529 0.0521 0.8316 -0.5529 0.0521 0.8316 -0.5529 0 0.8451 -0.5346 0 0.8451 -0.5346 0 0.8451 -0.5346 0 0.8451 -0.5346 -0.068 0.8312 -0.5518 -0.068 0.8312 -0.5518 -0.068 0.8312 -0.5518 -0.068 0.8312 -0.5518 -0.0044 0.8421 -0.5393 -0.0044 0.8421 -0.5393 -0.0044 0.8421 -0.5393 -0.0044 0.8421 -0.5393 -0.0291 0.8451 -0.5338 -0.0291 0.8451 -0.5338 -0.0291 0.8451 -0.5338 -0.0291 0.8451 -0.5338 0.0028 0 1 0.0028 0 1 0.0028 0 1 0.0028 0 1 0.0184 0 0.9998 0.0184 0 0.9998 0.0184 0 0.9998 0.0184 0 0.9998 0.0403 0 0.9992 0.0403 0 0.9992 0.0403 0 0.9992 0.0403 0 0.9992 </float_array>
          <technique_common>
            <accessor count="318" offset="0" source="#meshId2-normals-array" stride="3">
              <param name="X" type="float" />
              <param name="Y" type="float" />
              <param name="Z" type="float" />
            </accessor>
          </technique_common>
        </source>
        <source id="meshId2-tangents" name="meshId2-tangents">
          <float_array id="meshId2-tangents-array" count="954"> 4.81541e-05 -1 0 7.96315e-05 -1 0 8.96316e-05 -1 0 0.000151574 -1 0 4.91211e-05 -1 0 8.83394e-05 -1 0 8.34933e-05 -1 0 4.8003e-05 -1 0 1 -3.19429e-05 0.000110941 1 -3.23762e-05 0.000112446 1 -1.52935e-05 5.31173e-05 1 -2.99396e-05 0.000103984 0.000749774 0.960869 0.277001 0.000749774 0.960869 0.277001 0.000749774 0.960869 0.277001 0.000749774 0.960869 0.277001 1 -3.29306e-05 0.000114369 1 -1.4416e-05 5.00686e-05 1 -8.21481e-06 2.85292e-05 1 -1.98152e-05 6.88196e-05 0.000767112 0.96105 0.276373 0.000745589 0.961048 0.276382 0.000683627 0.96104 0.276408 0.000705149 0.961043 0.276399 1.82888e-05 -0.960969 -0.276658 1.82303e-05 -0.960969 -0.276657 1.80673e-05 -0.960969 -0.276657 1.81258e-05 -0.960969 -0.276657 0 -0.960967 -0.276664 0 -0.960988 -0.276589 0 -0.96099 -0.276584 0 -0.960968 -0.27666 0.999777 -0.0205263 -0.00491816 0.999777 -0.0205942 -0.00466493 0.999776 -0.0207279 -0.00416565 0.999777 -0.0206614 -0.0044139 1 -1.85191e-05 6.43187e-05 1 -1.47546e-05 5.1243e-05 1 -1.60769e-05 5.58327e-05 1 -1.92389e-05 6.68142e-05 0.000280834 -0.960786 -0.277291 0.00029011 -0.960779 -0.277314 0.000315925 -0.960761 -0.277376 0.000306649 -0.960768 -0.277354 0.000589155 -0.96096 -0.276688 0.000593902 -0.96096 -0.276688 0.00059419 -0.96096 -0.276688 0.000589443 -0.96096 -0.276688 1 -1.38213e-05 4.80041e-05 1 -2.46616e-05 8.56519e-05 0.000584774 -0.960889 -0.276933 0.0005843 -0.960889 -0.276933 0.000582935 -0.960889 -0.276932 0.000583409 -0.960889 -0.276932 0.000311533 0.962271 0.272094 0.000909902 0.962256 0.272146 0.00117941 0.962249 0.272169 0.000564804 0.962264 0.272116 0 0.960769 0.277351 0 0.960768 0.277353 0 0.960768 0.277354 0 0.960769 0.277351 -0.000457071 1 0.000189329 -0.000457143 1 0.000189359 -0.000457801 1 0.000189631 -0.000457729 1 0.000189602 -0.112684 -0.955666 -0.272039 -0.112686 -0.955664 -0.272043 -0.112701 -0.955653 -0.272078 -0.112699 -0.955654 -0.272074 0 -0.960984 -0.276605 0 -0.960984 -0.276603 0 -0.960984 -0.276602 0 -0.960984 -0.276605 0.116116 0.952857 0.280323 0.116116 0.952857 0.280323 0.116117 0.952856 0.280326 0.116117 0.952856 0.280326 0.115018 -0.953765 -0.277673 0.115016 -0.953768 -0.277666 0.114993 -0.953787 -0.277611 0.114995 -0.953784 -0.277617 4.819e-05 -1 -1.99614e-05 4.81902e-05 -1 -1.99615e-05 4.81919e-05 -1 -1.99622e-05 4.81917e-05 -1 -1.99621e-05 0 -1 0 4.24581e-05 -1 8.91844e-07 4.81522e-05 -1 1.0114e-06 7.74754e-05 -1 1.62717e-06 8.70163e-05 -1 1.82771e-06 0.000187645 -1 3.94006e-06 2.1699e-05 -1 4.56869e-07 1.0729e-07 -1 2.6083e-09 -0.000459381 1 -0.000190286 -0.00045938 1 -0.000190286 -0.000459371 1 -0.000190282 -0.000459372 1 -0.000190282 -0.000458567 1 0 -0.000457965 1 0 -0.000457848 1 0 -0.00045845 1 0 -0.112219 0.95604 0.270915 -0.112219 0.95604 0.270915 -0.112215 0.956043 0.270906 -0.112215 0.956043 0.270906 0.000760352 0.960959 0.276688 0.000760352 0.960959 0.276688 0.000760352 0.960959 0.276688 0.000760352 0.960959 0.276688 1 -1.19754e-05 4.1591e-05 1 -2.61751e-05 9.09063e-05 1 -2.7976e-05 9.7164e-05 1 -1.43361e-05 4.97907e-05 1 -2.21429e-06 7.69227e-06 1 -1.33082e-05 4.622e-05 0 -0.960756 -0.277395 0 -0.960757 -0.27739 0 -0.960757 -0.27739 0 -0.960756 -0.277395 1 -2.61976e-05 9.09889e-05 1 -1.96384e-05 6.8209e-05 1 -7.74987e-06 2.69173e-05 1 -1.19554e-05 4.15283e-05 0.000616795 0.961785 0.273806 0.000698459 0.961786 0.273802 0.000794415 0.961787 0.273797 0.000714169 0.961786 0.273801 0.999906 0.0132598 0.00345509 0.999906 0.0134219 0.0028779 0.999905 0.013582 0.00230795 0.999906 0.0133373 0.00317912 1.45901e-05 -0.960991 -0.276578 5.90453e-06 -0.960985 -0.276599 -1.8268e-05 -0.960969 -0.276657 -9.58247e-06 -0.960975 -0.276637 1 -2.4248e-05 8.42137e-05 1 -2.72133e-05 9.45118e-05 4.84732e-05 -1 2.00787e-05 4.84378e-05 -1 2.0064e-05 4.81124e-05 -1 1.99292e-05 4.81479e-05 -1 1.99439e-05 -0.000324475 -0.960755 -0.277397 -0.000324532 -0.960755 -0.277397 -0.00032469 -0.960755 -0.277397 -0.000324633 -0.960755 -0.277397 0.000642478 0.962942 0.269707 0.000759737 0.962942 0.269706 0.000773825 0.962942 0.269706 0.000656772 0.962942 0.269707 -1.71833e-05 0.966863 0.255297 0.000559268 0.966878 0.255236 0.00131982 0.966899 0.255156 0.000764385 0.966884 0.255215 8.96297e-05 -1 -2.50963e-07 9.30177e-06 -1 -2.6045e-08 0 -1 0 8.03279e-05 -1 -2.24918e-07 0.999999 -0.0014768 -0.000287975 0.999999 -0.00149443 -0.000224751 0.999999 -0.00149735 -0.000214275 0.999999 -0.00147976 -0.000277374 0.999949 -0.00982844 -0.00236313 0.999949 -0.0098751 -0.00219954 0.999949 -0.00995057 -0.00193487 0.999949 -0.00990428 -0.0020972 8.96312e-05 -1 -1.64954e-06 8.96312e-05 -1 -1.64954e-06 8.96312e-05 -1 -1.64954e-06 8.96312e-05 -1 -1.64954e-06 0 -1 0 0 -1 0 0 -1 0 0 -1 0 0.736053 -0.660763 -0.14703 0.736068 -0.660768 -0.146932 0.73607 -0.660769 -0.146922 0.736055 -0.660763 -0.147019 0.917931 -0.38736 -0.0857575 0.917832 -0.387521 -0.0860888 0.917824 -0.387534 -0.0861164 0.917923 -0.387373 -0.0857857 0.959927 0.273384 0.0616625 0.959618 0.274748 0.0603865 0.95958 0.274915 0.0602299 0.959888 0.273554 0.0615034 0.787594 0.601529 0.133635 0.787536 0.601672 0.133338 0.787527 0.601694 0.133292 0.787585 0.601552 0.133588 0.960036 -0.273395 -0.0598837 0.960248 -0.272454 -0.0607685 0.960279 -0.272317 -0.0608967 0.960068 -0.273255 -0.0600155 0.788923 -0.600033 -0.132519 0.788997 -0.599852 -0.132897 0.789004 -0.599835 -0.132933 0.78893 -0.600015 -0.132556 0.917549 0.388111 0.0864522 0.9176 0.388027 0.0862812 0.917607 0.388017 0.08626 0.917556 0.3881 0.0864303 0.735384 0.661573 0.146736 0.735327 0.661553 0.147113 0.735322 0.66155 0.147149 0.735378 0.661571 0.146773 0.0032631 0.680624 0.732626 0.00290095 0.680625 0.732627 0.00290013 0.680625 0.732626 0.00326128 0.680624 0.732626 -0.653164 0.734803 0.182868 -0.653165 0.73479 0.182916 -0.653165 0.73479 0.182917 -0.653164 0.734803 0.182868 -0.652044 -0.733253 -0.192821 -0.652059 -0.732889 -0.194147 -0.652059 -0.732887 -0.194155 -0.652044 -0.733252 -0.192824 -0.00181014 -0.825408 0.564534 -0.00144896 -0.825404 0.564541 -0.00143931 -0.825404 0.564541 -0.00180326 -0.825408 0.564534 -0.00170803 -0.825906 0.563805 -0.000975261 -0.825907 0.563805 -0.000961002 -0.825907 0.563805 -0.00169699 -0.825907 0.563805 -0.0006632 -0.818914 0.573917 -0.00191885 -0.818888 0.57395 -0.00201338 -0.818886 0.573952 -0.000756114 -0.818912 0.573919 -0.00145575 -0.820233 0.572027 -0.000699006 -0.820235 0.572026 -0.000691471 -0.820235 0.572026 -0.00144827 -0.820233 0.572027 -0.000915257 -0.822411 0.568893 -0.00146602 -0.822405 0.5689 -0.00150345 -0.822405 0.568901 -0.000952505 -0.82241 0.568894 0.000603718 -0.961031 -0.276441 0.000602421 -0.961031 -0.276441 0.000598688 -0.96103 -0.276443 0.000599985 -0.96103 -0.276442 0.750006 0.646047 0.141825 0.75043 0.645132 0.143736 0.750448 0.645093 0.143816 0.750025 0.646007 0.141908 -0.00247032 -0.827515 0.561439 0.000512214 -0.827055 0.56212 0.000604984 -0.827041 0.562141 -0.00237562 -0.8275 0.56146 0.947108 -0.313459 -0.0687707 0.946607 -0.314407 -0.0712982 0.946591 -0.314437 -0.0713772 0.947093 -0.313489 -0.0688509 0.763054 -0.630586 -0.141812 0.763275 -0.630684 -0.140176 0.763284 -0.630688 -0.140108 0.763063 -0.63059 -0.141741 0.949403 0.306452 0.0687064 0.94975 0.305784 0.0668663 0.949765 0.305755 0.0667873 0.949419 0.306422 0.0686246 0.770011 0.622781 0.138662 0.770209 0.622873 0.13714 0.770215 0.622876 0.137095 0.770017 0.622783 0.138616 -0.00140611 -0.828191 0.560444 -0.000199745 -0.828378 0.560169 -0.000149138 -0.828386 0.560157 -0.00135403 -0.828199 0.560432 0.747965 -0.647413 -0.146302 0.747234 -0.648989 -0.143019 0.747213 -0.649035 -0.142924 0.747944 -0.647459 -0.146205 0.00037071 -0.906181 0.422891 -0.00220091 -0.906178 0.42289 -0.00220323 -0.906178 0.42289 0.000365998 -0.906181 0.422891 -0.648819 -0.735439 -0.195357 -0.6488 -0.735886 -0.193727 -0.6488 -0.735886 -0.193725 -0.648819 -0.735439 -0.195354 0.64304 -0.743504 -0.183578 0.643025 -0.74371 -0.1828 0.643025 -0.74371 -0.182798 0.64304 -0.743504 -0.183578 0.997151 -0.0735619 -0.0166801 0.997233 -0.0727244 -0.015413 0.997234 -0.0727152 -0.015399 0.997152 -0.0735563 -0.0166717 1 3.75007e-05 5.92825e-05 1 6.91244e-05 0.000109272 1 6.9361e-05 0.000109646 1 3.76791e-05 5.95646e-05 0.995343 0.0943948 0.0195318 0.995105 0.0962578 0.0223673 0.995101 0.096288 0.0224135 0.995339 0.0944253 0.0195781 0.99998 0.00613679 0.00142385 0.99998 0.00617243 0.0014795 0.99998 0.00617251 0.00147963 0.99998 0.00613688 0.00142398 0.999161 0.0399938 0.00884815 0.999158 0.0400367 0.00891624 0.999158 0.0400373 0.00891729 0.999161 0.0399944 0.0088492 8.83335e-05 -1 -2.47334e-07 9.29935e-06 -1 -2.60382e-08 0 -1 0 7.90341e-05 -1 -2.21296e-07 8.83386e-05 -1 -1.62575e-06 8.83369e-05 -1 -1.62572e-06 8.8335e-05 -1 -1.62569e-06 8.83367e-05 -1 -1.62572e-06 0 -1 0 3.8542e-05 -1 -1.55449e-06 8.70188e-05 -1 -3.50966e-06 4.84755e-05 -1 -1.95513e-06 </float_array>
          <technique_common>
            <accessor count="318" offset="0" source="#meshId2-tangents-array" stride="3">
              <param name="X" type="float" />
              <param name="Y" type="float" />
              <param name="Z" type="float" />
            </accessor>
          </technique_common>
        </source>
        <source id="meshId2-bitangents" name="meshId2-bitangents">
          <float_array id="meshId2-bitangents-array" count="954"> 1 4.81541e-05 -0 1 7.96315e-05 -0 1 8.96316e-05 -0 1 0.000151574 -0 1 4.91211e-05 -0 1 8.83394e-05 -0 1 8.34933e-05 -0 1 4.8003e-05 -0 0.000115453 0.2767 -0.961 0.000117019 0.2767 -0.961 5.52774e-05 0.2767 -0.961 0.000108213 0.2767 -0.961 0.918353 -0.110299 0.380122 0.918353 -0.110299 0.380122 0.918353 -0.110299 0.380122 0.918353 -0.110299 0.380122 0.000119021 0.2767 -0.961 5.21049e-05 0.2767 -0.961 2.96896e-05 0.2767 -0.961 7.16184e-05 0.2767 -0.961 0.918353 0.108711 -0.380579 0.918353 0.108734 -0.380572 0.918353 0.108799 -0.380553 0.918353 0.108776 -0.38056 -0.36983 -0.257049 0.892834 -0.36983 -0.257049 0.892834 -0.36983 -0.257048 0.892834 -0.36983 -0.257049 0.892834 0 -0.276664 0.960967 0 -0.276589 0.960988 0 -0.276584 0.96099 0 -0.27666 0.960968 0.00055404 0.258446 -0.966018 0.000816143 0.258441 -0.966019 0.0013329 0.25843 -0.966021 0.00107596 0.258435 -0.96602 6.69345e-05 0.2767 -0.961 5.33272e-05 0.2767 -0.961 5.81037e-05 0.2767 -0.961 6.95319e-05 0.2767 -0.961 0.36983 0.257731 -0.892637 0.36983 0.257755 -0.89263 0.36983 0.257822 -0.892611 0.36983 0.257798 -0.892618 1.00004 0.000566178 0.000163019 1.00004 0.00057074 0.000164333 1.00004 0.000571017 0.000164412 1.00004 0.000566454 0.000163099 4.99563e-05 0.2767 -0.961 8.91353e-05 0.2767 -0.961 0.918353 0.110126 -0.380171 0.918353 0.110126 -0.380171 0.918353 0.110124 -0.380172 0.918353 0.110125 -0.380172 0.996074 -0.0242157 0.0844992 0.996074 -0.0247937 0.0843357 0.996073 -0.0250541 0.0842621 0.996074 -0.0244603 0.08443 0 -0.277351 0.960769 0 -0.277353 0.960768 0 -0.277354 0.960768 0 -0.277351 0.960769 0.9239 0.000494744 -0.3827 0.9239 0.000494822 -0.3827 0.9239 0.000495534 -0.3827 0.9239 0.000495457 -0.3827 0.365733 -0.294461 0.88294 0.365733 -0.294465 0.882938 0.365728 -0.294504 0.882927 0.365729 -0.294499 0.882929 0 -0.276605 0.960984 0 -0.276603 0.960984 0 -0.276602 0.960984 0 -0.276605 0.960984 0.364658 -0.303428 0.880344 0.364658 -0.303428 0.880344 0.364658 -0.303432 0.880343 0.364658 -0.303431 0.880343 -0.365006 -0.30056 0.881184 -0.365007 -0.300552 0.881186 -0.365014 -0.300492 0.881204 -0.365013 -0.300499 0.881201 0.9239 5.2162e-05 -0.3827 0.9239 5.21622e-05 -0.3827 0.9239 5.2164e-05 -0.3827 0.9239 5.21638e-05 -0.3827 0.9998 0 0.021 0.9998 4.24684e-05 0.021 0.9998 4.81638e-05 0.021 0.9998 7.74941e-05 0.021 0.9998 8.70373e-05 0.021 0.9998 0.00018769 0.021 0.9998 2.17043e-05 0.021 0.9998 1.07323e-07 0.021 0.9239 0.000497245 0.3827 0.9239 0.000497244 0.3827 0.9239 0.000497234 0.3827 0.9239 0.000497235 0.3827 1 0.000458567 0 1 0.000457965 0 1 0.000457848 0 1 0.00045845 0 -0.365876 -0.293245 0.883285 -0.365876 -0.293244 0.883285 -0.365878 -0.293234 0.883288 -0.365878 -0.293235 0.883288 1.00004 -0.000730698 -0.000210389 1.00004 -0.000730698 -0.000210389 1.00004 -0.000730698 -0.000210389 1.00004 -0.000730698 -0.000210389 4.32825e-05 0.2767 -0.961 9.46036e-05 0.2767 -0.961 0.000101116 0.2767 -0.961 5.18157e-05 0.2767 -0.961 8.00497e-06 0.2767 -0.961 4.80998e-05 0.2767 -0.961 0 0.277395 -0.960756 0 0.27739 -0.960757 0 0.27739 -0.960757 0 0.277395 -0.960756 9.46892e-05 0.2767 -0.961 7.09828e-05 0.2767 -0.961 2.80119e-05 0.2767 -0.961 4.32167e-05 0.2767 -0.961 0.998776 0.0127966 -0.0472 0.998776 0.012718 -0.0472224 0.998776 0.0126256 -0.0472487 0.998776 0.0127029 -0.0472267 -0.000262222 0.270622 -0.962691 -0.000861698 0.270614 -0.962693 -0.00145365 0.270606 -0.962695 -0.000548847 0.270618 -0.962692 0.36983 -0.256964 0.892859 0.36983 -0.256986 0.892852 0.36983 -0.257049 0.892834 0.36983 -0.257026 0.892841 8.76388e-05 0.2767 -0.961 9.83557e-05 0.2767 -0.961 0.9239 5.24685e-05 0.3827 0.9239 5.24302e-05 0.3827 0.9239 5.2078e-05 0.3827 0.9239 5.21164e-05 0.3827 -0.36983 0.257845 -0.892605 -0.36983 0.257845 -0.892605 -0.36983 0.257845 -0.892605 -0.36983 0.257845 -0.892605 0.999957 0.00140416 -0.00739534 0.999957 0.00129124 -0.00742697 0.999957 0.00127768 -0.00743077 0.999957 0.0013904 -0.0073992 0.994143 0.0276652 -0.104707 0.994143 0.0271045 -0.104855 0.994142 0.0263648 -0.10505 0.994142 0.026905 -0.104908 1 8.96304e-05 -0.0028 1 9.30185e-06 -0.0028 1 0 -0.0028 1 8.03285e-05 -0.0028 0.000117728 0.2676 -0.963501 0.000183361 0.2676 -0.963501 0.000194236 0.2676 -0.963501 0.000128732 0.2676 -0.963501 0.00041522 0.27351 -0.96185 0.000585322 0.273508 -0.961851 0.000860527 0.273505 -0.961851 0.000691734 0.273507 -0.961851 0.9998 8.96436e-05 -0.0184 0.9998 8.96436e-05 -0.0184 0.9998 8.96436e-05 -0.0184 0.9998 8.96436e-05 -0.0184 0.9992 0 -0.0403 0.9992 0 -0.0403 0.9992 0 -0.0403 0.9992 0 -0.0403 -0.148192 0.0546429 -0.987443 -0.14812 0.0545778 -0.987458 -0.148112 0.0545706 -0.98746 -0.148184 0.0546354 -0.987445 -0.259486 -0.422674 -0.868308 -0.259836 -0.422526 -0.868275 -0.259866 -0.422514 -0.868272 -0.259516 -0.422661 -0.868305 -0.161959 0.720704 -0.673996 -0.163776 0.720185 -0.674112 -0.163998 0.720122 -0.674126 -0.162185 0.72064 -0.674011 -0.173995 0.425139 -0.888214 -0.174259 0.424938 -0.888258 -0.174299 0.424907 -0.888265 -0.174036 0.425107 -0.888221 0.162598 0.71898 -0.675742 0.161341 0.719337 -0.675663 0.161158 0.719389 -0.675652 0.162411 0.719033 -0.675731 0.17382 0.42476 -0.88847 0.173484 0.425015 -0.888414 0.173452 0.425039 -0.888408 0.173787 0.424785 -0.888465 0.260621 -0.422812 -0.86793 0.26044 -0.422888 -0.867947 0.260417 -0.422898 -0.86795 0.260597 -0.422821 -0.867933 0.148314 0.0541492 -0.987426 0.148594 0.0544015 -0.98737 0.148621 0.0544256 -0.987364 0.148341 0.0541738 -0.98742 0.999954 -0.00222086 -0.00239055 0.999955 -0.00197439 -0.00212524 0.999955 -0.00197383 -0.00212463 0.999954 -0.00221963 -0.00238922 -0.0180298 -0.256523 0.966368 -0.0179968 -0.25656 0.966359 -0.0179968 -0.25656 0.966359 -0.0180296 -0.256523 0.966368 0.0114381 -0.263806 0.964514 0.0105412 -0.264814 0.964248 0.0105357 -0.26482 0.964247 0.0114357 -0.263809 0.964514 0.999888 0.00844189 0.015549 0.999889 0.00874009 0.015345 0.999889 0.00874806 0.0153396 0.999888 0.00844757 0.0155451 0.999989 -0.00146704 0.000880394 0.99999 -0.000861849 0.000467262 0.99999 -0.000850072 0.000459222 0.999989 -0.00145793 0.000874174 0.999479 -0.0195395 -0.0267256 0.999478 -0.0205683 -0.0260046 0.999477 -0.0206458 -0.0259503 0.999479 -0.0196156 -0.0266723 0.999955 -0.00250967 -0.00105385 0.999956 -0.00188899 -0.00148671 0.999956 -0.0018828 -0.00149102 0.999955 -0.00250354 -0.00105813 0.999855 -0.00951358 -0.0121445 0.999854 -0.00996658 -0.0118312 0.999854 -0.00999736 -0.0118099 0.999855 -0.00954421 -0.0121233 0.918353 -0.108882 0.380529 0.918353 -0.108884 0.380529 0.918353 -0.108888 0.380528 0.918353 -0.108886 0.380528 -0.197117 0.423001 -0.884468 -0.195496 0.424396 -0.884159 -0.195428 0.424454 -0.884146 -0.197046 0.423062 -0.884455 0.964048 0.147204 0.221209 0.964051 0.149764 0.219471 0.964051 0.149843 0.219417 0.964048 0.147286 0.221154 -0.181283 -0.345763 -0.920627 -0.183883 -0.344901 -0.920434 -0.183964 -0.344874 -0.920428 -0.181365 -0.345736 -0.92062 -0.13439 0.059818 -0.989107 -0.133128 0.0587754 -0.98934 -0.133075 0.0587318 -0.98935 -0.134336 0.0597731 -0.989117 0.175265 -0.335463 -0.92559 0.173377 -0.336072 -0.925725 0.173296 -0.336098 -0.92573 0.175181 -0.33549 -0.925596 0.129407 0.0603786 -0.989799 0.128223 0.0594208 -0.990011 0.128188 0.0593927 -0.990017 0.129371 0.0603498 -0.989805 0.963894 -0.150425 -0.219871 0.963895 -0.149388 -0.220572 0.963895 -0.149345 -0.220602 0.963894 -0.15038 -0.219901 0.195462 0.425494 -0.883592 0.198239 0.423087 -0.88413 0.19832 0.423017 -0.884145 0.195544 0.425424 -0.883609 1.00002 0.000335937 -0.000156773 1.00002 -0.00199446 0.000930763 1.00002 -0.00199657 0.000931747 1.00002 0.000331667 -0.00015478 0.0101868 -0.26511 0.964199 0.0112835 -0.263866 0.964527 0.0112845 -0.263865 0.964528 0.0101887 -0.265108 0.964199 0.0188556 0.255009 -0.966754 0.0193735 0.25441 -0.966902 0.0193744 0.254409 -0.966902 0.018856 0.255008 -0.966754 -0.0545436 -0.550456 -0.833064 -0.0530268 -0.550567 -0.833088 -0.05301 -0.550568 -0.833088 -0.0545335 -0.550457 -0.833064 7.01475e-05 -0.5346 -0.8451 0.0001293 -0.5346 -0.8451 0.000129743 -0.5346 -0.8451 7.04813e-05 -0.5346 -0.8451 0.0683219 -0.547902 -0.833748 0.0717068 -0.547578 -0.833677 0.0717618 -0.547573 -0.833676 0.0683772 -0.547897 -0.833747 0.00450859 -0.539283 -0.84211 0.00457467 -0.539283 -0.84211 0.00457483 -0.539283 -0.84211 0.00450875 -0.539283 -0.84211 0.0288262 -0.533095 -0.845555 0.0289067 -0.533091 -0.845554 0.0289079 -0.533091 -0.845554 0.0288275 -0.533094 -0.845554 1 8.83341e-05 -0.0028 1 9.29943e-06 -0.0028 1 0 -0.0028 1 7.90347e-05 -0.0028 0.9998 8.83508e-05 -0.0184 0.9998 8.83491e-05 -0.0184 0.9998 8.83472e-05 -0.0184 0.9998 8.83489e-05 -0.0184 0.9992 0 -0.0403 0.9992 3.85738e-05 -0.0403 0.9992 8.70906e-05 -0.0403 0.9992 4.85156e-05 -0.0403 </float_array>
          <technique_common>
            <accessor count="318" offset="0" source="#meshId2-bitangents-array" stride="3">
              <param name="X" type="float" />
              <param name="Y" type="float" />
              <param name="Z" type="float" />
            </accessor>
          </technique_common>
        </source>
        <source id="meshId2-tex0" name="meshId2-tex0">
          <float_array id="meshId2-tex0-array" count="636"> 0.989911 0.19384 0.989911 0.228799 0.978691 0.2288 0.978691 0.222206 0.959526 0.222206 0.959526 0.2288 0.948142 0.228801 0.948143 0.193842 0.730251 0.685485 0.735886 0.683087 0.748942 0.697897 0.744239 0.699907 0.895598 0.487782 0.895251 0.492433 0.883502 0.492442 0.883849 0.487791 0.735874 0.863288 0.730243 0.860883 0.74424 0.846455 0.748944 0.848464 0.895251 0.623905 0.895598 0.628573 0.883849 0.628581 0.883502 0.623914 0.861821 0.487782 0.861824 0.482985 0.87375 0.482985 0.873746 0.487782 0.861824 0.482985 0.861824 0.346218 0.87375 0.346217 0.87375 0.482985 0.849222 0.68348 0.858708 0.683846 0.857874 0.700068 0.848806 0.698984 0.894742 0.683103 0.900377 0.685501 0.886397 0.699913 0.881695 0.697901 0.265949 0.573901 0.265916 0.568974 0.27784 0.568965 0.277873 0.573893 0.903519 0.818616 0.903519 0.687143 0.914908 0.687136 0.914908 0.818609 0.727918 0.691288 0.74229 0.704756 0.903519 0.687143 0.90412 0.682488 0.915508 0.682481 0.914908 0.687136 0.89501 0.600431 0.895251 0.623905 0.883502 0.623914 0.883287 0.601635 0.947266 0.182261 0.947266 0.017236 0.987403 0.005747 0.987403 0.170772 0.947684 0.363831 0.947266 0.358196 0.988796 0.358215 0.989215 0.36385 0.883282 0.670165 0.883287 0.676077 0.843142 0.664611 0.843139 0.6587 0.883282 0.505039 0.883282 0.670165 0.843139 0.6587 0.84314 0.493574 0.947266 0.017236 0.947305 0.011489 0.987442 0 0.987403 0.005747 0.883287 0.499248 0.883282 0.505039 0.84314 0.493574 0.843144 0.487782 0.989911 0.352573 0.989186 0.358194 0.94742 0.358196 0.948143 0.352575 0.989895 0.316306 0.989911 0.352573 0.948143 0.352575 0.948126 0.316308 0.95951 0.316307 0.959514 0.324208 0.978679 0.324207 0.978675 0.316306 0.947266 0.528178 0.947684 0.522563 0.989215 0.522582 0.988796 0.528197 0.947684 0.522563 0.947684 0.363831 0.989215 0.36385 0.989215 0.522582 0.947305 0.18821 0.947266 0.182261 0.987403 0.170772 0.987444 0.176721 0.895251 0.492433 0.895251 0.513762 0.883502 0.513771 0.883502 0.492442 0.902711 0.691303 0.902716 0.855087 0.888343 0.841618 0.888345 0.704764 0.727914 0.855076 0.742291 0.841606 0.265916 0.568974 0.265916 0.43229 0.27784 0.432281 0.27784 0.568965 0.900387 0.860895 0.894757 0.863299 0.881688 0.848475 0.886393 0.846466 0.895251 0.513762 0.895191 0.523908 0.883448 0.524215 0.883502 0.513771 0.858708 0.683846 0.894742 0.683103 0.881695 0.697901 0.857874 0.700068 0.861824 0.346218 0.861821 0.341321 0.873746 0.341321 0.87375 0.346217 0.770576 0.683099 0.770576 0.697897 0.989186 0.18821 0.989911 0.19384 0.948143 0.193842 0.94742 0.188212 0.265916 0.43229 0.265949 0.42753 0.277873 0.427521 0.27784 0.432281 0.895191 0.523908 0.895131 0.59142 0.883394 0.592027 0.883448 0.524215 0.895131 0.59142 0.89501 0.600431 0.883287 0.601635 0.883394 0.592027 0.989907 0.239154 0.989903 0.306877 0.978683 0.306877 0.978687 0.239155 0.781 0.68329 0.849222 0.68348 0.848806 0.698984 0.780792 0.698437 0.770576 0.683099 0.781 0.68329 0.780792 0.698437 0.770576 0.697897 0.989911 0.228799 0.989907 0.239154 0.978687 0.239155 0.978691 0.2288 0.989903 0.306877 0.989895 0.316306 0.978675 0.316306 0.978683 0.306877 0.900387 0.860895 0.902716 0.855087 0.903291 0.855476 0.900943 0.861319 0.894757 0.863299 0.900387 0.860895 0.900943 0.861319 0.895276 0.863739 0.735886 0.683087 0.730251 0.685485 0.729687 0.684755 0.735354 0.682336 0.730251 0.685485 0.727918 0.691288 0.727339 0.690597 0.729687 0.684755 0.900377 0.685501 0.894742 0.683103 0.895276 0.682347 0.900943 0.684768 0.902711 0.691303 0.900377 0.685501 0.900943 0.684768 0.903291 0.69061 0.730243 0.860883 0.735874 0.863288 0.735354 0.863727 0.729687 0.861306 0.727914 0.855076 0.730243 0.860883 0.729687 0.861306 0.727339 0.855464 0.989805 0.364363 0.989805 0.522064 0.989215 0.522582 0.989215 0.36385 0.988082 0.00612 0.988082 0.170061 0.987403 0.170772 0.987403 0.005747 0.84314 0.493574 0.843139 0.6587 0.842471 0.657981 0.842471 0.493937 0.948126 0.316308 0.948143 0.352575 0.947269 0.352043 0.947266 0.316275 0.948143 0.193842 0.948142 0.228801 0.947267 0.2288 0.94727 0.194367 0.948134 0.306878 0.948126 0.316308 0.947266 0.316275 0.947266 0.306861 0.948138 0.239156 0.948134 0.306878 0.947266 0.306861 0.947266 0.239146 0.948142 0.228801 0.948138 0.239156 0.947266 0.239146 0.947267 0.2288 0.90412 0.823279 0.903519 0.818616 0.914908 0.818609 0.915508 0.823272 0.886238 0.846319 0.888183 0.84148 0.888343 0.841618 0.886393 0.846466 0.903519 0.818616 0.90412 0.823279 0.903892 0.823432 0.903291 0.818758 0.749087 0.698073 0.744393 0.700077 0.744239 0.699907 0.748942 0.697897 0.744393 0.700077 0.742448 0.704916 0.74229 0.704756 0.744239 0.699907 0.886238 0.700088 0.881544 0.698083 0.881695 0.697901 0.886397 0.699913 0.888183 0.704927 0.886238 0.700088 0.886397 0.699913 0.888345 0.704764 0.90412 0.682488 0.903519 0.687143 0.903291 0.687001 0.903893 0.682336 0.742448 0.841469 0.744393 0.846309 0.74424 0.846455 0.742291 0.841606 0.903519 0.687143 0.903519 0.818616 0.903291 0.818758 0.903291 0.687001 0.861824 0.346218 0.861824 0.482985 0.861636 0.483141 0.861636 0.346072 0.265725 0.569115 0.265725 0.432134 0.265916 0.43229 0.265916 0.568974 0.857874 0.700068 0.881695 0.697901 0.881544 0.698083 0.857884 0.700239 0.748942 0.697897 0.770576 0.697897 0.770576 0.698075 0.749087 0.698073 0.848806 0.698984 0.857874 0.700068 0.857884 0.700239 0.848811 0.69916 0.780792 0.698437 0.848806 0.698984 0.848811 0.69916 0.780795 0.698615 0.770576 0.697897 0.780792 0.698437 0.780795 0.698615 0.770576 0.698075 0.959522 0.239155 0.959518 0.306878 0.948134 0.306878 0.948138 0.239156 0.959526 0.2288 0.959522 0.239155 0.948138 0.239156 0.948142 0.228801 0.959518 0.306878 0.95951 0.316307 0.948126 0.316308 0.948134 0.306878 </float_array>
          <technique_common>
            <accessor count="318" offset="0" source="#meshId2-tex0-array" stride="2">
              <param name="S" type="float" />
              <param name="T" type="float" />
            </accessor>
          </technique_common>
        </source>
        <vertices id="meshId2-vertices">
          <input semantic="POSITION" source="#meshId2-positions" />
        </vertices>
        <polylist count="174" material="defaultMaterial">
          <input offset="0" semantic="VERTEX" source="#meshId2-vertices" />
          <input offset="0" semantic="NORMAL" source="#meshId2-normals" />
          <input offset="0" semantic="TANGENT" source="#meshId2-tangents" />
          <input offset="0" semantic="BINORMAL" source="#meshId2-bitangents" />
          <input offset="0" semantic="TEXCOORD" source="#meshId2-tex0" set="0" />
          <vcount>3 3 3 3 3 3 3 3 3 3 3 3 3 3 3 3 3 3 3 3 3 3 3 3 3 3 3 3 3 3 3 3 3 3 3 3 3 3 3 3 3 3 3 3 3 3 3 3 3 3 3 3 3 3 3 3 3 3 3 3 3 3 3 3 3 3 3 3 3 3 3 3 3 3 3 3 3 3 3 3 3 3 3 3 3 3 3 3 3 3 3 3 3 3 3 3 3 3 3 3 3 3 3 3 3 3 3 3 3 3 3 3 3 3 3 3 3 3 3 3 3 3 3 3 3 3 3 3 3 3 3 3 3 3 3 3 3 3 3 3 3 3 3 3 3 3 3 3 3 3 3 3 3 3 3 3 3 3 3 3 3 3 3 3 3 3 3 3 3 3 3 3 3 3 </vcount>
          <p>7 0 1 1 2 3 4 5 6 4 6 7 7 1 3 3 4 7 11 8 9 9 10 11 15 12 13 13 14 15 19 16 17 17 18 19 23 20 21 21 22 23 27 24 25 25 26 27 31 28 29 29 30 31 35 32 33 33 34 35 39 36 37 37 38 39 43 40 41 41 42 43 47 44 45 45 46 47 49 48 8 8 11 49 53 50 51 51 52 53 57 54 55 55 56 57 61 58 59 59 60 61 65 62 63 63 64 65 69 66 67 67 68 69 73 70 71 71 72 73 77 74 75 75 76 77 81 78 79 79 80 81 85 82 83 83 84 85 93 86 87 87 88 89 89 90 91 92 93 87 87 89 91 87 91 92 97 94 95 95 96 97 101 98 99 99 100 101 105 102 103 103 104 105 109 106 107 107 108 109 113 110 111 111 112 113 18 17 114 114 115 18 119 116 117 117 118 119 115 114 48 48 49 115 123 120 121 121 122 123 127 124 125 125 126 127 38 37 110 110 113 38 131 128 129 129 130 131 135 132 133 133 134 135 122 121 16 16 19 122 10 9 136 136 137 10 141 138 139 139 140 141 145 142 143 143 144 145 149 146 147 147 148 149 153 150 151 151 152 153 157 154 155 155 156 157 161 158 159 159 160 161 165 162 163 163 164 165 169 166 167 167 168 169 173 170 171 171 172 173 177 174 175 175 176 177 181 178 179 179 180 181 185 182 183 183 184 185 189 186 187 187 188 189 193 190 191 191 192 193 197 194 195 195 196 197 201 198 199 199 200 201 205 202 203 203 204 205 209 206 207 207 208 209 213 210 211 211 212 213 217 214 215 215 216 217 221 218 219 219 220 221 225 222 223 223 224 225 229 226 227 227 228 229 233 230 231 231 232 233 237 234 235 235 236 237 241 238 239 239 240 241 245 242 243 243 244 245 249 246 247 247 248 249 253 250 251 251 252 253 257 254 255 255 256 257 261 258 259 259 260 261 265 262 263 263 264 265 269 266 267 267 268 269 273 270 271 271 272 273 277 274 275 275 276 277 281 278 279 279 280 281 285 282 283 283 284 285 289 286 287 287 288 289 293 290 291 291 292 293 297 294 295 295 296 297 301 298 299 299 300 301 305 302 303 303 304 305 112 111 120 120 123 112 309 306 307 307 308 309 313 310 311 311 312 313 317 314 315 315 316 317 </p>
        </polylist>
      </mesh>
    </geometry>
    <geometry id="meshId3" name="meshId3_name" >
      <mesh>
        <source id="meshId3-positions" name="meshId3-positions">
          <float_array id="meshId3-positions-array" count="654"> 0.0448939 -0.435757 0.0870393 0.0476095 -0.485654 0.0905658 0.0374393 -0.487602 0.0688694 0.0347174 -0.437575 0.0653346 0.042835 -0.434452 0.110956 0.0455443 -0.484229 0.114475 0.0290931 -0.434009 0.130676 0.0317975 -0.483707 0.134191 0.0455443 -0.484229 0.114475 0.042835 -0.434452 0.110956 0.00734926 -0.434548 0.140917 0.010053 -0.484229 0.14443 -0.0165698 -0.435923 0.138933 -0.0138633 -0.485654 0.142449 -0.0362555 -0.437767 0.125257 -0.0335433 -0.487602 0.128779 -0.0138633 -0.485654 0.142449 -0.0165698 -0.435923 0.138933 -0.0464319 -0.439585 0.103552 -0.0437128 -0.489549 0.107083 -0.044373 -0.44089 0.0796357 -0.0416477 -0.490974 0.0831733 -0.0306311 -0.441333 0.0599145 -0.0279015 -0.491496 0.0634577 -0.0088873 -0.440794 0.0496746 -0.00615634 -0.490974 0.0532185 -0.0279015 -0.491496 0.0634577 -0.0306311 -0.441333 0.0599145 0.0150318 -0.439418 0.0516582 0.01776 -0.489549 0.0551993 0.0347174 -0.437575 0.0653346 0.0374393 -0.487602 0.0688694 0.0506925 -0.542616 0.0938678 0.0404833 -0.543815 0.0721358 0.0486699 -0.54198 0.117815 0.0349559 -0.542081 0.13756 0.0486699 -0.54198 0.117815 0.0132267 -0.54289 0.147813 -0.0106965 -0.544191 0.145826 -0.0304031 -0.545634 0.132133 -0.0106965 -0.544191 0.145826 -0.0406123 -0.546834 0.110401 -0.038589 -0.547469 0.0864537 -0.0248756 -0.547368 0.0667081 -0.0031458 -0.54656 0.0564557 -0.0248756 -0.547368 0.0667081 0.0207768 -0.545259 0.058442 0.0404833 -0.543815 0.0721358 0.0537309 -0.604031 0.0941097 0.0434416 -0.603571 0.0723875 0.0517927 -0.605138 0.118046 0.0381449 -0.606594 0.137783 0.0517927 -0.605138 0.118046 0.0164443 -0.60801 0.148033 -0.00749358 -0.609006 0.146048 -0.0272545 -0.609316 0.132361 -0.00749358 -0.609006 0.146048 -0.0375446 -0.608856 0.110638 -0.0356057 -0.607749 0.0867019 -0.0219578 -0.606293 0.0669647 -0.000257967 -0.604877 0.056715 -0.0219578 -0.606293 0.0669647 0.0236799 -0.603881 0.0587 0.0434416 -0.603571 0.0723875 0.0563141 -0.667297 0.0884721 0.0459215 -0.664253 0.0670086 0.0544825 -0.671108 0.112137 0.0409177 -0.674664 0.131665 0.0544825 -0.671108 0.112137 0.0192548 -0.677015 0.14182 -0.00470196 -0.677527 0.139884 -0.024534 -0.676066 0.126374 -0.00470196 -0.677527 0.139884 -0.0349259 -0.673023 0.104911 -0.033095 -0.669212 0.0812448 -0.0195302 -0.665654 0.0617175 0.00213276 -0.663305 0.051562 -0.0195302 -0.665654 0.0617175 0.0260895 -0.662792 0.0534981 0.0459215 -0.664253 0.0670086 0.058032 -0.729808 0.0741612 0.0475467 -0.723215 0.0535567 0.0562981 -0.73733 0.0969285 0.0428085 -0.743767 0.115759 0.0562981 -0.73733 0.0969285 0.0211791 -0.747392 0.125605 -0.0027951 -0.747236 0.123831 -0.0226906 -0.743339 0.110911 -0.0027951 -0.747236 0.123831 -0.0331759 -0.736746 0.0903064 -0.0314419 -0.729224 0.0675392 -0.0179531 -0.722788 0.048709 0.00367707 -0.719162 0.0388616 -0.0179531 -0.722788 0.048709 0.0276512 -0.719318 0.040636 0.0475467 -0.723215 0.0535567 0.0584817 -0.788997 0.0484064 0.0479692 -0.778074 0.0297477 0.056775 -0.801045 0.0691399 0.0433077 -0.810991 0.086393 0.056775 -0.801045 0.0691399 0.021688 -0.81617 0.0955418 -0.00229172 -0.815193 0.0941362 -0.0222053 -0.808323 0.0825521 -0.00229172 -0.815193 0.0941362 -0.0327178 -0.797401 0.0638935 -0.0310118 -0.785352 0.0431599 -0.0175438 -0.775406 0.0259068 0.00407587 -0.770228 0.0167581 -0.0175438 -0.775406 0.0259068 0.0280556 -0.771205 0.0181637 0.0479692 -0.778074 0.0297477 0.0572595 -0.842379 0.00841182 0.0468537 -0.827015 -0.00687304 0.0554419 -0.859069 0.0256189 0.0418889 -0.872613 0.0401382 0.0554419 -0.859069 0.0256189 0.0202309 -0.879381 0.0480794 -0.00372866 -0.877561 0.0473146 -0.0235698 -0.86764 0.038048 -0.00372866 -0.877561 0.0473146 -0.0339756 -0.852276 0.0227638 -0.032158 -0.835586 0.00555606 -0.0186043 -0.822042 -0.00896327 0.00305377 -0.815274 -0.0169045 -0.0186043 -0.822042 -0.00896327 0.0270133 -0.817093 -0.0161396 0.0468537 -0.827015 -0.00687304 0.0539555 -0.887518 -0.0487257 0.0438097 -0.868572 -0.0594989 0.0518666 -0.907951 -0.0362317 0.0418889 -0.872613 0.0401382 0.0381024 -0.924395 -0.0253658 0.0163516 -0.932445 -0.0190379 0.0381024 -0.924395 -0.0253658 -0.00372866 -0.877561 0.0473146 -0.00755842 -0.929943 -0.0189452 0.0163516 -0.932445 -0.0190379 0.0202309 -0.879381 0.0480794 -0.0235698 -0.86764 0.038048 -0.0272204 -0.91756 -0.0251113 -0.0373661 -0.898614 -0.0358845 -0.0272204 -0.91756 -0.0251113 -0.0352773 -0.878182 -0.0483785 -0.021513 -0.861738 -0.0592451 0.00305377 -0.815274 -0.0169045 0.000237748 -0.853688 -0.0655723 -0.021513 -0.861738 -0.0592451 -0.0186043 -0.822042 -0.00896327 0.0270133 -0.817093 -0.0161396 0.0241478 -0.856189 -0.0656657 0.0468537 -0.827015 -0.00687304 0.0438097 -0.868572 -0.0594989 0.0481463 -0.921908 -0.126009 0.0383541 -0.900795 -0.132037 0.0456873 -0.944603 -0.118473 0.0316365 -0.962802 -0.111448 0.0097588 -0.971626 -0.106816 0.0316365 -0.962802 -0.111448 0.0381024 -0.924395 -0.0253658 -0.0140836 -0.968712 -0.105819 -0.0335022 -0.954841 -0.108724 -0.0432945 -0.933728 -0.114752 -0.0335022 -0.954841 -0.108724 -0.0408354 -0.911032 -0.122289 -0.0267846 -0.892834 -0.129314 -0.00490694 -0.884009 -0.133945 -0.0267846 -0.892834 -0.129314 0.0189354 -0.886924 -0.134942 0.0383541 -0.900795 -0.132037 0.0394026 -0.942922 -0.226424 0.0299715 -0.920887 -0.228283 0.0365671 -0.966581 -0.223244 0.0222242 -0.985527 -0.219594 0.000217529 -0.99468 -0.216451 0.0222242 -0.985527 -0.219594 -0.0235558 -0.99159 -0.21466 -0.0427269 -0.977084 -0.214698 -0.052158 -0.955049 -0.216556 -0.0427269 -0.977084 -0.214698 -0.0493225 -0.931389 -0.219737 -0.0349796 -0.912444 -0.223387 -0.0129736 -0.90329 -0.226529 -0.0349796 -0.912444 -0.223387 0.0108004 -0.906381 -0.228321 0.0299715 -0.920887 -0.228283 0.0273026 -0.947881 -0.352872 0.0181859 -0.925683 -0.351425 0.024138 -0.971711 -0.353143 0.00954128 -0.990788 -0.352167 -0.0125776 -1 -0.350204 0.00954128 -0.990788 -0.352167 -0.0362917 -0.996879 -0.347782 -0.055246 -0.982261 -0.345548 -0.0643627 -0.960063 -0.344102 -0.055246 -0.982261 -0.345548 -0.0611987 -0.936233 -0.34383 -0.0466013 -0.917157 -0.344806 -0.0244824 -0.907944 -0.346769 -0.0466013 -0.917157 -0.344806 -0.000769019 -0.911066 -0.349191 0.0181859 -0.925683 -0.351425 0.0114307 -0.934125 -0.50818 0.00257618 -0.912139 -0.504161 0.00799278 -0.957734 -0.511138 -0.00681589 -0.976639 -0.512243 -0.0290282 -0.985776 -0.511199 -0.00681589 -0.976639 -0.512243 -0.0526921 -0.982695 -0.508285 -0.0714665 -0.968223 -0.504282 -0.080321 -0.946236 -0.500263 -0.0714665 -0.968223 -0.504282 -0.0768831 -0.922627 -0.497304 -0.0620737 -0.903722 -0.496199 -0.0398614 -0.894585 -0.497244 -0.0620737 -0.903722 -0.496199 -0.0161982 -0.897666 -0.500158 0.00257618 -0.912139 -0.504161 </float_array>
          <technique_common>
            <accessor count="218" offset="0" source="#meshId3-positions-array" stride="3">
              <param name="X" type="float" />
              <param name="Y" type="float" />
              <param name="Z" type="float" />
            </accessor>
          </technique_common>
        </source>
        <source id="meshId3-normals" name="meshId3-normals">
          <float_array id="meshId3-normals-array" count="654"> 0.9829 0.0408 -0.1796 0.9833 0.042 -0.1768 0.7647 0 -0.6444 0.7633 -0.0041 -0.646 0.9391 0.0748 0.3352 0.9384 0.0726 0.3379 0.6432 0.0888 0.7605 0.6422 0.0838 0.762 0.9384 0.0726 0.3379 0.9391 0.0748 0.3352 0.1742 0.0789 0.9815 0.1743 0.0725 0.982 -0.3416 0.0478 0.9386 -0.34 0.0418 0.9395 -0.7654 0.0038 0.6435 -0.7636 0 0.6456 -0.34 0.0418 0.9395 -0.3416 0.0478 0.9386 -0.9836 -0.0411 0.1759 -0.983 -0.0418 0.1788 -0.938 -0.0749 -0.3384 -0.939 -0.0726 -0.3361 -0.6417 -0.0887 -0.7618 -0.6431 -0.0839 -0.7611 -0.1741 -0.0788 -0.9815 -0.1746 -0.0727 -0.9819 -0.6431 -0.0839 -0.7611 -0.6417 -0.0887 -0.7618 0.3399 -0.0478 -0.9392 0.3408 -0.042 -0.9392 0.7633 -0.0041 -0.646 0.7647 0 -0.6444 0.9837 0.0455 -0.1736 0.7655 0.0196 -0.6431 0.938 0.059 0.3414 0.6421 0.0566 0.7645 0.938 0.059 0.3414 0.1758 0.0391 0.9836 -0.337 0.0113 0.9414 -0.7608 -0.0195 0.6487 -0.337 0.0113 0.9414 -0.9822 -0.0453 0.1823 -0.9408 -0.0591 -0.3338 -0.646 -0.0572 -0.7611 -0.1766 -0.0399 -0.9835 -0.646 -0.0572 -0.7611 0.3406 -0.0117 -0.9401 0.7655 0.0196 -0.6431 0.984 0.0516 -0.1704 0.7651 0.0616 -0.6409 0.9386 0.0276 0.344 0.6437 -0.004 0.7653 0.9386 0.0276 0.344 0.1792 -0.0344 0.9832 -0.3325 -0.0556 0.9414 -0.757 -0.0621 0.6504 -0.3325 -0.0556 0.9414 -0.9812 -0.0522 0.1855 -0.9432 -0.0286 -0.3309 -0.6503 0.0025 -0.7596 -0.1804 0.033 -0.983 -0.6503 0.0025 -0.7596 0.3386 0.0547 -0.9393 0.7651 0.0616 -0.6409 0.9843 0.0599 -0.1661 0.7645 0.1259 -0.6322 0.9394 -0.0223 0.342 0.6459 -0.0985 0.757 0.9394 -0.0223 0.342 0.1834 -0.1486 0.9717 -0.3269 -0.1596 0.9315 -0.7524 -0.1285 0.646 -0.3269 -0.1596 0.9315 -0.9801 -0.0634 0.1878 -0.9462 0.0185 -0.3231 -0.6556 0.0954 -0.749 -0.1852 0.1463 -0.9717 -0.6556 0.0954 -0.749 0.336 0.1575 -0.9286 0.7645 0.1259 -0.6322 0.9847 0.0699 -0.1595 0.7644 0.2132 -0.6084 0.94 -0.0918 0.3286 0.6476 -0.2286 0.7268 0.94 -0.0918 0.3286 0.1872 -0.3052 0.9337 -0.3216 -0.3022 0.8973 -0.7479 -0.22 0.6263 -0.3216 -0.3022 0.8973 -0.9789 -0.0794 0.188 -0.9491 0.0827 -0.304 -0.6608 0.2228 -0.7167 -0.1896 0.3022 -0.9342 -0.6608 0.2228 -0.7167 0.334 0.2986 -0.894 0.7644 0.2132 -0.6084 0.9853 0.0808 -0.1504 0.766 0.3189 -0.5581 0.9394 -0.1773 0.2935 0.6471 -0.3873 0.6567 0.9394 -0.1773 0.2935 0.1881 -0.4957 0.8478 -0.3192 -0.4758 0.8196 -0.7453 -0.332 0.5782 -0.3192 -0.4758 0.8196 -0.978 -0.1 0.1828 -0.9507 0.1603 -0.2653 -0.6637 0.3785 -0.6452 -0.1912 0.4931 -0.8487 -0.6637 0.3785 -0.6452 0.3348 0.471 -0.8161 0.766 0.3189 -0.5581 0.986 0.0917 -0.1395 0.7699 0.4273 -0.474 0.9367 -0.2651 0.2288 0.6424 -0.5496 0.534 0.9367 -0.2651 0.2288 0.1833 -0.6905 0.6997 -0.3227 -0.6533 0.6848 -0.7469 -0.4467 0.4924 -0.3227 -0.6533 0.6848 -0.9781 -0.1212 0.1693 -0.9495 0.2398 -0.2024 -0.6609 0.5386 -0.5225 -0.1867 0.6897 -0.6996 -0.6609 0.5386 -0.5225 0.3401 0.6482 -0.6812 0.7699 0.4273 -0.474 0.9865 0.102 -0.1278 0.7758 0.5157 -0.3636 0.9318 -0.3348 0.1401 0.6424 -0.5496 0.534 0.6332 -0.6802 0.3693 0.1719 -0.8477 0.5018 0.6332 -0.6802 0.3693 -0.3227 -0.6533 0.6848 -0.3334 -0.7964 0.5045 0.1719 -0.8477 0.5018 0.1833 -0.6905 0.6997 -0.7469 -0.4467 0.4924 -0.754 -0.5383 0.3764 -0.9794 -0.1368 0.1485 -0.754 -0.5383 0.3764 -0.9445 0.3054 -0.121 -0.6511 0.6683 -0.3597 -0.1867 0.6897 -0.6996 -0.1751 0.8481 -0.5 -0.6511 0.6683 -0.3597 -0.6609 0.5386 -0.5225 0.3401 0.6482 -0.6812 0.35 0.7914 -0.5012 0.7699 0.4273 -0.474 0.7758 0.5157 -0.3636 0.987 0.1108 -0.116 0.7827 0.5709 -0.2478 0.9258 -0.3751 0.0462 0.6214 -0.7587 0.1954 0.1566 -0.9431 0.2931 0.6214 -0.7587 0.1954 0.6332 -0.6802 0.3693 -0.3486 -0.8829 0.3146 -0.7645 -0.5923 0.2541 -0.9815 -0.1436 0.1263 -0.7645 -0.5923 0.2541 -0.937 0.3474 -0.0359 -0.6367 0.7476 -0.1891 -0.1592 0.9434 -0.2908 -0.6367 0.7476 -0.1891 0.3627 0.878 -0.3123 0.7827 0.5709 -0.2478 0.9876 0.1171 -0.1047 0.7896 0.5961 -0.1455 0.92 -0.3901 -0.0357 0.6098 -0.7914 0.0424 0.141 -0.9839 0.1092 0.6098 -0.7914 0.0424 -0.3644 -0.9195 0.1474 -0.7756 -0.6138 0.147 -0.9837 -0.144 0.1078 -0.7756 -0.6138 0.147 -0.9292 0.3674 0.0397 -0.6219 0.7821 -0.0392 -0.143 0.9838 -0.1076 -0.6219 0.7821 -0.0392 0.3754 0.9152 -0.1467 0.7896 0.5961 -0.1455 0.9881 0.1208 -0.0948 0.7957 0.6023 -0.0638 0.9151 -0.3907 -0.1 0.5997 -0.7963 -0.0786 0.1274 -0.9912 -0.0366 0.5997 -0.7963 -0.0786 -0.3783 -0.9256 0.015 -0.7853 -0.6159 0.0627 -0.9854 -0.1415 0.094 -0.7853 -0.6159 0.0627 -0.9223 0.3732 0.1005 -0.6091 0.7891 0.0798 -0.1289 0.9909 0.0374 -0.6091 0.7891 0.0798 0.3865 0.9221 -0.0153 0.7957 0.6023 -0.0638 0.9883 0.1227 -0.0901 0.7979 0.6021 -0.0281 0.9128 -0.388 -0.1276 0.5948 -0.7931 -0.1309 0.121 -0.9876 -0.0996 0.5948 -0.7931 -0.1309 -0.3843 -0.9222 -0.0422 -0.7895 -0.6131 0.0265 -0.9863 -0.1393 0.0885 -0.7895 -0.6131 0.0265 -0.9187 0.3739 0.127 -0.6024 0.7873 0.1314 -0.1223 0.9874 0.1001 -0.6024 0.7873 0.1314 0.3909 0.9195 0.0416 0.7979 0.6021 -0.0281 </float_array>
          <technique_common>
            <accessor count="218" offset="0" source="#meshId3-normals-array" stride="3">
              <param name="X" type="float" />
              <param name="Y" type="float" />
              <param name="Z" type="float" />
            </accessor>
          </technique_common>
        </source>
        <source id="meshId3-tangents" name="meshId3-tangents">
          <float_array id="meshId3-tangents-array" count="654"> -0.14601 0.766984 -0.624833 -0.145137 0.767024 -0.624988 -0.418711 0.76013 -0.496874 -0.416613 0.761132 -0.497102 0.151797 0.785065 -0.600526 0.155098 0.785257 -0.59943 0.751367 0.11798 -0.649252 0.752887 0.117961 -0.647492 0.330176 0.100433 -0.938561 0.327463 0.0997823 -0.939581 0.978396 0.0988164 -0.181593 0.97851 0.0988232 -0.180976 0.937063 0.0941416 0.33623 0.9376 0.0924454 0.335201 -0.450712 0.710597 -0.540287 -0.455234 0.709117 -0.538437 -0.696087 0.660556 -0.281298 -0.691731 0.663305 -0.285544 -0.143589 0.768672 -0.623318 -0.145978 0.768583 -0.622873 0.175892 0.738428 -0.650988 0.175892 0.738485 -0.650924 0.489985 0.716734 -0.496193 0.493348 0.714778 -0.495681 -0.983902 -0.0268349 0.176681 -0.983856 -0.0268502 0.176936 -0.763001 -0.0142674 0.64624 -0.764007 -0.0130659 0.645076 -0.940383 -0.00484471 -0.340082 -0.940085 -0.00479933 -0.340906 -0.645994 0.0063061 -0.763316 -0.644374 0.00726354 -0.764676 -0.145753 0.766996 -0.624878 -0.432309 0.755961 -0.491561 0.167925 0.784466 -0.597004 0.756072 0.118027 -0.643759 0.33438 0.104311 -0.936648 0.978909 0.0986765 -0.178884 0.938485 0.0840851 0.334927 -0.471196 0.703934 -0.531462 -0.715997 0.646227 -0.264082 -0.15088 0.768355 -0.621985 0.184477 0.736849 -0.650401 0.514005 0.704574 -0.48926 -0.98371 -0.026941 0.177731 -0.761461 -0.0213261 0.64786 -0.940204 -0.00478962 -0.340578 -0.643387 0.0126103 -0.765437 -0.148343 0.76689 -0.624399 -0.461542 0.746522 -0.479253 0.19444 0.781243 -0.593172 0.76025 0.117935 -0.638836 0.338994 0.112599 -0.934026 0.97962 0.0984075 -0.175104 0.939625 0.0661739 0.335748 -0.501384 0.693522 -0.517341 -0.754935 0.613993 -0.230404 -0.158194 0.767951 -0.620665 0.20545 0.732583 -0.648932 0.557378 0.680983 -0.474965 -0.983376 -0.0269787 0.179563 -0.759191 -0.0375019 0.649787 -0.940641 -0.00488979 -0.339368 -0.643109 0.0240044 -0.765398 -0.151916 0.766724 -0.623744 -0.502878 0.730065 -0.46273 0.232781 0.773898 -0.588978 0.76294 0.117889 -0.635629 0.342039 0.125392 -0.931282 0.980538 0.0980931 -0.170067 0.940799 0.0385087 0.336769 -0.54213 0.677864 -0.496583 -0.805573 0.562434 -0.186335 -0.168203 0.767351 -0.618773 0.234845 0.726165 -0.646167 0.615204 0.642639 -0.456661 -0.982699 -0.0271134 0.183214 -0.754951 -0.0631466 0.652734 -0.940069 -0.0047288 -0.340952 -0.640823 0.0421289 -0.766532 -0.155347 0.766533 -0.623133 -0.551677 0.704645 -0.446237 0.27941 0.759836 -0.587009 0.75956 0.118239 -0.6396 0.338984 0.14219 -0.929985 0.98147 0.0976715 -0.164852 0.941284 0.000831074 0.337615 -0.587825 0.657823 -0.470882 -0.859125 0.491556 -0.142396 -0.180545 0.766482 -0.616367 0.268215 0.718279 -0.641979 0.676853 0.589544 -0.440805 -0.981347 -0.0275212 0.190266 -0.746715 -0.0986657 0.657785 -0.936333 -0.00382723 -0.351094 -0.632728 0.0669124 -0.771478 -0.157893 0.766409 -0.622645 -0.598316 0.671112 -0.437752 0.324241 0.737792 -0.592056 0.741695 0.120402 -0.659843 0.321708 0.159645 -0.933283 0.982143 0.0974201 -0.160946 0.939445 -0.0450525 0.339726 -0.629307 0.63675 -0.445558 -0.905423 0.408505 -0.11547 -0.192999 0.765507 -0.613799 0.297726 0.71053 -0.637579 0.727381 0.527765 -0.438613 -0.978608 -0.0288609 0.203698 -0.730361 -0.14168 0.668206 -0.925117 -0.000272963 -0.379681 -0.611906 0.0957255 -0.785117 -0.159326 0.766316 -0.622395 -0.628362 0.637295 -0.446113 0.35013 0.698032 -0.624629 0.71456 0.177793 -0.676605 0.282485 0.185944 -0.941078 0.975167 0.0377327 -0.218232 0.934816 -0.106628 0.338746 -0.654792 0.622726 -0.428322 -0.934709 0.333791 -0.122076 -0.200731 0.764841 -0.612148 0.313656 0.705995 -0.634973 0.750421 0.474376 -0.460256 -0.974489 -0.0397278 0.220893 -0.704366 -0.20495 0.679605 -0.905136 0.0291895 -0.424119 -0.574347 0.140186 -0.80652 -0.159844 0.766376 -0.622188 -0.630665 0.615207 -0.473056 0.344375 0.693758 -0.632539 0.766319 0.458868 -0.449661 0.752536 0.429498 -0.499221 0.906984 -0.0626056 -0.416486 0.705848 0.311724 -0.636087 -0.894298 0.44744 0.00544358 -0.913355 0.405519 0.0365578 -0.984154 -0.125296 0.125464 -0.971311 -0.0175047 0.237168 -0.568106 0.813629 -0.123542 -0.604692 0.792662 -0.0776792 -0.199692 0.764976 -0.612319 -0.656468 0.59807 -0.459741 0.310081 0.707261 -0.63532 0.738135 0.447347 -0.505013 -0.981469 -0.162221 0.101995 -0.98454 -0.148564 0.0927908 -0.75475 -0.620141 0.213959 -0.729106 -0.625806 0.277076 -0.886052 0.463583 -0.00124093 -0.906775 0.420493 0.0307398 -0.547413 0.823964 -0.146363 -0.582451 0.806897 -0.098331 -0.159173 0.766519 -0.622184 -0.606534 0.610506 -0.509313 0.316712 0.7033 -0.636445 0.706305 0.434587 -0.558809 -0.98699 -0.138518 0.0816306 -0.78346 -0.603876 0.146712 -0.768829 -0.607762 0.198814 -0.924231 0.379603 0.0412094 -0.621629 0.781864 -0.0476149 -0.191057 0.765799 -0.614043 -0.627607 0.594484 -0.502691 0.289142 0.713969 -0.637687 0.6957 0.451076 -0.559045 -0.986173 -0.138252 0.0913759 -0.771077 -0.614765 0.165843 -0.919044 0.392497 0.0361041 -0.601202 0.79655 -0.0637473 -0.156906 0.766706 -0.622529 -0.567306 0.618855 -0.543308 0.278601 0.715657 -0.640482 0.642996 0.462765 -0.61025 -0.987853 -0.132569 0.081071 -0.790322 -0.603205 0.107398 -0.926513 0.373911 0.0419935 -0.622831 0.782091 -0.0203957 -0.179775 0.766799 -0.616198 -0.582636 0.606755 -0.540725 0.258621 0.723274 -0.640305 0.636443 0.475652 -0.607203 -0.98687 -0.133504 0.0909038 -0.779724 -0.613809 0.123564 -0.922421 0.384365 0.0374533 -0.60612 0.794664 -0.0335801 -0.153542 0.766961 -0.623053 -0.524631 0.632771 -0.56953 0.240049 0.726922 -0.643398 0.576859 0.498346 -0.647213 -0.988204 -0.130004 0.0809498 -0.792922 -0.604601 0.0757171 -0.924636 0.378579 0.0415533 -0.617104 0.786881 0.000616663 -0.169197 0.767616 -0.618173 -0.535248 0.624586 -0.568685 0.226314 0.732267 -0.642313 0.573431 0.507641 -0.643022 -0.98711 -0.131832 0.0907423 -0.783858 -0.614258 0.0908507 -0.921403 0.386825 0.0371879 -0.604064 0.796861 -0.0109227 -0.152056 0.767039 -0.623321 -0.503471 0.640127 -0.580305 0.221062 0.732001 -0.644443 0.543796 0.51696 -0.661089 -0.988304 -0.129249 0.0809347 -0.793548 -0.605343 0.0619849 -0.922943 0.382723 0.0412252 -0.613137 0.789919 0.00951295 -0.164017 0.767948 -0.619156 -0.511824 0.634062 -0.579657 0.210782 0.736303 -0.642985 0.541901 0.524268 -0.656877 -0.987161 -0.131467 0.0907123 -0.785599 -0.613935 0.0769306 -0.920263 0.389553 0.0369393 -0.602395 0.798196 -0.00161968 </float_array>
          <technique_common>
            <accessor count="218" offset="0" source="#meshId3-tangents-array" stride="3">
              <param name="X" type="float" />
              <param name="Y" type="float" />
              <param name="Z" type="float" />
            </accessor>
          </technique_common>
        </source>
        <source id="meshId3-bitangents" name="meshId3-bitangents">
          <float_array id="meshId3-bitangents-array" count="654"> 0.112257 0.640372 0.759826 0.10936 0.640211 0.76031 0.489827 0.649777 0.581271 0.49373 0.64857 0.579264 -0.308073 0.614836 0.7259 -0.308857 0.614913 0.725625 -0.147377 0.989014 0.00916336 -0.144146 0.989519 0.0126624 -0.102076 0.992312 0.0702752 -0.103728 0.992126 0.0692113 -0.111316 0.991929 -0.0599817 -0.110165 0.992441 -0.0537171 -0.0722894 0.994383 -0.0769503 -0.072841 0.994844 -0.0706231 -0.459323 -0.703569 -0.542179 -0.457806 -0.70505 -0.541482 -0.63235 -0.749615 -0.195493 -0.636227 -0.7468 -0.19352 -0.109591 -0.638353 -0.761967 -0.111387 -0.638385 -0.761619 0.298643 -0.670149 -0.679471 0.295462 -0.670335 -0.680667 0.59002 -0.691677 -0.416467 0.585606 -0.69426 -0.418282 -0.0402608 0.99646 -0.0728596 -0.0392274 0.996941 -0.0668383 -0.0650784 0.996317 -0.0548404 -0.0671718 0.995966 -0.059383 0.0117057 0.998802 -0.046597 0.00981055 0.999109 -0.0411192 0.00720334 0.999952 0.00216487 0.00468062 0.999982 0.00555443 0.104719 0.639995 0.761126 0.476524 0.654308 0.587161 -0.30304 0.617319 0.725922 -0.126668 0.991374 0.0329914 -0.0908741 0.992733 0.0781157 -0.104053 0.994303 -0.020928 -0.075373 0.99636 -0.0389416 -0.446279 -0.710001 -0.544741 -0.611342 -0.763035 -0.209688 -0.111895 -0.638419 -0.761513 0.284399 -0.673476 -0.682325 0.564237 -0.707271 -0.425754 -0.0335879 0.998866 -0.0344923 -0.0532889 0.998065 -0.0297789 -0.000517962 0.999887 -0.0126317 -0.0068929 0.999704 0.0222635 0.0984591 0.639686 0.762274 0.448924 0.662479 0.599595 -0.285119 0.623639 0.727908 -0.0877001 0.993038 0.0789556 -0.0645132 0.993291 0.0963292 -0.0907306 0.994541 0.0513335 -0.0809637 0.996199 0.0302403 -0.41894 -0.717727 -0.556132 -0.565203 -0.787305 -0.246127 -0.110056 -0.638342 -0.761772 0.260971 -0.680056 -0.685096 0.516087 -0.732255 -0.444236 -0.0205944 0.999052 0.0373184 -0.026862 0.999238 0.0262855 -0.0231564 0.998454 0.0497974 -0.0317641 0.997775 0.0579813 0.0899905 0.639184 0.763786 0.403289 0.671677 0.621447 -0.251539 0.632897 0.73219 -0.0266324 0.988099 0.151294 -0.0221164 0.991824 0.125421 -0.0700451 0.983979 0.163698 -0.0896193 0.986445 0.137563 -0.374089 -0.723845 -0.579689 -0.494168 -0.811304 -0.312429 -0.104878 -0.638048 -0.762745 0.22267 -0.687282 -0.691442 0.437771 -0.760175 -0.480004 0.000458185 0.98882 0.14879 0.014974 0.993391 0.113421 -0.0580911 0.987508 0.146472 -0.0698725 0.991142 0.112887 0.078705 0.638377 0.765664 0.333569 0.676744 0.656249 -0.195795 0.643602 0.739896 0.0602767 0.966253 0.250207 0.0386492 0.985576 0.164777 -0.0408832 0.947259 0.317829 -0.102773 0.953191 0.284189 -0.3084 -0.720328 -0.621307 -0.398041 -0.816688 -0.417712 -0.0951592 -0.637304 -0.764645 0.165265 -0.690839 -0.7039 0.324315 -0.776384 -0.540373 0.0317881 0.952848 0.301781 0.0758408 0.969835 0.231566 -0.108258 0.954347 0.278311 -0.12377 0.974669 0.186045 0.0649582 0.637239 0.767901 0.234948 0.669238 0.704875 -0.111571 0.651342 0.75057 0.176489 0.914055 0.36517 0.118615 0.971147 0.20701 -0.00281184 0.862935 0.505173 -0.124717 0.878409 0.461369 -0.220244 -0.69594 -0.6835 -0.27987 -0.778942 -0.561195 -0.0785548 -0.635576 -0.767966 0.0862998 -0.685133 -0.723226 0.174499 -0.760414 -0.625591 0.0759493 0.869492 0.48807 0.161504 0.914717 0.370474 -0.179052 0.882105 0.435639 -0.196949 0.942904 0.268462 0.0498274 0.635907 0.770198 0.111454 0.641306 0.759152 0.00587945 0.665199 0.746666 0.276921 0.816226 0.506936 0.206936 0.94614 0.249061 0.124287 0.722326 0.680269 -0.148284 0.749476 0.645124 -0.115299 -0.642333 -0.75761 -0.148828 -0.679483 -0.71836 -0.0552953 -0.632725 -0.77242 -0.00937311 -0.666391 -0.745557 -3.24398e-05 -0.696278 -0.717692 0.124556 0.722993 0.679522 0.258949 0.817183 0.514823 -0.25503 0.760822 0.596637 -0.278178 0.89318 0.353347 0.0344796 0.634217 0.772334 -0.0202657 0.596307 0.802512 0.114579 0.637647 0.761741 0.00209856 0.698077 0.715946 0.180956 0.594018 0.783833 0.38447 0.526719 0.758089 0.317547 0.66344 0.677501 -0.309963 -0.610658 -0.728633 -0.233699 -0.448599 -0.862596 -0.0434825 -0.515416 -0.855806 -0.151517 -0.723099 -0.673899 -0.345445 -0.372009 -0.861473 -0.256543 -0.286176 -0.923173 -0.0298338 -0.629359 -0.776536 0.022365 -0.593739 -0.804322 -0.108448 -0.63758 -0.762707 -0.176589 -0.594321 -0.784563 -0.043144 0.705678 0.707206 0.00441376 0.508518 0.861002 -0.0800757 0.410792 0.908173 -0.17775 0.564077 0.806292 0.314989 0.604001 0.732004 0.235078 0.443717 0.864794 0.328018 0.372159 0.868279 0.242678 0.288064 0.92636 0.0199782 0.63256 0.77419 -0.139483 0.548938 0.824113 0.206238 0.603853 0.769914 0.33905 0.485256 0.805926 -0.0363861 -0.30207 -0.952522 0.0066866 -0.244255 -0.96966 0.0892129 -0.409818 -0.907792 -0.155807 -0.276397 -0.948333 -0.170469 -0.194357 -0.965925 -0.00854385 -0.626814 -0.779068 0.146685 -0.543782 -0.826215 -0.195901 -0.607893 -0.769437 -0.332644 -0.487501 -0.807306 0.0460005 0.301326 0.952365 0.00773241 0.251403 0.967878 0.154276 0.273923 0.94928 0.160992 0.198873 0.966686 0.00737594 0.631238 0.775572 -0.233822 0.511539 0.826819 0.275401 0.579297 0.767087 0.463331 0.399394 0.791061 -0.0652893 -0.119305 -0.990641 -0.0594192 -0.0990012 -0.993296 -0.0937275 -0.121266 -0.988182 -0.102448 -0.107375 -0.988883 0.0060716 -0.625534 -0.780188 0.242704 -0.505033 -0.828222 -0.263962 -0.584704 -0.767084 -0.456248 -0.402568 -0.79357 0.0750661 0.119187 0.989974 0.0725781 0.10741 0.991551 0.0906636 0.121259 0.98849 0.0956065 0.114705 0.988775 -0.00255695 0.630195 0.776382 -0.302657 0.486646 0.819481 0.324068 0.564768 0.758994 0.554546 0.342792 0.758211 -0.0849956 0.0258552 -0.99607 -0.107815 0.0169161 -0.993983 -0.0441404 0.00185007 -0.999059 -0.0497173 -0.0382082 -0.998012 0.0153155 -0.625052 -0.78035 0.311091 -0.480148 -0.820146 -0.313304 -0.569661 -0.759831 -0.547918 -0.345905 -0.761699 0.0948471 -0.0252212 0.99512 0.120708 -0.00721469 0.992687 0.0402094 -0.000275653 0.999134 0.044261 0.0472304 0.99789 -0.00737125 0.629729 0.776722 -0.331414 0.477173 0.813897 0.343447 0.56004 0.753942 0.59198 0.322033 0.738772 -0.0928043 0.088642 -0.991688 -0.1284 0.0670068 -0.989421 -0.0218669 0.054791 -0.998218 -0.0267652 -0.00873767 -0.999555 0.0182851 -0.625189 -0.780275 0.338585 -0.471203 -0.814391 -0.333922 -0.563941 -0.755253 -0.586048 -0.324497 -0.742457 0.102729 -0.0877208 0.990802 0.141239 -0.0568847 0.988336 0.0177602 -0.0527225 0.998458 0.0214541 0.0182196 0.999583 </float_array>
          <technique_common>
            <accessor count="218" offset="0" source="#meshId3-bitangents-array" stride="3">
              <param name="X" type="float" />
              <param name="Y" type="float" />
              <param name="Z" type="float" />
            </accessor>
          </technique_common>
        </source>
        <source id="meshId3-tex0" name="meshId3-tex0">
          <float_array id="meshId3-tex0-array" count="436"> 0.876118 0.265553 0.862612 0.256029 0.866938 0.249833 0.880479 0.259382 0.871463 0.271736 0.857989 0.262235 0.99315 0.956 0.991614 0.939793 0.998461 0.938707 1 0.954939 0.985219 0.956709 0.983683 0.940508 0.978332 0.956876 0.976794 0.940659 0.829693 0.405719 0.816203 0.415197 0.813482 0.410672 0.826944 0.401213 0.83398 0.411898 0.820456 0.421401 0.838657 0.418095 0.825101 0.427622 0.842471 0.42265 0.828894 0.432192 0.017348 0.962038 0.016623 0.945586 0.023522 0.945695 0.024247 0.962141 0.009392 0.96236 0.008667 0.945925 0.002508 0.963021 0.001785 0.946619 0.847346 0.244975 0.85187 0.238926 0.842513 0.251026 0.989911 0.920738 0.996776 0.919854 0.981972 0.921359 0.975086 0.92155 0.800653 0.426423 0.797798 0.421997 0.805105 0.432481 0.80996 0.438547 0.813918 0.442995 0.015844 0.927353 0.022738 0.927368 0.007886 0.92765 0.000997 0.92818 0.831593 0.232216 0.83654 0.226516 0.826317 0.237901 0.988432 0.899593 0.995326 0.899154 0.98048 0.900014 0.973601 0.900305 0.784323 0.439618 0.781179 0.435429 0.789197 0.445328 0.794495 0.451028 0.798798 0.455192 0.015201 0.908184 0.02209 0.907999 0.00724 0.908381 0.00034 0.908537 0.816618 0.217582 0.822171 0.212487 0.810709 0.222634 0.98759 0.877126 0.994509 0.877381 0.979628 0.877239 0.972754 0.87769 0.768529 0.45503 0.76497 0.451255 0.774008 0.460136 0.77994 0.465205 0.784735 0.468878 0.014872 0.888908 0.021756 0.888415 0.006909 0.888946 0 0.888518 0.803684 0.200907 0.809961 0.19677 0.797017 0.204956 0.987827 0.854083 0.994731 0.855299 0.97987 0.85377 0.972994 0.854445 0.754615 0.472958 0.750559 0.469839 0.760819 0.477107 0.767509 0.481175 0.772893 0.484073 0.015017 0.870381 0.021905 0.869464 0.007056 0.870197 0.000155 0.86896 0.794037 0.182023 0.801006 0.179284 0.786646 0.184613 0.989615 0.831329 0.996421 0.833734 0.981702 0.830491 0.974802 0.831443 0.744028 0.493685 0.739496 0.491525 0.750925 0.496439 0.75834 0.499049 0.764286 0.500815 0.015771 0.853309 0.022684 0.851873 0.007823 0.85285 0.000969 0.850619 0.788909 0.160742 0.796295 0.159785 0.781082 0.161468 0.99342 0.810003 1 0.813654 0.985606 0.808613 0.978654 0.809857 0.738322 0.517336 0.733502 0.5164 0.745638 0.518309 0.75349 0.519057 0.759774 0.51938 0.017279 0.838068 0.024247 0.836093 0.00936 0.837324 0.002611 0.83406 0.78954 0.136834 0.796881 0.137768 0.781761 0.135584 0.774912 0.161769 0.775628 0.134354 0.991936 0.789587 0.999597 0.791436 0.966018 0.790368 0.963627 0.813309 0.955681 0.812825 0.958102 0.789587 0.972754 0.793651 0.970476 0.815518 0.746257 0.542853 0.738984 0.543772 0.754064 0.541625 0.760314 0.540416 0.13127 0.995948 0.12947 0.978822 0.136392 0.980078 0.138252 0.997772 0.123357 0.996764 0.121525 0.979336 0.116633 1 0.114685 0.981481 0.797212 0.110062 0.804096 0.112651 0.78991 0.107083 0.784147 0.104512 0.954314 0.842576 0.947426 0.843372 0.948766 0.814196 0.962275 0.842754 0.969177 0.843857 0.754045 0.5702 0.747227 0.572776 0.761377 0.567241 0.767258 0.564691 0.128347 0.955452 0.135239 0.956127 0.120386 0.955656 0.11349 0.956685 0.813233 0.080216 0.819464 0.084055 0.806613 0.075931 0.801378 0.072349 0.95415 0.879188 0.947266 0.879486 0.962113 0.879099 0.969021 0.879245 0.770236 0.600506 0.764068 0.604333 0.776888 0.596239 0.782243 0.592677 0.128122 0.924441 0.135009 0.924617 0.120159 0.924379 0.113254 0.924447 0.838905 0.047119 0.844474 0.05183 0.832977 0.041924 0.828278 0.037636 0.955312 0.92337 0.948418 0.923279 0.96327 0.923074 0.970159 0.922468 0.796069 0.63396 0.790562 0.638661 0.802031 0.628781 0.806851 0.624511 0.129044 0.884761 0.13594 0.884547 0.121085 0.88449 0.114196 0.883808 0.875512 0.01061 0.880479 0.01593 0.870213 0.00478 0.866001 0 0.957943 0.976115 0.951035 0.975723 0.965893 0.975658 0.972754 0.974472 0.832803 0.670766 0.827898 0.676077 0.838138 0.66495 0.842471 0.660187 0.131342 0.835662 0.138252 0.835149 0.123391 0.835231 0.116528 0.833971 </float_array>
          <technique_common>
            <accessor count="218" offset="0" source="#meshId3-tex0-array" stride="2">
              <param name="S" type="float" />
              <param name="T" type="float" />
            </accessor>
          </technique_common>
        </source>
        <vertices id="meshId3-vertices">
          <input semantic="POSITION" source="#meshId3-positions" />
        </vertices>
        <polylist count="288" material="defaultMaterial">
          <input offset="0" semantic="VERTEX" source="#meshId3-vertices" />
          <input offset="0" semantic="NORMAL" source="#meshId3-normals" />
          <input offset="0" semantic="TANGENT" source="#meshId3-tangents" />
          <input offset="0" semantic="BINORMAL" source="#meshId3-bitangents" />
          <input offset="0" semantic="TEXCOORD" source="#meshId3-tex0" set="0" />
          <vcount>3 3 3 3 3 3 3 3 3 3 3 3 3 3 3 3 3 3 3 3 3 3 3 3 3 3 3 3 3 3 3 3 3 3 3 3 3 3 3 3 3 3 3 3 3 3 3 3 3 3 3 3 3 3 3 3 3 3 3 3 3 3 3 3 3 3 3 3 3 3 3 3 3 3 3 3 3 3 3 3 3 3 3 3 3 3 3 3 3 3 3 3 3 3 3 3 3 3 3 3 3 3 3 3 3 3 3 3 3 3 3 3 3 3 3 3 3 3 3 3 3 3 3 3 3 3 3 3 3 3 3 3 3 3 3 3 3 3 3 3 3 3 3 3 3 3 3 3 3 3 3 3 3 3 3 3 3 3 3 3 3 3 3 3 3 3 3 3 3 3 3 3 3 3 3 3 3 3 3 3 3 3 3 3 3 3 3 3 3 3 3 3 3 3 3 3 3 3 3 3 3 3 3 3 3 3 3 3 3 3 3 3 3 3 3 3 3 3 3 3 3 3 3 3 3 3 3 3 3 3 3 3 3 3 3 3 3 3 3 3 3 3 3 3 3 3 3 3 3 3 3 3 3 3 3 3 3 3 3 3 3 3 3 3 3 3 3 3 3 3 3 3 3 3 3 3 3 3 3 3 3 3 3 3 3 3 3 3 </vcount>
          <p>3 0 1 1 2 3 0 4 5 5 1 0 9 6 7 7 8 9 6 10 11 11 7 6 10 12 13 13 11 10 17 14 15 15 16 17 14 18 19 19 15 14 18 20 21 21 19 18 20 22 23 23 21 20 27 24 25 25 26 27 24 28 29 29 25 24 28 30 31 31 29 28 2 1 32 32 33 2 1 5 34 34 32 1 8 7 35 35 36 8 7 11 37 37 35 7 11 13 38 38 37 11 16 15 39 39 40 16 15 19 41 41 39 15 19 21 42 42 41 19 21 23 43 43 42 21 26 25 44 44 45 26 25 29 46 46 44 25 29 31 47 47 46 29 33 32 48 48 49 33 32 34 50 50 48 32 36 35 51 51 52 36 35 37 53 53 51 35 37 38 54 54 53 37 40 39 55 55 56 40 39 41 57 57 55 39 41 42 58 58 57 41 42 43 59 59 58 42 45 44 60 60 61 45 44 46 62 62 60 44 46 47 63 63 62 46 49 48 64 64 65 49 48 50 66 66 64 48 52 51 67 67 68 52 51 53 69 69 67 51 53 54 70 70 69 53 56 55 71 71 72 56 55 57 73 73 71 55 57 58 74 74 73 57 58 59 75 75 74 58 61 60 76 76 77 61 60 62 78 78 76 60 62 63 79 79 78 62 65 64 80 80 81 65 64 66 82 82 80 64 68 67 83 83 84 68 67 69 85 85 83 67 69 70 86 86 85 69 72 71 87 87 88 72 71 73 89 89 87 71 73 74 90 90 89 73 74 75 91 91 90 74 77 76 92 92 93 77 76 78 94 94 92 76 78 79 95 95 94 78 81 80 96 96 97 81 80 82 98 98 96 80 84 83 99 99 100 84 83 85 101 101 99 83 85 86 102 102 101 85 88 87 103 103 104 88 87 89 105 105 103 87 89 90 106 106 105 89 90 91 107 107 106 90 93 92 108 108 109 93 92 94 110 110 108 92 94 95 111 111 110 94 97 96 112 112 113 97 96 98 114 114 112 96 100 99 115 115 116 100 99 101 117 117 115 99 101 102 118 118 117 101 104 103 119 119 120 104 103 105 121 121 119 103 105 106 122 122 121 105 106 107 123 123 122 106 109 108 124 124 125 109 108 110 126 126 124 108 110 111 127 127 126 110 113 112 128 128 129 113 112 114 130 130 128 112 114 131 132 132 130 114 115 117 133 133 134 115 138 135 136 136 137 138 135 139 140 140 136 135 119 121 141 141 142 119 121 122 143 143 141 121 122 123 144 144 143 122 148 145 146 146 147 148 145 149 150 150 146 145 149 151 152 152 150 149 129 128 153 153 154 129 128 130 155 155 153 128 130 132 156 156 155 130 159 137 157 157 158 159 137 136 160 160 157 137 136 140 161 161 160 136 142 141 162 162 163 142 141 143 164 164 162 141 143 144 165 165 164 143 147 146 166 166 167 147 146 150 168 168 166 146 150 152 169 169 168 150 154 153 170 170 171 154 153 155 172 172 170 153 155 156 173 173 172 155 158 157 174 174 175 158 157 160 176 176 174 157 160 161 177 177 176 160 163 162 178 178 179 163 162 164 180 180 178 162 164 165 181 181 180 164 167 166 182 182 183 167 166 168 184 184 182 166 168 169 185 185 184 168 171 170 186 186 187 171 170 172 188 188 186 170 172 173 189 189 188 172 175 174 190 190 191 175 174 176 192 192 190 174 176 177 193 193 192 176 179 178 194 194 195 179 178 180 196 196 194 178 180 181 197 197 196 180 183 182 198 198 199 183 182 184 200 200 198 182 184 185 201 201 200 184 187 186 202 202 203 187 186 188 204 204 202 186 188 189 205 205 204 188 191 190 206 206 207 191 190 192 208 208 206 190 192 193 209 209 208 192 195 194 210 210 211 195 194 196 212 212 210 194 196 197 213 213 212 196 199 198 214 214 215 199 198 200 216 216 214 198 200 201 217 217 216 200 </p>
        </polylist>
      </mesh>
    </geometry>
    <geometry id="meshId4" name="meshId4_name" >
      <mesh>
        <source id="meshId4-positions" name="meshId4-positions">
          <float_array id="meshId4-positions-array" count="18"> -0.356955 -0.184771 -0.314873 0.356955 -0.184771 -0.314873 0.356955 0.594935 -0.314872 0.219341 0.912045 -0.314872 -0.219341 0.912045 -0.314872 -0.356955 0.594935 -0.314872 </float_array>
          <technique_common>
            <accessor count="6" offset="0" source="#meshId4-positions-array" stride="3">
              <param name="X" type="float" />
              <param name="Y" type="float" />
              <param name="Z" type="float" />
            </accessor>
          </technique_common>
        </source>
        <source id="meshId4-normals" name="meshId4-normals">
          <float_array id="meshId4-normals-array" count="18"> 0 -0 1 0 -0 1 0 -0 1 0 -0 1 0 -0 1 0 -0 1 </float_array>
          <technique_common>
            <accessor count="6" offset="0" source="#meshId4-normals-array" stride="3">
              <param name="X" type="float" />
              <param name="Y" type="float" />
              <param name="Z" type="float" />
            </accessor>
          </technique_common>
        </source>
        <source id="meshId4-tangents" name="meshId4-tangents">
          <float_array id="meshId4-tangents-array" count="18"> -1 0 0 -1 0 0 -1 0 0 -1 0 0 -1 0 0 -1 0 0 </float_array>
          <technique_common>
            <accessor count="6" offset="0" source="#meshId4-tangents-array" stride="3">
              <param name="X" type="float" />
              <param name="Y" type="float" />
              <param name="Z" type="float" />
            </accessor>
          </technique_common>
        </source>
        <source id="meshId4-bitangents" name="meshId4-bitangents">
          <float_array id="meshId4-bitangents-array" count="18"> -0 -1 0 -0 -1 0 -0 -1 0 -0 -1 0 -0 -1 0 -0 -1 0 </float_array>
          <technique_common>
            <accessor count="6" offset="0" source="#meshId4-bitangents-array" stride="3">
              <param name="X" type="float" />
              <param name="Y" type="float" />
              <param name="Z" type="float" />
            </accessor>
          </technique_common>
        </source>
        <source id="meshId4-tex0" name="meshId4-tex0">
          <float_array id="meshId4-tex0-array" count="12"> 0.53053 0.377221 0.294047 0.377221 0.294047 0.121101 0.339632 0.016936 0.484946 0.016936 0.53053 0.121101 </float_array>
          <technique_common>
            <accessor count="6" offset="0" source="#meshId4-tex0-array" stride="2">
              <param name="S" type="float" />
              <param name="T" type="float" />
            </accessor>
          </technique_common>
        </source>
        <vertices id="meshId4-vertices">
          <input semantic="POSITION" source="#meshId4-positions" />
        </vertices>
        <polylist count="4" material="defaultMaterial">
          <input offset="0" semantic="VERTEX" source="#meshId4-vertices" />
          <input offset="0" semantic="NORMAL" source="#meshId4-normals" />
          <input offset="0" semantic="TANGENT" source="#meshId4-tangents" />
          <input offset="0" semantic="BINORMAL" source="#meshId4-bitangents" />
          <input offset="0" semantic="TEXCOORD" source="#meshId4-tex0" set="0" />
          <vcount>3 3 3 3 </vcount>
          <p>5 0 1 5 1 2 5 2 3 3 4 5 </p>
        </polylist>
      </mesh>
    </geometry>
    <geometry id="meshId5" name="meshId5_name" >
      <mesh>
        <source id="meshId5-positions" name="meshId5-positions">
          <float_array id="meshId5-positions-array" count="384"> 0.219341 0.912045 -0.314872 0.244258 0.965585 -0.26896 -0.244258 0.965585 -0.26896 -0.219341 0.912045 -0.314872 -0.397505 -0.255828 -0.26896 -0.356955 -0.184771 -0.314873 -0.356955 0.594935 -0.314872 -0.397505 0.612451 -0.26896 -0.356955 -0.184771 -0.314873 -0.397505 -0.255828 -0.26896 0.397505 -0.255828 -0.26896 0.356955 -0.184771 -0.314873 0.356955 -0.184771 -0.314873 0.397505 -0.255828 -0.26896 0.397505 0.612451 -0.26896 0.356955 0.594935 -0.314872 -0.244258 0.965585 -0.26896 -0.397505 0.612451 -0.26896 -0.356955 0.594935 -0.314872 -0.219341 0.912045 -0.314872 0.219341 0.912045 -0.314872 0.356955 0.594935 -0.314872 0.397505 0.612451 -0.26896 0.244258 0.965585 -0.26896 -0.244258 0.965585 -0.26896 -0.244258 0.965585 -0.190557 -0.397505 0.612451 -0.190557 -0.397505 0.612451 -0.26896 -0.397505 0.612451 -0.26896 -0.397505 0.612451 -0.190557 -0.397505 -0.255828 -0.190557 -0.397505 -0.255828 -0.26896 -0.218768 0.965585 -0.19374 -0.218768 0.970804 -0.19374 0.218768 0.970804 -0.19374 0.218768 0.965585 -0.19374 -0.397505 -0.255828 -0.26896 -0.397505 -0.255828 -0.190557 0.397505 -0.255828 -0.190557 0.397505 -0.255828 -0.26896 0.397505 0.612451 -0.26896 0.397505 0.612451 -0.190557 0.244258 0.965585 -0.190557 0.244258 0.965585 -0.26896 0.397505 -0.255828 -0.26896 0.397505 -0.255828 -0.190557 0.397505 0.612451 -0.190557 0.397505 0.612451 -0.26896 -0.244258 0.965585 -0.190557 -0.258855 0.996951 -0.190557 -0.421282 0.622723 -0.190557 -0.397505 0.612451 -0.190557 -0.423569 0.623711 -0.190804 -0.423569 0.623711 -0.268108 -0.423569 -0.301502 -0.268108 -0.423569 -0.301502 -0.190804 -0.260274 1 -0.190804 -0.260274 1 -0.268108 -0.423569 0.623711 -0.268108 -0.423569 0.623711 -0.190804 -0.397505 -0.255828 -0.190557 -0.421287 -0.297503 -0.190557 0.421287 -0.297503 -0.190557 0.397505 -0.255828 -0.190557 0.260274 1 -0.190804 0.260274 1 -0.268108 -0.260274 1 -0.268108 -0.260274 1 -0.190804 0.421282 0.622723 -0.190557 0.397505 0.612451 -0.190557 0.423569 -0.301502 -0.190804 0.423569 -0.301502 -0.268108 0.423569 0.623711 -0.268108 0.423569 0.623711 -0.190804 0.244258 0.965585 -0.190557 0.258855 0.996951 -0.190557 0.423569 0.623711 -0.190804 0.423569 0.623711 -0.268108 0.260274 1 -0.268108 0.260274 1 -0.190804 -0.218768 0.965585 -0.265777 -0.244258 0.965585 -0.26896 0.244258 0.965585 -0.26896 0.218768 0.965585 -0.265777 0.218768 0.965585 -0.19374 0.244258 0.965585 -0.190557 -0.244258 0.965585 -0.190557 -0.218768 0.965585 -0.19374 -0.218768 0.965585 -0.265777 -0.218768 0.970804 -0.265777 -0.218768 0.970804 -0.19374 -0.218768 0.965585 -0.19374 0.218768 0.965585 -0.265777 0.218768 0.970804 -0.265777 -0.218768 0.970804 -0.265777 -0.218768 0.965585 -0.265777 0.218768 0.965585 -0.19374 0.218768 0.970804 -0.19374 0.218768 0.970804 -0.265777 0.218768 0.965585 -0.265777 -0.421287 -0.297503 -0.190557 -0.423569 -0.301502 -0.190804 0.423569 -0.301502 -0.190804 0.421287 -0.297503 -0.190557 -0.423569 0.623711 -0.190804 -0.421282 0.622723 -0.190557 -0.258855 0.996951 -0.190557 -0.260274 1 -0.190804 0.260274 1 -0.190804 0.258855 0.996951 -0.190557 0.421282 0.622723 -0.190557 0.423569 0.623711 -0.190804 -0.423569 -0.301502 -0.190804 -0.421287 -0.297503 -0.190557 -0.421282 0.622723 -0.190557 -0.423569 0.623711 -0.190804 -0.260274 1 -0.190804 -0.258855 0.996951 -0.190557 0.258855 0.996951 -0.190557 0.260274 1 -0.190804 0.423569 0.623711 -0.190804 0.421282 0.622723 -0.190557 0.421287 -0.297503 -0.190557 0.423569 -0.301502 -0.190804 -0.423569 -0.301502 -0.190804 -0.423569 -0.301502 -0.268108 0.423569 -0.301502 -0.268108 0.423569 -0.301502 -0.190804 </float_array>
          <technique_common>
            <accessor count="128" offset="0" source="#meshId5-positions-array" stride="3">
              <param name="X" type="float" />
              <param name="Y" type="float" />
              <param name="Z" type="float" />
            </accessor>
          </technique_common>
        </source>
        <source id="meshId5-normals" name="meshId5-normals">
          <float_array id="meshId5-normals-array" count="384"> 0 -0.651 0.7591 0 -0.651 0.7591 0 -0.651 0.7591 0 -0.651 0.7591 0.7495 -0 0.662 0.7495 -0 0.662 0.7495 -0 0.662 0.7495 -0 0.662 0 0.5427 0.8399 0 0.5427 0.8399 0 0.5427 0.8399 0 0.5427 0.8399 -0.7495 -0 0.662 -0.7495 -0 0.662 -0.7495 -0 0.662 -0.7495 -0 0.662 0.6611 -0.2869 0.6933 0.6611 -0.2869 0.6933 0.6611 -0.2869 0.6933 0.6611 -0.2869 0.6933 -0.6611 -0.2869 0.6933 -0.6611 -0.2869 0.6933 -0.6611 -0.2869 0.6933 -0.6611 -0.2869 0.6933 0.9173 -0.3981 0 0.9173 -0.3981 0 0.9173 -0.3981 0 0.9173 -0.3981 0 1 0 0 1 0 0 1 0 0 1 0 0 0 0 -1 0 0 -1 0 0 -1 0 0 -1 0 1 0 0 1 0 0 1 0 0 1 0 -0.9173 -0.3981 0 -0.9173 -0.3981 0 -0.9173 -0.3981 0 -0.9173 -0.3981 0 -1 0 0 -1 0 0 -1 0 0 -1 0 0 0 -0 1 0 -0 1 0 -0 1 0 -0 1 -1 0 0 -1 0 0 -1 0 0 -1 0 0 -0.9173 0.3981 0 -0.9173 0.3981 0 -0.9173 0.3981 0 -0.9173 0.3981 0 0 -0 1 0 -0 1 0 -0 1 0 -0 1 0 1 0 0 1 0 0 1 0 0 1 0 0 -0 1 0 -0 1 1 0 0 1 0 0 1 0 0 1 0 0 0 -0 1 0 -0 1 0.9173 0.3981 0 0.9173 0.3981 0 0.9173 0.3981 0 0.9173 0.3981 0 0 -1 -0 0 -1 -0 0 -1 -0 0 -1 -0 0 -1 -0 0 -1 -0 0 -1 -0 0 -1 -0 1 0 0 1 0 0 1 0 0 1 0 0 0 -0 1 0 -0 1 0 -0 1 0 -0 1 -1 0 0 -1 0 0 -1 0 0 -1 0 0 0 -0.0615 0.9981 0 -0.0615 0.9981 0 -0.0615 0.9981 0 -0.0615 0.9981 -0.0898 0.039 0.9952 -0.0898 0.039 0.9952 -0.0898 0.039 0.9952 -0.0898 0.039 0.9952 0.0898 0.039 0.9952 0.0898 0.039 0.9952 0.0898 0.039 0.9952 0.0898 0.039 0.9952 -0.1072 0 0.9942 -0.1072 0 0.9942 -0.1072 0 0.9942 -0.1072 0 0.9942 0 0.0805 0.9968 0 0.0805 0.9968 0 0.0805 0.9968 0 0.0805 0.9968 0.1072 0 0.9942 0.1072 0 0.9942 0.1072 0 0.9942 0.1072 0 0.9942 0 -1 -0 0 -1 -0 0 -1 -0 0 -1 -0 </float_array>
          <technique_common>
            <accessor count="128" offset="0" source="#meshId5-normals-array" stride="3">
              <param name="X" type="float" />
              <param name="Y" type="float" />
              <param name="Z" type="float" />
            </accessor>
          </technique_common>
        </source>
        <source id="meshId5-tangents" name="meshId5-tangents">
          <float_array id="meshId5-tangents-array" count="384"> -1 0 0 -1 0 0 -1 0 0 -1 0 0 -0.662002 -2.64157e-05 0.749502 -0.662002 -2.51629e-05 0.749502 -0.662002 1.32849e-05 0.749502 -0.662002 1.09291e-05 0.749502 -1 0 0 -1 0 0 -1 0 0 -1 0 0 0.662002 2.2774e-05 0.749502 0.662002 1.67715e-05 0.749502 0.662002 -3.66413e-05 0.749502 0.662002 -3.43321e-05 0.749502 -0.717147 0.0300468 0.696274 -0.717139 0.0300822 0.69628 -0.717138 0.0300868 0.696281 -0.717146 0.0300503 0.696274 -0.717149 -0.0300401 -0.696272 -0.717139 -0.0300838 -0.696281 -0.717138 -0.0300889 -0.696282 -0.717147 -0.0300479 -0.696274 0 0 1 0 0 1 0 0 1 0 0 1 0 0 1 0 0 1 0 0 1 0 0 1 0 1 0 0 1 0 0 1 0 0 1 0 0 0 -1 0 0 -1 0 0 -1 0 0 -1 0 0 1 0 0 1 0 0 1 0 0 1 0 0 1 0 0 1 0 0 1 0 0 1 -1 -1.21529e-06 0 -1 -1.10498e-06 0 -1 -6.98333e-06 0 -1 -7.67463e-06 0 0 0 1 0 0 1 0 0 1 0 0 1 0 0 1 0 0 1 0 0 1 0 0 1 -1 2.05034e-05 0 -1 1.23172e-05 0 -1 -1.36358e-05 0 -1 -2.44559e-05 0 0 0 -1 0 0 -1 0 0 -1 0 0 -1 -1 6.6832e-06 0 -1 6.75482e-06 0 0 0 -1 0 0 -1 0 0 -1 0 0 -1 -1 6.45361e-07 0 -1 4.5842e-07 0 0 0 -1 0 0 -1 0 0 -1 0 0 -1 0.000489715 0 1 5.7964e-05 0 1 1.49833e-05 0 1 0.000122157 0 1 -9.37748e-05 0 1 -1.41283e-05 0 1 -5.76284e-05 0 1 -0.000465757 0 1 0 -1 0 0 -1 0 0 -1 0 0 -1 0 0 1 0 0 1 0 0 1 0 0 1 0 0 -1 0 0 -1 0 0 -1 0 0 -1 0 -1 0 0 -1 0 0 -1 0 0 -1 0 0 -0.99596 -0.00384776 -0.0897178 -0.99596 -0.0038468 -0.0897178 -0.99596 -0.00360241 -0.0897274 -0.99596 -0.00360418 -0.0897273 -0.99596 0.00360461 0.0897273 -0.99596 0.00360529 0.0897273 -0.99596 0.00385797 0.0897174 -0.99596 0.00385696 0.0897174 -0.994227 -0.00457132 -0.107203 -0.994227 -0.00457137 -0.107203 -0.994226 -0.00462786 -0.107203 -0.994226 -0.00462774 -0.107203 -1 0 0 -1 0 0 -1 0 0 -1 0 0 -0.994226 0.00464555 0.107203 -0.994226 0.00464549 0.107203 -0.994227 0.00459614 0.107203 -0.994227 0.00459638 0.107203 0 0 1 0 0 1 0 0 1 0 0 1 </float_array>
          <technique_common>
            <accessor count="128" offset="0" source="#meshId5-tangents-array" stride="3">
              <param name="X" type="float" />
              <param name="Y" type="float" />
              <param name="Z" type="float" />
            </accessor>
          </technique_common>
        </source>
        <source id="meshId5-bitangents" name="meshId5-bitangents">
          <float_array id="meshId5-bitangents-array" count="384"> -0 -0.7591 -0.651 -0 -0.7591 -0.651 -0 -0.7591 -0.651 -0 -0.7591 -0.651 1.74872e-05 -0.999997 -1.97986e-05 1.66579e-05 -0.999997 -1.88596e-05 -8.79462e-06 -0.999997 9.95705e-06 -7.23505e-06 -0.999997 8.19134e-06 0 -0.8399 0.5427 0 -0.8399 0.5427 0 -0.8399 0.5427 0 -0.8399 0.5427 -1.50764e-05 0.999997 -1.70691e-05 -1.11027e-05 0.999997 -1.25703e-05 2.42565e-05 0.999997 2.74626e-05 2.27278e-05 0.999997 2.57319e-05 -0.220592 -0.957505 -0.185886 -0.220619 -0.957504 -0.18586 -0.220622 -0.957503 -0.185857 -0.220595 -0.957505 -0.185883 0.220587 -0.957505 -0.185891 0.22062 -0.957504 -0.185859 0.220624 -0.957503 -0.185855 0.220593 -0.957505 -0.185885 -0.3981 -0.9173 0 -0.3981 -0.9173 0 -0.3981 -0.9173 0 -0.3981 -0.9173 0 0 -1 0 0 -1 0 0 -1 0 0 -1 0 1 -0 0 1 -0 0 1 -0 0 1 -0 0 -1 0 0 -1 0 0 -1 0 0 -1 0 0 -0.3981 0.9173 0 -0.3981 0.9173 0 -0.3981 0.9173 0 -0.3981 0.9173 0 0 1 -0 0 1 -0 0 1 -0 0 1 -0 1.21529e-06 -1 -0 1.10498e-06 -1 -0 6.98333e-06 -1 -0 7.67463e-06 -1 -0 0 1 -0 0 1 -0 0 1 -0 0 1 -0 0.3981 0.9173 -0 0.3981 0.9173 -0 0.3981 0.9173 -0 0.3981 0.9173 -0 -2.05034e-05 -1 0 -1.23172e-05 -1 0 1.36358e-05 -1 -0 2.44559e-05 -1 -0 -1 0 0 -1 0 0 -1 0 0 -1 0 0 -6.6832e-06 -1 0 -6.75482e-06 -1 0 -0 1 0 -0 1 0 -0 1 0 -0 1 0 -6.45361e-07 -1 0 -4.5842e-07 -1 0 -0.3981 0.9173 0 -0.3981 0.9173 0 -0.3981 0.9173 0 -0.3981 0.9173 0 -1 -0 0.000489715 -1 -0 5.7964e-05 -1 -0 1.49833e-05 -1 -0 0.000122157 -1 0 -9.37748e-05 -1 0 -1.41283e-05 -1 0 -5.76284e-05 -1 0 -0.000465757 0 0 -1 0 0 -1 0 0 -1 0 0 -1 -1 0 0 -1 0 0 -1 0 0 -1 0 0 0 0 1 0 0 1 0 0 1 0 0 1 -0 -0.9981 -0.0615 -0 -0.9981 -0.0615 -0 -0.9981 -0.0615 -0 -0.9981 -0.0615 0.000330296 -0.999236 0.039188 0.000329336 -0.999236 0.0391879 8.57508e-05 -0.999237 0.0391659 8.75161e-05 -0.999237 0.0391661 -8.79462e-05 -0.999237 0.0391661 -8.86235e-05 -0.999237 0.0391662 -0.00034047 -0.999236 0.0391889 -0.000339471 -0.999236 0.0391888 0.00454481 -0.999952 0.000490046 0.00454486 -0.999952 0.000490051 0.00460102 -0.999952 0.000496107 0.0046009 -0.999952 0.000496094 0 -0.9968 0.0805 0 -0.9968 0.0805 0 -0.9968 0.0805 0 -0.9968 0.0805 -0.00461861 -0.999952 0.000498003 -0.00461854 -0.999952 0.000497996 -0.00456948 -0.999952 0.000492706 -0.00456972 -0.999952 0.000492731 -1 -0 0 -1 -0 0 -1 -0 0 -1 -0 0 </float_array>
          <technique_common>
            <accessor count="128" offset="0" source="#meshId5-bitangents-array" stride="3">
              <param name="X" type="float" />
              <param name="Y" type="float" />
              <param name="Z" type="float" />
            </accessor>
          </technique_common>
        </source>
        <source id="meshId5-tex0" name="meshId5-tex0">
          <float_array id="meshId5-tex0-array" count="256"> 0.339632 0.016936 0.331378 0 0.493199 0 0.484946 0.016936 0.895687 0.401587 0.880479 0.378225 0.880479 0.121866 0.895687 0.116107 0.53053 0.377221 0.543962 0.401213 0.280615 0.401213 0.294047 0.377221 0.224546 0.450884 0.239754 0.427521 0.239754 0.713002 0.224546 0.707242 0.493199 0 0.543962 0.115999 0.53053 0.121101 0.484946 0.016936 0.339632 0.016936 0.294047 0.121101 0.280615 0.115999 0.331378 0 0.895687 0 0.921658 0 0.921658 0.116107 0.895687 0.116107 0.895687 0.116107 0.921658 0.116107 0.921658 0.401587 0.895687 0.401587 0.277873 0.427521 0.279601 0.427521 0.279601 0.571378 0.277873 0.571378 0.973236 0.789587 0.947266 0.789587 0.947266 0.528197 0.973236 0.528197 0.239754 0.713002 0.265725 0.713002 0.265725 0.829108 0.239754 0.829108 0.239754 0.427521 0.265725 0.427521 0.265725 0.713002 0.239754 0.713002 0.221218 0.011308 0.226053 0.001005 0.279858 0.123933 0.271981 0.127307 0.947266 0.3042 0.921658 0.3042 0.921658 0 0.947266 0 0.947266 0.427919 0.921658 0.427919 0.921658 0.3042 0.947266 0.3042 0.271981 0.412521 0.279859 0.426211 0.000756 0.426211 0.008634 0.412521 0.973237 0.528197 0.998844 0.528197 0.998844 0.699347 0.973237 0.699347 0.000758 0.123933 0.008634 0.127307 0.921658 0.427919 0.947266 0.427919 0.947266 0.732119 0.921658 0.732119 0.059397 0.011308 0.054562 0.001005 0.921658 0.732119 0.947266 0.732119 0.947266 0.855839 0.921658 0.855839 0.088337 0.986209 0.087283 0.994589 0.087283 0.833971 0.088337 0.842352 0.112199 0.842352 0.113254 0.833971 0.113254 0.994589 0.112199 0.986209 0.280413 0.597587 0.278684 0.597587 0.278684 0.573901 0.280413 0.573901 0.273146 0.573901 0.274873 0.573901 0.274873 0.717758 0.273146 0.717758 0.280413 0.621272 0.278684 0.621272 0.278684 0.597587 0.280413 0.597587 0.279859 0.426211 0.280615 0.427521 0 0.427521 0.000756 0.426211 0.280615 0.123605 0.279858 0.123933 0.226053 0.001005 0.226524 0 0.054092 0 0.054562 0.001005 0.000758 0.123933 0 0.123605 0.280615 0.427521 0.279859 0.426211 0.279858 0.123933 0.280615 0.123605 0.226524 0 0.226053 0.001005 0.054562 0.001005 0.054092 0 0 0.123605 0.000758 0.123933 0.000756 0.426211 0 0.427521 0.921658 0.680117 0.896051 0.680117 0.896051 0.401587 0.921658 0.401587 </float_array>
          <technique_common>
            <accessor count="128" offset="0" source="#meshId5-tex0-array" stride="2">
              <param name="S" type="float" />
              <param name="T" type="float" />
            </accessor>
          </technique_common>
        </source>
        <vertices id="meshId5-vertices">
          <input semantic="POSITION" source="#meshId5-positions" />
        </vertices>
        <polylist count="74" material="defaultMaterial">
          <input offset="0" semantic="VERTEX" source="#meshId5-vertices" />
          <input offset="0" semantic="NORMAL" source="#meshId5-normals" />
          <input offset="0" semantic="TANGENT" source="#meshId5-tangents" />
          <input offset="0" semantic="BINORMAL" source="#meshId5-bitangents" />
          <input offset="0" semantic="TEXCOORD" source="#meshId5-tex0" set="0" />
          <vcount>3 3 3 3 3 3 3 3 3 3 3 3 3 3 3 3 3 3 3 3 3 3 3 3 3 3 3 3 3 3 3 3 3 3 3 3 3 3 3 3 3 3 3 3 3 3 3 3 3 3 3 3 3 3 3 3 3 3 3 3 3 3 3 3 3 3 3 3 3 3 3 3 3 3 </vcount>
          <p>3 0 1 1 2 3 7 4 5 5 6 7 11 8 9 9 10 11 15 12 13 13 14 15 19 16 17 17 18 19 23 20 21 21 22 23 27 24 25 25 26 27 31 28 29 29 30 31 35 32 33 33 34 35 39 36 37 37 38 39 43 40 41 41 42 43 47 44 45 45 46 47 51 48 49 49 50 51 55 52 53 53 54 55 59 56 57 57 58 59 63 60 61 61 62 63 67 64 65 65 66 67 69 63 62 62 68 69 73 70 71 71 72 73 48 74 75 75 49 48 79 76 77 77 78 79 74 69 68 68 75 74 60 51 50 50 61 60 83 80 81 81 82 83 87 84 85 85 86 87 80 87 86 86 81 80 84 83 82 82 85 84 91 88 89 89 90 91 95 92 93 93 94 95 99 96 97 97 98 99 103 100 101 101 102 103 107 104 105 105 106 107 111 108 109 109 110 111 115 112 113 113 114 115 119 116 117 117 118 119 123 120 121 121 122 123 127 124 125 125 126 127 </p>
        </polylist>
      </mesh>
    </geometry>
    <geometry id="meshId6" name="meshId6_name" >
      <mesh>
        <source id="meshId6-positions" name="meshId6-positions">
          <float_array id="meshId6-positions-array" count="12"> 0.218768 0.970804 -0.265777 0.218768 0.970804 -0.19374 -0.218768 0.970804 -0.19374 -0.218768 0.970804 -0.265777 </float_array>
          <technique_common>
            <accessor count="4" offset="0" source="#meshId6-positions-array" stride="3">
              <param name="X" type="float" />
              <param name="Y" type="float" />
              <param name="Z" type="float" />
            </accessor>
          </technique_common>
        </source>
        <source id="meshId6-normals" name="meshId6-normals">
          <float_array id="meshId6-normals-array" count="12"> 0 -1 -0 0 -1 -0 0 -1 -0 0 -1 -0 </float_array>
          <technique_common>
            <accessor count="4" offset="0" source="#meshId6-normals-array" stride="3">
              <param name="X" type="float" />
              <param name="Y" type="float" />
              <param name="Z" type="float" />
            </accessor>
          </technique_common>
        </source>
        <source id="meshId6-tangents" name="meshId6-tangents">
          <float_array id="meshId6-tangents-array" count="12"> 0 0 -1 0 0 -1 0 0 -1 0 0 -1 </float_array>
          <technique_common>
            <accessor count="4" offset="0" source="#meshId6-tangents-array" stride="3">
              <param name="X" type="float" />
              <param name="Y" type="float" />
              <param name="Z" type="float" />
            </accessor>
          </technique_common>
        </source>
        <source id="meshId6-bitangents" name="meshId6-bitangents">
          <float_array id="meshId6-bitangents-array" count="12"> 1 0 0 1 0 0 1 0 0 1 0 0 </float_array>
          <technique_common>
            <accessor count="4" offset="0" source="#meshId6-bitangents-array" stride="3">
              <param name="X" type="float" />
              <param name="Y" type="float" />
              <param name="Z" type="float" />
            </accessor>
          </technique_common>
        </source>
        <source id="meshId6-tex0" name="meshId6-tex0">
          <float_array id="meshId6-tex0-array" count="8"> 0.162115 0.977828 0.138252 0.977828 0.138252 0.833971 0.162115 0.833971 </float_array>
          <technique_common>
            <accessor count="4" offset="0" source="#meshId6-tex0-array" stride="2">
              <param name="S" type="float" />
              <param name="T" type="float" />
            </accessor>
          </technique_common>
        </source>
        <vertices id="meshId6-vertices">
          <input semantic="POSITION" source="#meshId6-positions" />
        </vertices>
        <polylist count="2" material="defaultMaterial">
          <input offset="0" semantic="VERTEX" source="#meshId6-vertices" />
          <input offset="0" semantic="NORMAL" source="#meshId6-normals" />
          <input offset="0" semantic="TANGENT" source="#meshId6-tangents" />
          <input offset="0" semantic="BINORMAL" source="#meshId6-bitangents" />
          <input offset="0" semantic="TEXCOORD" source="#meshId6-tex0" set="0" />
          <vcount>3 3 </vcount>
          <p>3 0 1 1 2 3 </p>
        </polylist>
      </mesh>
    </geometry>
    <geometry id="meshId7" name="meshId7_name" >
      <mesh>
        <source id="meshId7-positions" name="meshId7-positions">
          <float_array id="meshId7-positions-array" count="108"> -0.0662451 0.323902 0.358182 -0.0662451 0.345223 0.370699 -0.0662451 0.33229 0.392729 -0.0662451 0.31097 0.380213 -0.0917922 0.31097 0.380213 -0.0917922 0.33229 0.392729 -0.0917922 0.345223 0.370699 -0.0917922 0.323902 0.358182 -0.0917922 0.323902 0.358182 -0.0662451 0.323902 0.358182 -0.0662451 0.31097 0.380213 -0.0917922 0.31097 0.380213 -0.0917922 0.323902 0.358182 -0.0917922 0.345223 0.370699 -0.0662451 0.345223 0.370699 -0.0662451 0.323902 0.358182 -0.0909681 0.333418 0.392436 -0.0909681 0.345517 0.371826 -0.0917922 0.345223 0.370699 -0.0917922 0.33229 0.392729 -0.0909681 0.345517 0.371826 -0.0670692 0.345517 0.371826 -0.0662451 0.345223 0.370699 -0.0917922 0.345223 0.370699 -0.0670692 0.345517 0.371826 -0.0670692 0.333418 0.392436 -0.0662451 0.33229 0.392729 -0.0662451 0.345223 0.370699 -0.0670692 0.333418 0.392436 -0.0909681 0.333418 0.392436 -0.0917922 0.33229 0.392729 -0.0662451 0.33229 0.392729 -0.0662451 0.31097 0.380213 -0.0662451 0.33229 0.392729 -0.0917922 0.33229 0.392729 -0.0917922 0.31097 0.380213 </float_array>
          <technique_common>
            <accessor count="36" offset="0" source="#meshId7-positions-array" stride="3">
              <param name="X" type="float" />
              <param name="Y" type="float" />
              <param name="Z" type="float" />
            </accessor>
          </technique_common>
        </source>
        <source id="meshId7-normals" name="meshId7-normals">
          <float_array id="meshId7-normals-array" count="108"> 1 0 0 1 0 0 1 0 0 1 0 0 -1 0 0 -1 0 0 -1 0 0 -1 0 0 0 -0.8624 -0.5062 0 -0.8624 -0.5062 0 -0.8624 -0.5062 0 -0.8624 -0.5062 0 0.5062 -0.8624 0 0.5062 -0.8624 0 0.5062 -0.8624 0 0.5062 -0.8624 -0.7071 0.6098 0.358 -0.7071 0.6098 0.358 -0.7071 0.6098 0.358 -0.7071 0.6098 0.358 0 0.9678 -0.2518 0 0.9678 -0.2518 0 0.9678 -0.2518 0 0.9678 -0.2518 0.7071 0.6098 0.358 0.7071 0.6098 0.358 0.7071 0.6098 0.358 0.7071 0.6098 0.358 0 0.2518 0.9678 0 0.2518 0.9678 0 0.2518 0.9678 0 0.2518 0.9678 0 -0.5062 0.8624 0 -0.5062 0.8624 0 -0.5062 0.8624 0 -0.5062 0.8624 </float_array>
          <technique_common>
            <accessor count="36" offset="0" source="#meshId7-normals-array" stride="3">
              <param name="X" type="float" />
              <param name="Y" type="float" />
              <param name="Z" type="float" />
            </accessor>
          </technique_common>
        </source>
        <source id="meshId7-tangents" name="meshId7-tangents">
          <float_array id="meshId7-tangents-array" count="108"> 0 0.506236 -0.862395 0 0.506251 -0.862386 0 0.506268 -0.862376 0 0.506252 -0.862385 0 0.862385 0.506252 0 0.862382 0.506257 0 0.862379 0.506263 0 0.862382 0.506258 1 0 0 1 0 0 1 0 0 1 0 0 1 0 0 1 0 0 1 0 0 1 0 0 0.707117 0.609499 0.358463 0.707117 0.610041 0.357541 0.707117 0.610053 0.35752 0.707117 0.609527 0.358417 1 0 0 1 0 0 1 0 0 1 0 0 2.07993e-05 0.50626 -0.862381 6.22154e-06 0.506273 -0.862373 5.9005e-06 0.506273 -0.862373 2.00645e-05 0.506261 -0.86238 0.000147773 0.967781 -0.251795 -0.000132075 0.967781 -0.251795 -0.000138237 0.967781 -0.251795 0.00013367 0.967781 -0.251795 0 0.862412 0.506207 0 0.862412 0.506207 0 0.862412 0.506207 0 0.862412 0.506207 </float_array>
          <technique_common>
            <accessor count="36" offset="0" source="#meshId7-tangents-array" stride="3">
              <param name="X" type="float" />
              <param name="Y" type="float" />
              <param name="Z" type="float" />
            </accessor>
          </technique_common>
        </source>
        <source id="meshId7-bitangents" name="meshId7-bitangents">
          <float_array id="meshId7-bitangents-array" count="108"> -0 0.862395 0.506236 -0 0.862386 0.506251 -0 0.862376 0.506268 -0 0.862385 0.506252 0 0.506252 -0.862385 0 0.506257 -0.862382 0 0.506263 -0.862379 0 0.506258 -0.862382 0 -0.5062 0.8624 0 -0.5062 0.8624 0 -0.5062 0.8624 0 -0.5062 0.8624 0 -0.8624 -0.5062 0 -0.8624 -0.5062 0 -0.8624 -0.5062 0 -0.8624 -0.5062 0.000390127 0.506617 -0.862177 -0.000366509 0.505965 -0.86256 -0.000383213 0.50595 -0.862568 0.00035201 0.506584 -0.862196 0 -0.2518 -0.9678 0 -0.2518 -0.9678 0 -0.2518 -0.9678 0 -0.2518 -0.9678 -0.707121 0.609797 0.357964 -0.707121 0.609786 0.357982 -0.707121 0.609786 0.357982 -0.707121 0.609796 0.357965 -1.00002 0.000143015 -3.72092e-05 -1.00002 -0.000127822 3.32565e-05 -1.00002 -0.000133786 3.48082e-05 -1.00002 0.000129366 -3.36582e-05 -0.999986 0 0 -0.999986 0 0 -0.999986 0 0 -0.999986 0 0 </float_array>
          <technique_common>
            <accessor count="36" offset="0" source="#meshId7-bitangents-array" stride="3">
              <param name="X" type="float" />
              <param name="Y" type="float" />
              <param name="Z" type="float" />
            </accessor>
          </technique_common>
        </source>
        <source id="meshId7-tex0" name="meshId7-tex0">
          <float_array id="meshId7-tex0-array" count="72"> 0.730134 0.389401 0.730134 0.39753 0.721671 0.39753 0.721671 0.389401 0.56935 0.389401 0.577539 0.389401 0.577539 0.397801 0.569349 0.397801 0.73876 0.247551 0.747222 0.247551 0.747222 0.25595 0.73876 0.25595 0.696284 0.397801 0.696284 0.389672 0.704747 0.389672 0.704747 0.397801 0.577812 0.389672 0.577812 0.39753 0.577539 0.397801 0.577539 0.389401 0.696557 0.389401 0.704474 0.389401 0.704747 0.389672 0.696284 0.389672 0.729861 0.397801 0.721944 0.397801 0.721671 0.39753 0.730134 0.39753 0.813119 0.389672 0.813119 0.39753 0.812846 0.397801 0.812846 0.389401 0.804656 0.389401 0.812846 0.389401 0.812846 0.397801 0.804656 0.397801 </float_array>
          <technique_common>
            <accessor count="36" offset="0" source="#meshId7-tex0-array" stride="2">
              <param name="S" type="float" />
              <param name="T" type="float" />
            </accessor>
          </technique_common>
        </source>
        <vertices id="meshId7-vertices">
          <input semantic="POSITION" source="#meshId7-positions" />
        </vertices>
        <polylist count="18" material="defaultMaterial">
          <input offset="0" semantic="VERTEX" source="#meshId7-vertices" />
          <input offset="0" semantic="NORMAL" source="#meshId7-normals" />
          <input offset="0" semantic="TANGENT" source="#meshId7-tangents" />
          <input offset="0" semantic="BINORMAL" source="#meshId7-bitangents" />
          <input offset="0" semantic="TEXCOORD" source="#meshId7-tex0" set="0" />
          <vcount>3 3 3 3 3 3 3 3 3 3 3 3 3 3 3 3 3 3 </vcount>
          <p>3 0 1 1 2 3 7 4 5 5 6 7 11 8 9 9 10 11 15 12 13 13 14 15 19 16 17 17 18 19 23 20 21 21 22 23 27 24 25 25 26 27 31 28 29 29 30 31 35 32 33 33 34 35 </p>
        </polylist>
      </mesh>
    </geometry>
    <geometry id="meshId8" name="meshId8_name" >
      <mesh>
        <source id="meshId8-positions" name="meshId8-positions">
          <float_array id="meshId8-positions-array" count="12"> -0.0670692 0.345517 0.371826 -0.0909681 0.345517 0.371826 -0.0909681 0.333418 0.392436 -0.0670692 0.333418 0.392436 </float_array>
          <technique_common>
            <accessor count="4" offset="0" source="#meshId8-positions-array" stride="3">
              <param name="X" type="float" />
              <param name="Y" type="float" />
              <param name="Z" type="float" />
            </accessor>
          </technique_common>
        </source>
        <source id="meshId8-normals" name="meshId8-normals">
          <float_array id="meshId8-normals-array" count="12"> 0 0.8624 0.5063 0 0.8624 0.5063 0 0.8624 0.5063 0 0.8624 0.5063 </float_array>
          <technique_common>
            <accessor count="4" offset="0" source="#meshId8-normals-array" stride="3">
              <param name="X" type="float" />
              <param name="Y" type="float" />
              <param name="Z" type="float" />
            </accessor>
          </technique_common>
        </source>
        <source id="meshId8-tangents" name="meshId8-tangents">
          <float_array id="meshId8-tangents-array" count="12"> 0 0.506281 -0.862368 0 0.506281 -0.862368 0 0.506281 -0.862368 0 0.506281 -0.862368 </float_array>
          <technique_common>
            <accessor count="4" offset="0" source="#meshId8-tangents-array" stride="3">
              <param name="X" type="float" />
              <param name="Y" type="float" />
              <param name="Z" type="float" />
            </accessor>
          </technique_common>
        </source>
        <source id="meshId8-bitangents" name="meshId8-bitangents">
          <float_array id="meshId8-bitangents-array" count="12"> -1.00004 0 0 -1.00004 0 0 -1.00004 0 0 -1.00004 0 0 </float_array>
          <technique_common>
            <accessor count="4" offset="0" source="#meshId8-bitangents-array" stride="3">
              <param name="X" type="float" />
              <param name="Y" type="float" />
              <param name="Z" type="float" />
            </accessor>
          </technique_common>
        </source>
        <source id="meshId8-tex0" name="meshId8-tex0">
          <float_array id="meshId8-tex0-array" count="8"> 0.821035 0.389672 0.821035 0.39753 0.813119 0.39753 0.813119 0.389672 </float_array>
          <technique_common>
            <accessor count="4" offset="0" source="#meshId8-tex0-array" stride="2">
              <param name="S" type="float" />
              <param name="T" type="float" />
            </accessor>
          </technique_common>
        </source>
        <vertices id="meshId8-vertices">
          <input semantic="POSITION" source="#meshId8-positions" />
        </vertices>
        <polylist count="2" material="defaultMaterial">
          <input offset="0" semantic="VERTEX" source="#meshId8-vertices" />
          <input offset="0" semantic="NORMAL" source="#meshId8-normals" />
          <input offset="0" semantic="TANGENT" source="#meshId8-tangents" />
          <input offset="0" semantic="BINORMAL" source="#meshId8-bitangents" />
          <input offset="0" semantic="TEXCOORD" source="#meshId8-tex0" set="0" />
          <vcount>3 3 </vcount>
          <p>3 0 1 1 2 3 </p>
        </polylist>
      </mesh>
    </geometry>
    <geometry id="meshId9" name="meshId9_name" >
      <mesh>
        <source id="meshId9-positions" name="meshId9-positions">
          <float_array id="meshId9-positions-array" count="12"> -0.0333404 0.345517 0.371826 -0.0572393 0.345517 0.371826 -0.0572393 0.333418 0.392436 -0.0333404 0.333418 0.392436 </float_array>
          <technique_common>
            <accessor count="4" offset="0" source="#meshId9-positions-array" stride="3">
              <param name="X" type="float" />
              <param name="Y" type="float" />
              <param name="Z" type="float" />
            </accessor>
          </technique_common>
        </source>
        <source id="meshId9-normals" name="meshId9-normals">
          <float_array id="meshId9-normals-array" count="12"> 0 0.8624 0.5063 0 0.8624 0.5063 0 0.8624 0.5063 0 0.8624 0.5063 </float_array>
          <technique_common>
            <accessor count="4" offset="0" source="#meshId9-normals-array" stride="3">
              <param name="X" type="float" />
              <param name="Y" type="float" />
              <param name="Z" type="float" />
            </accessor>
          </technique_common>
        </source>
        <source id="meshId9-tangents" name="meshId9-tangents">
          <float_array id="meshId9-tangents-array" count="12"> 0 0.506281 -0.862368 0 0.506281 -0.862368 0 0.506281 -0.862368 0 0.506281 -0.862368 </float_array>
          <technique_common>
            <accessor count="4" offset="0" source="#meshId9-tangents-array" stride="3">
              <param name="X" type="float" />
              <param name="Y" type="float" />
              <param name="Z" type="float" />
            </accessor>
          </technique_common>
        </source>
        <source id="meshId9-bitangents" name="meshId9-bitangents">
          <float_array id="meshId9-bitangents-array" count="12"> -1.00004 0 0 -1.00004 0 0 -1.00004 0 0 -1.00004 0 0 </float_array>
          <technique_common>
            <accessor count="4" offset="0" source="#meshId9-bitangents-array" stride="3">
              <param name="X" type="float" />
              <param name="Y" type="float" />
              <param name="Z" type="float" />
            </accessor>
          </technique_common>
        </source>
        <source id="meshId9-tex0" name="meshId9-tex0">
          <float_array id="meshId9-tex0-array" count="8"> 0.221458 0.799279 0.221458 0.807137 0.213542 0.807137 0.213542 0.799279 </float_array>
          <technique_common>
            <accessor count="4" offset="0" source="#meshId9-tex0-array" stride="2">
              <param name="S" type="float" />
              <param name="T" type="float" />
            </accessor>
          </technique_common>
        </source>
        <vertices id="meshId9-vertices">
          <input semantic="POSITION" source="#meshId9-positions" />
        </vertices>
        <polylist count="2" material="defaultMaterial">
          <input offset="0" semantic="VERTEX" source="#meshId9-vertices" />
          <input offset="0" semantic="NORMAL" source="#meshId9-normals" />
          <input offset="0" semantic="TANGENT" source="#meshId9-tangents" />
          <input offset="0" semantic="BINORMAL" source="#meshId9-bitangents" />
          <input offset="0" semantic="TEXCOORD" source="#meshId9-tex0" set="0" />
          <vcount>3 3 </vcount>
          <p>3 0 1 1 2 3 </p>
        </polylist>
      </mesh>
    </geometry>
    <geometry id="meshId10" name="meshId10_name" >
      <mesh>
        <source id="meshId10-positions" name="meshId10-positions">
          <float_array id="meshId10-positions-array" count="108"> -0.032517 0.323902 0.358182 -0.032517 0.345223 0.370699 -0.032517 0.33229 0.392729 -0.032517 0.31097 0.380213 -0.0580634 0.31097 0.380213 -0.0580634 0.33229 0.392729 -0.0580634 0.345223 0.370699 -0.0580634 0.323902 0.358182 -0.0580634 0.323902 0.358182 -0.032517 0.323902 0.358182 -0.032517 0.31097 0.380213 -0.0580634 0.31097 0.380213 -0.0580634 0.323902 0.358182 -0.0580634 0.345223 0.370699 -0.032517 0.345223 0.370699 -0.032517 0.323902 0.358182 -0.0572393 0.333418 0.392436 -0.0572393 0.345517 0.371826 -0.0580634 0.345223 0.370699 -0.0580634 0.33229 0.392729 -0.0572393 0.345517 0.371826 -0.0333404 0.345517 0.371826 -0.032517 0.345223 0.370699 -0.0580634 0.345223 0.370699 -0.0333404 0.345517 0.371826 -0.0333404 0.333418 0.392436 -0.032517 0.33229 0.392729 -0.032517 0.345223 0.370699 -0.0333404 0.333418 0.392436 -0.0572393 0.333418 0.392436 -0.0580634 0.33229 0.392729 -0.032517 0.33229 0.392729 -0.032517 0.31097 0.380213 -0.032517 0.33229 0.392729 -0.0580634 0.33229 0.392729 -0.0580634 0.31097 0.380213 </float_array>
          <technique_common>
            <accessor count="36" offset="0" source="#meshId10-positions-array" stride="3">
              <param name="X" type="float" />
              <param name="Y" type="float" />
              <param name="Z" type="float" />
            </accessor>
          </technique_common>
        </source>
        <source id="meshId10-normals" name="meshId10-normals">
          <float_array id="meshId10-normals-array" count="108"> 1 0 0 1 0 0 1 0 0 1 0 0 -1 0 0 -1 0 0 -1 0 0 -1 0 0 0 -0.8624 -0.5062 0 -0.8624 -0.5062 0 -0.8624 -0.5062 0 -0.8624 -0.5062 0 0.5063 -0.8624 0 0.5063 -0.8624 0 0.5063 -0.8624 0 0.5063 -0.8624 -0.7071 0.6098 0.358 -0.7071 0.6098 0.358 -0.7071 0.6098 0.358 -0.7071 0.6098 0.358 0 0.9678 -0.2518 0 0.9678 -0.2518 0 0.9678 -0.2518 0 0.9678 -0.2518 0.7071 0.6098 0.358 0.7071 0.6098 0.358 0.7071 0.6098 0.358 0.7071 0.6098 0.358 0 0.2518 0.9678 0 0.2518 0.9678 0 0.2518 0.9678 0 0.2518 0.9678 0 -0.5063 0.8624 0 -0.5063 0.8624 0 -0.5063 0.8624 0 -0.5063 0.8624 </float_array>
          <technique_common>
            <accessor count="36" offset="0" source="#meshId10-normals-array" stride="3">
              <param name="X" type="float" />
              <param name="Y" type="float" />
              <param name="Z" type="float" />
            </accessor>
          </technique_common>
        </source>
        <source id="meshId10-tangents" name="meshId10-tangents">
          <float_array id="meshId10-tangents-array" count="108"> 0 0.506236 -0.862395 0 0.506251 -0.862386 0 0.506268 -0.862376 0 0.506252 -0.862385 0 0.862385 0.506252 0 0.862382 0.506257 0 0.862379 0.506263 0 0.862382 0.506258 1 0 0 1 0 0 1 0 0 1 0 0 1 0 0 1 0 0 1 0 0 1 0 0 0.707117 0.609499 0.358463 0.707117 0.610041 0.35754 0.707117 0.610053 0.35752 0.707117 0.609527 0.358417 1 0 0 1 0 0 1 0 0 1 0 0 2.07993e-05 0.50626 -0.862381 6.22135e-06 0.506273 -0.862373 5.9005e-06 0.506273 -0.862373 2.00647e-05 0.506261 -0.86238 0.000584682 0.96778 -0.251795 4.04137e-05 0.967781 -0.251795 2.84281e-05 0.967781 -0.251795 0.000557264 0.96778 -0.251795 0 0.862368 0.506281 0 0.862368 0.506281 0 0.862368 0.506281 0 0.862368 0.506281 </float_array>
          <technique_common>
            <accessor count="36" offset="0" source="#meshId10-tangents-array" stride="3">
              <param name="X" type="float" />
              <param name="Y" type="float" />
              <param name="Z" type="float" />
            </accessor>
          </technique_common>
        </source>
        <source id="meshId10-bitangents" name="meshId10-bitangents">
          <float_array id="meshId10-bitangents-array" count="108"> -0 0.862395 0.506236 -0 0.862386 0.506251 -0 0.862376 0.506268 -0 0.862385 0.506252 0 0.506252 -0.862385 0 0.506257 -0.862382 0 0.506263 -0.862379 0 0.506258 -0.862382 0 -0.5062 0.8624 0 -0.5062 0.8624 0 -0.5062 0.8624 0 -0.5062 0.8624 0 -0.8624 -0.5063 0 -0.8624 -0.5063 0 -0.8624 -0.5063 0 -0.8624 -0.5063 0.000390157 0.506617 -0.862177 -0.000366554 0.505965 -0.86256 -0.000383243 0.50595 -0.862568 0.000352055 0.506584 -0.862196 0 -0.2518 -0.9678 0 -0.2518 -0.9678 0 -0.2518 -0.9678 0 -0.2518 -0.9678 -0.707121 0.609797 0.357964 -0.707121 0.609786 0.357982 -0.707121 0.609786 0.357982 -0.707121 0.609796 0.357965 -1.00002 0.000565855 -0.000147223 -1.00002 3.91124e-05 -1.01762e-05 -1.00002 2.75127e-05 -7.15818e-06 -1.00002 0.00053932 -0.000140319 -1.00004 0 0 -1.00004 0 0 -1.00004 0 0 -1.00004 0 0 </float_array>
          <technique_common>
            <accessor count="36" offset="0" source="#meshId10-bitangents-array" stride="3">
              <param name="X" type="float" />
              <param name="Y" type="float" />
              <param name="Z" type="float" />
            </accessor>
          </technique_common>
        </source>
        <source id="meshId10-tex0" name="meshId10-tex0">
          <float_array id="meshId10-tex0-array" count="72"> 0.721671 0.389401 0.721671 0.39753 0.713209 0.39753 0.713209 0.389401 0.560887 0.389401 0.569076 0.389401 0.569076 0.397801 0.560887 0.397801 0.740471 0.258556 0.748933 0.258556 0.748933 0.266955 0.740471 0.266955 0.687822 0.397801 0.687822 0.389672 0.696284 0.389672 0.696284 0.397801 0.569349 0.389672 0.569349 0.39753 0.569076 0.397801 0.569076 0.389401 0.688095 0.389401 0.696011 0.389401 0.696284 0.389672 0.687822 0.389672 0.721398 0.397801 0.713482 0.397801 0.713209 0.39753 0.721671 0.39753 0.213542 0.799279 0.213542 0.807137 0.213269 0.807408 0.213269 0.799008 0.780088 0.389401 0.788278 0.389401 0.788278 0.397801 0.780088 0.397801 </float_array>
          <technique_common>
            <accessor count="36" offset="0" source="#meshId10-tex0-array" stride="2">
              <param name="S" type="float" />
              <param name="T" type="float" />
            </accessor>
          </technique_common>
        </source>
        <vertices id="meshId10-vertices">
          <input semantic="POSITION" source="#meshId10-positions" />
        </vertices>
        <polylist count="18" material="defaultMaterial">
          <input offset="0" semantic="VERTEX" source="#meshId10-vertices" />
          <input offset="0" semantic="NORMAL" source="#meshId10-normals" />
          <input offset="0" semantic="TANGENT" source="#meshId10-tangents" />
          <input offset="0" semantic="BINORMAL" source="#meshId10-bitangents" />
          <input offset="0" semantic="TEXCOORD" source="#meshId10-tex0" set="0" />
          <vcount>3 3 3 3 3 3 3 3 3 3 3 3 3 3 3 3 3 3 </vcount>
          <p>3 0 1 1 2 3 7 4 5 5 6 7 11 8 9 9 10 11 15 12 13 13 14 15 19 16 17 17 18 19 23 20 21 21 22 23 27 24 25 25 26 27 31 28 29 29 30 31 35 32 33 33 34 35 </p>
        </polylist>
      </mesh>
    </geometry>
    <geometry id="meshId11" name="meshId11_name" >
      <mesh>
        <source id="meshId11-positions" name="meshId11-positions">
          <float_array id="meshId11-positions-array" count="12"> 0.00128356 0.345517 0.371826 -0.0226146 0.345517 0.371826 -0.0226146 0.333418 0.392436 0.00128356 0.333418 0.392436 </float_array>
          <technique_common>
            <accessor count="4" offset="0" source="#meshId11-positions-array" stride="3">
              <param name="X" type="float" />
              <param name="Y" type="float" />
              <param name="Z" type="float" />
            </accessor>
          </technique_common>
        </source>
        <source id="meshId11-normals" name="meshId11-normals">
          <float_array id="meshId11-normals-array" count="12"> 0 0.8624 0.5063 0 0.8624 0.5063 0 0.8624 0.5063 0 0.8624 0.5063 </float_array>
          <technique_common>
            <accessor count="4" offset="0" source="#meshId11-normals-array" stride="3">
              <param name="X" type="float" />
              <param name="Y" type="float" />
              <param name="Z" type="float" />
            </accessor>
          </technique_common>
        </source>
        <source id="meshId11-tangents" name="meshId11-tangents">
          <float_array id="meshId11-tangents-array" count="12"> 0 -0.506281 0.862368 0 -0.506281 0.862368 0 -0.506281 0.862368 0 -0.506281 0.862368 </float_array>
          <technique_common>
            <accessor count="4" offset="0" source="#meshId11-tangents-array" stride="3">
              <param name="X" type="float" />
              <param name="Y" type="float" />
              <param name="Z" type="float" />
            </accessor>
          </technique_common>
        </source>
        <source id="meshId11-bitangents" name="meshId11-bitangents">
          <float_array id="meshId11-bitangents-array" count="12"> 1.00004 0 -0 1.00004 0 -0 1.00004 0 -0 1.00004 0 -0 </float_array>
          <technique_common>
            <accessor count="4" offset="0" source="#meshId11-bitangents-array" stride="3">
              <param name="X" type="float" />
              <param name="Y" type="float" />
              <param name="Z" type="float" />
            </accessor>
          </technique_common>
        </source>
        <source id="meshId11-tex0" name="meshId11-tex0">
          <float_array id="meshId11-tex0-array" count="8"> 0.266684 0.809881 0.266684 0.802024 0.2746 0.802024 0.2746 0.809881 </float_array>
          <technique_common>
            <accessor count="4" offset="0" source="#meshId11-tex0-array" stride="2">
              <param name="S" type="float" />
              <param name="T" type="float" />
            </accessor>
          </technique_common>
        </source>
        <vertices id="meshId11-vertices">
          <input semantic="POSITION" source="#meshId11-positions" />
        </vertices>
        <polylist count="2" material="defaultMaterial">
          <input offset="0" semantic="VERTEX" source="#meshId11-vertices" />
          <input offset="0" semantic="NORMAL" source="#meshId11-normals" />
          <input offset="0" semantic="TANGENT" source="#meshId11-tangents" />
          <input offset="0" semantic="BINORMAL" source="#meshId11-bitangents" />
          <input offset="0" semantic="TEXCOORD" source="#meshId11-tex0" set="0" />
          <vcount>3 3 </vcount>
          <p>3 0 1 1 2 3 </p>
        </polylist>
      </mesh>
    </geometry>
    <geometry id="meshId12" name="meshId12_name" >
      <mesh>
        <source id="meshId12-positions" name="meshId12-positions">
          <float_array id="meshId12-positions-array" count="108"> 0.00210766 0.323902 0.358182 0.00210766 0.345223 0.370699 0.00210766 0.33229 0.392729 0.00210766 0.31097 0.380213 -0.0234387 0.31097 0.380213 -0.0234387 0.33229 0.392729 -0.0234387 0.345223 0.370699 -0.0234387 0.323902 0.358182 -0.0234387 0.323902 0.358182 0.00210766 0.323902 0.358182 0.00210766 0.31097 0.380213 -0.0234387 0.31097 0.380213 -0.0234387 0.323902 0.358182 -0.0234387 0.345223 0.370699 0.00210766 0.345223 0.370699 0.00210766 0.323902 0.358182 -0.0226146 0.333418 0.392436 -0.0226146 0.345517 0.371826 -0.0234387 0.345223 0.370699 -0.0234387 0.33229 0.392729 -0.0226146 0.345517 0.371826 0.00128356 0.345517 0.371826 0.00210766 0.345223 0.370699 -0.0234387 0.345223 0.370699 0.00128356 0.345517 0.371826 0.00128356 0.333418 0.392436 0.00210766 0.33229 0.392729 0.00210766 0.345223 0.370699 0.00128356 0.333418 0.392436 -0.0226146 0.333418 0.392436 -0.0234387 0.33229 0.392729 0.00210766 0.33229 0.392729 0.00210766 0.31097 0.380213 0.00210766 0.33229 0.392729 -0.0234387 0.33229 0.392729 -0.0234387 0.31097 0.380213 </float_array>
          <technique_common>
            <accessor count="36" offset="0" source="#meshId12-positions-array" stride="3">
              <param name="X" type="float" />
              <param name="Y" type="float" />
              <param name="Z" type="float" />
            </accessor>
          </technique_common>
        </source>
        <source id="meshId12-normals" name="meshId12-normals">
          <float_array id="meshId12-normals-array" count="108"> 1 0 0 1 0 0 1 0 0 1 0 0 -1 -0 0 -1 -0 0 -1 -0 0 -1 -0 0 0 -0.8624 -0.5062 0 -0.8624 -0.5062 0 -0.8624 -0.5062 0 -0.8624 -0.5062 0 0.5062 -0.8624 0 0.5062 -0.8624 0 0.5062 -0.8624 0 0.5062 -0.8624 -0.7071 0.6098 0.358 -0.7071 0.6098 0.358 -0.7071 0.6098 0.358 -0.7071 0.6098 0.358 0 0.9678 -0.2519 0 0.9678 -0.2519 0 0.9678 -0.2519 0 0.9678 -0.2519 0.7071 0.6098 0.358 0.7071 0.6098 0.358 0.7071 0.6098 0.358 0.7071 0.6098 0.358 0 0.2518 0.9678 0 0.2518 0.9678 0 0.2518 0.9678 0 0.2518 0.9678 0 -0.5062 0.8624 0 -0.5062 0.8624 0 -0.5062 0.8624 0 -0.5062 0.8624 </float_array>
          <technique_common>
            <accessor count="36" offset="0" source="#meshId12-normals-array" stride="3">
              <param name="X" type="float" />
              <param name="Y" type="float" />
              <param name="Z" type="float" />
            </accessor>
          </technique_common>
        </source>
        <source id="meshId12-tangents" name="meshId12-tangents">
          <float_array id="meshId12-tangents-array" count="108"> 0 0.506236 -0.862395 0 0.506251 -0.862386 0 0.506268 -0.862376 0 0.506252 -0.862385 0 -0.862385 -0.506252 0 -0.862382 -0.506257 0 -0.862379 -0.506263 0 -0.862382 -0.506258 1 0 0 1 0 0 1 0 0 1 0 0 0 0.862412 0.506207 0 0.862412 0.506207 0 0.862412 0.506207 0 0.862412 0.506207 -0.707117 -0.609499 -0.358463 -0.707117 -0.610041 -0.357541 -0.707117 -0.610053 -0.35752 -0.707117 -0.609527 -0.358417 -0.000128861 0.251889 0.967756 0.000115857 0.251889 0.967756 0.000121243 0.251889 0.967756 -0.000116532 0.251889 0.967756 2.07993e-05 0.50626 -0.862381 6.22154e-06 0.506273 -0.862373 5.9005e-06 0.506273 -0.862373 2.00645e-05 0.506261 -0.86238 -0.000220745 -0.967781 0.251795 0.000196611 -0.967781 0.251795 0.000205802 -0.967781 0.251795 -0.000199712 -0.967781 0.251795 0 0.862412 0.506207 0 0.862412 0.506207 0 0.862412 0.506207 0 0.862412 0.506207 </float_array>
          <technique_common>
            <accessor count="36" offset="0" source="#meshId12-tangents-array" stride="3">
              <param name="X" type="float" />
              <param name="Y" type="float" />
              <param name="Z" type="float" />
            </accessor>
          </technique_common>
        </source>
        <source id="meshId12-bitangents" name="meshId12-bitangents">
          <float_array id="meshId12-bitangents-array" count="108"> -0 0.862395 0.506236 -0 0.862386 0.506251 -0 0.862376 0.506268 -0 0.862385 0.506252 0 -0.506252 0.862385 0 -0.506257 0.862382 0 -0.506263 0.862379 0 -0.506258 0.862382 0 -0.5062 0.8624 0 -0.5062 0.8624 0 -0.5062 0.8624 0 -0.5062 0.8624 0.999986 -0 0 0.999986 -0 0 0.999986 -0 0 0.999986 -0 0 -0.000390142 -0.506617 0.862177 0.000366494 -0.505965 0.86256 0.000383168 -0.50595 0.862568 -0.000352055 -0.506584 0.862196 1.00005 3.24602e-05 0.000124712 1.00005 -2.91844e-05 -0.000112127 1.00005 -3.05412e-05 -0.000117339 1.00005 2.93543e-05 0.000112779 -0.707121 0.609797 0.357964 -0.707121 0.609786 0.357982 -0.707121 0.609786 0.357982 -0.707121 0.609796 0.357965 1.00002 -0.000213637 5.55835e-05 1.00002 0.00019028 -4.95067e-05 1.00002 0.000199175 -5.18208e-05 1.00002 -0.000193281 5.02874e-05 -0.999986 0 0 -0.999986 0 0 -0.999986 0 0 -0.999986 0 0 </float_array>
          <technique_common>
            <accessor count="36" offset="0" source="#meshId12-bitangents-array" stride="3">
              <param name="X" type="float" />
              <param name="Y" type="float" />
              <param name="Z" type="float" />
            </accessor>
          </technique_common>
        </source>
        <source id="meshId12-tex0" name="meshId12-tex0">
          <float_array id="meshId12-tex0-array" count="72"> 0.274873 0.717758 0.274873 0.725887 0.266411 0.725887 0.266411 0.717758 0.637048 0.397801 0.628859 0.397801 0.628859 0.389401 0.637048 0.389401 0.730298 0.247551 0.73876 0.247551 0.73876 0.25595 0.730298 0.25595 0.67936 0.389401 0.687549 0.389401 0.687549 0.397801 0.67936 0.397801 0.628586 0.39753 0.628586 0.389672 0.628859 0.389401 0.628859 0.397801 0.687822 0.389672 0.687822 0.39753 0.687549 0.397801 0.687549 0.389401 0.2746 0.726158 0.266684 0.726158 0.266411 0.725887 0.274873 0.725887 0.2746 0.809881 0.2746 0.802024 0.274873 0.801753 0.274873 0.810152 0.266684 0.776554 0.274873 0.776554 0.274873 0.784954 0.266684 0.784954 </float_array>
          <technique_common>
            <accessor count="36" offset="0" source="#meshId12-tex0-array" stride="2">
              <param name="S" type="float" />
              <param name="T" type="float" />
            </accessor>
          </technique_common>
        </source>
        <vertices id="meshId12-vertices">
          <input semantic="POSITION" source="#meshId12-positions" />
        </vertices>
        <polylist count="18" material="defaultMaterial">
          <input offset="0" semantic="VERTEX" source="#meshId12-vertices" />
          <input offset="0" semantic="NORMAL" source="#meshId12-normals" />
          <input offset="0" semantic="TANGENT" source="#meshId12-tangents" />
          <input offset="0" semantic="BINORMAL" source="#meshId12-bitangents" />
          <input offset="0" semantic="TEXCOORD" source="#meshId12-tex0" set="0" />
          <vcount>3 3 3 3 3 3 3 3 3 3 3 3 3 3 3 3 3 3 </vcount>
          <p>3 0 1 1 2 3 7 4 5 5 6 7 11 8 9 9 10 11 15 12 13 13 14 15 19 16 17 17 18 19 23 20 21 21 22 23 27 24 25 25 26 27 31 28 29 29 30 31 35 32 33 33 34 35 </p>
        </polylist>
      </mesh>
    </geometry>
    <geometry id="meshId13" name="meshId13_name" >
      <mesh>
        <source id="meshId13-positions" name="meshId13-positions">
          <float_array id="meshId13-positions-array" count="12"> -0.0670692 0.328805 0.399907 -0.0909681 0.328805 0.399907 -0.0909681 0.316707 0.420518 -0.0670692 0.316707 0.420518 </float_array>
          <technique_common>
            <accessor count="4" offset="0" source="#meshId13-positions-array" stride="3">
              <param name="X" type="float" />
              <param name="Y" type="float" />
              <param name="Z" type="float" />
            </accessor>
          </technique_common>
        </source>
        <source id="meshId13-normals" name="meshId13-normals">
          <float_array id="meshId13-normals-array" count="12"> -0 0.8624 0.5062 -0 0.8624 0.5062 -0 0.8624 0.5062 -0 0.8624 0.5062 </float_array>
          <technique_common>
            <accessor count="4" offset="0" source="#meshId13-normals-array" stride="3">
              <param name="X" type="float" />
              <param name="Y" type="float" />
              <param name="Z" type="float" />
            </accessor>
          </technique_common>
        </source>
        <source id="meshId13-tangents" name="meshId13-tangents">
          <float_array id="meshId13-tangents-array" count="12"> -1 0 0 -1 -3.83749e-06 6.53713e-06 -1 -7.67491e-06 1.30741e-05 -1 -3.83745e-06 6.53706e-06 </float_array>
          <technique_common>
            <accessor count="4" offset="0" source="#meshId13-tangents-array" stride="3">
              <param name="X" type="float" />
              <param name="Y" type="float" />
              <param name="Z" type="float" />
            </accessor>
          </technique_common>
        </source>
        <source id="meshId13-bitangents" name="meshId13-bitangents">
          <float_array id="meshId13-bitangents-array" count="12"> 0 -0.5062 0.8624 7.58016e-06 -0.5062 0.8624 1.51602e-05 -0.5062 0.8624 7.58008e-06 -0.5062 0.8624 </float_array>
          <technique_common>
            <accessor count="4" offset="0" source="#meshId13-bitangents-array" stride="3">
              <param name="X" type="float" />
              <param name="Y" type="float" />
              <param name="Z" type="float" />
            </accessor>
          </technique_common>
        </source>
        <source id="meshId13-tex0" name="meshId13-tex0">
          <float_array id="meshId13-tex0-array" count="8"> 0.70502 0.389672 0.712936 0.389672 0.712936 0.39753 0.70502 0.39753 </float_array>
          <technique_common>
            <accessor count="4" offset="0" source="#meshId13-tex0-array" stride="2">
              <param name="S" type="float" />
              <param name="T" type="float" />
            </accessor>
          </technique_common>
        </source>
        <vertices id="meshId13-vertices">
          <input semantic="POSITION" source="#meshId13-positions" />
        </vertices>
        <polylist count="2" material="defaultMaterial">
          <input offset="0" semantic="VERTEX" source="#meshId13-vertices" />
          <input offset="0" semantic="NORMAL" source="#meshId13-normals" />
          <input offset="0" semantic="TANGENT" source="#meshId13-tangents" />
          <input offset="0" semantic="BINORMAL" source="#meshId13-bitangents" />
          <input offset="0" semantic="TEXCOORD" source="#meshId13-tex0" set="0" />
          <vcount>3 3 </vcount>
          <p>3 0 1 1 2 3 </p>
        </polylist>
      </mesh>
    </geometry>
    <geometry id="meshId14" name="meshId14_name" >
      <mesh>
        <source id="meshId14-positions" name="meshId14-positions">
          <float_array id="meshId14-positions-array" count="108"> -0.0662451 0.307192 0.386264 -0.0662451 0.328512 0.39878 -0.0662451 0.315579 0.42081 -0.0662451 0.294259 0.408295 -0.0917922 0.294259 0.408295 -0.0917922 0.315579 0.42081 -0.0917922 0.328512 0.39878 -0.0917922 0.307192 0.386264 -0.0917922 0.307192 0.386264 -0.0662451 0.307192 0.386264 -0.0662451 0.294259 0.408295 -0.0917922 0.294259 0.408295 -0.0917922 0.307192 0.386264 -0.0917922 0.328512 0.39878 -0.0662451 0.328512 0.39878 -0.0662451 0.307192 0.386264 -0.0909681 0.316707 0.420518 -0.0909681 0.328805 0.399907 -0.0917922 0.328512 0.39878 -0.0917922 0.315579 0.42081 -0.0909681 0.328805 0.399907 -0.0670692 0.328805 0.399907 -0.0662451 0.328512 0.39878 -0.0917922 0.328512 0.39878 -0.0670692 0.328805 0.399907 -0.0670692 0.316707 0.420518 -0.0662451 0.315579 0.42081 -0.0662451 0.328512 0.39878 -0.0670692 0.316707 0.420518 -0.0909681 0.316707 0.420518 -0.0917922 0.315579 0.42081 -0.0662451 0.315579 0.42081 -0.0662451 0.294259 0.408295 -0.0662451 0.315579 0.42081 -0.0917922 0.315579 0.42081 -0.0917922 0.294259 0.408295 </float_array>
          <technique_common>
            <accessor count="36" offset="0" source="#meshId14-positions-array" stride="3">
              <param name="X" type="float" />
              <param name="Y" type="float" />
              <param name="Z" type="float" />
            </accessor>
          </technique_common>
        </source>
        <source id="meshId14-normals" name="meshId14-normals">
          <float_array id="meshId14-normals-array" count="108"> 1 0 0 1 0 0 1 0 0 1 0 0 -1 0 0 -1 0 0 -1 0 0 -1 0 0 0 -0.8624 -0.5063 0 -0.8624 -0.5063 0 -0.8624 -0.5063 0 -0.8624 -0.5063 0 0.5063 -0.8624 0 0.5063 -0.8624 0 0.5063 -0.8624 0 0.5063 -0.8624 -0.7071 0.6098 0.358 -0.7071 0.6098 0.358 -0.7071 0.6098 0.358 -0.7071 0.6098 0.358 -0 0.9678 -0.2518 -0 0.9678 -0.2518 -0 0.9678 -0.2518 -0 0.9678 -0.2518 0.7071 0.6098 0.358 0.7071 0.6098 0.358 0.7071 0.6098 0.358 0.7071 0.6098 0.358 0 0.2518 0.9678 0 0.2518 0.9678 0 0.2518 0.9678 0 0.2518 0.9678 0 -0.5063 0.8624 0 -0.5063 0.8624 0 -0.5063 0.8624 0 -0.5063 0.8624 </float_array>
          <technique_common>
            <accessor count="36" offset="0" source="#meshId14-normals-array" stride="3">
              <param name="X" type="float" />
              <param name="Y" type="float" />
              <param name="Z" type="float" />
            </accessor>
          </technique_common>
        </source>
        <source id="meshId14-tangents" name="meshId14-tangents">
          <float_array id="meshId14-tangents-array" count="108"> 0 -0.862373 -0.506273 0 -0.862383 -0.506257 0 -0.862393 -0.50624 0 -0.862383 -0.506256 0 -0.862393 -0.50624 0 -0.862383 -0.506256 0 -0.862373 -0.506273 0 -0.862383 -0.506257 0 -0.506281 0.862368 0 -0.506281 0.862368 0 -0.506281 0.862368 0 -0.506281 0.862368 0 0.862368 0.506281 0 0.862368 0.506281 0 0.862368 0.506281 0 0.862368 0.506281 -0.707117 -0.609364 -0.358693 -0.707117 -0.610023 -0.357571 -0.707117 -0.610038 -0.357546 -0.707117 -0.609398 -0.358637 -1 0 0 -1 0 0 -1 0 0 -1 0 0 0.707117 -0.610055 -0.357517 0.707117 -0.609555 -0.358368 0.707117 -0.609544 -0.358387 0.707117 -0.61003 -0.35756 -1 -2.80288e-05 7.29279e-06 -1 -6.03854e-07 1.57116e-07 -1 0 0 -1 -2.66475e-05 6.93339e-06 0 0.862368 0.506281 0 0.862368 0.506281 0 0.862368 0.506281 0 0.862368 0.506281 </float_array>
          <technique_common>
            <accessor count="36" offset="0" source="#meshId14-tangents-array" stride="3">
              <param name="X" type="float" />
              <param name="Y" type="float" />
              <param name="Z" type="float" />
            </accessor>
          </technique_common>
        </source>
        <source id="meshId14-bitangents" name="meshId14-bitangents">
          <float_array id="meshId14-bitangents-array" count="108"> 0 0.506273 -0.862373 0 0.506257 -0.862383 0 0.50624 -0.862393 0 0.506256 -0.862383 0 -0.50624 0.862393 0 -0.506256 0.862383 0 -0.506273 0.862373 0 -0.506257 0.862383 -1.00004 -0 0 -1.00004 -0 0 -1.00004 -0 0 -1.00004 -0 0 1.00004 -0 0 1.00004 -0 0 1.00004 -0 0 1.00004 -0 0 -0.000578612 -0.50678 0.862081 0.000341564 -0.505986 0.862547 0.00036183 -0.505969 0.862558 -0.00053224 -0.50674 0.862105 0 0.2518 0.9678 0 0.2518 0.9678 0 0.2518 0.9678 0 0.2518 0.9678 0.000385612 0.505948 -0.86257 -0.00031203 0.50655 -0.862217 -0.000327379 0.506563 -0.862209 0.000350446 0.505979 -0.862552 2.89626e-05 -0.9678 0.2518 6.23972e-07 -0.9678 0.2518 0 -0.9678 0.2518 2.75353e-05 -0.9678 0.2518 -1.00004 0 0 -1.00004 0 0 -1.00004 0 0 -1.00004 0 0 </float_array>
          <technique_common>
            <accessor count="36" offset="0" source="#meshId14-bitangents-array" stride="3">
              <param name="X" type="float" />
              <param name="Y" type="float" />
              <param name="Z" type="float" />
            </accessor>
          </technique_common>
        </source>
        <source id="meshId14-tex0" name="meshId14-tex0">
          <float_array id="meshId14-tex0-array" count="72"> 0.586274 0.397801 0.578085 0.397801 0.578085 0.389401 0.586274 0.389401 0.763601 0.247551 0.755412 0.247551 0.755412 0.239151 0.763601 0.239151 0.747058 0.397801 0.747058 0.389401 0.755521 0.389401 0.755521 0.397801 0.765312 0.258556 0.773501 0.258556 0.773501 0.266955 0.765312 0.266955 0.712936 0.39753 0.712936 0.389672 0.713209 0.389401 0.713209 0.397801 0.712936 0.389672 0.70502 0.389672 0.704747 0.389401 0.713209 0.389401 0.577812 0.39753 0.577812 0.389672 0.578085 0.389401 0.578085 0.397801 0.70502 0.39753 0.712936 0.39753 0.713209 0.397801 0.704747 0.397801 0.266684 0.742957 0.274873 0.742957 0.274873 0.751356 0.266684 0.751356 </float_array>
          <technique_common>
            <accessor count="36" offset="0" source="#meshId14-tex0-array" stride="2">
              <param name="S" type="float" />
              <param name="T" type="float" />
            </accessor>
          </technique_common>
        </source>
        <vertices id="meshId14-vertices">
          <input semantic="POSITION" source="#meshId14-positions" />
        </vertices>
        <polylist count="18" material="defaultMaterial">
          <input offset="0" semantic="VERTEX" source="#meshId14-vertices" />
          <input offset="0" semantic="NORMAL" source="#meshId14-normals" />
          <input offset="0" semantic="TANGENT" source="#meshId14-tangents" />
          <input offset="0" semantic="BINORMAL" source="#meshId14-bitangents" />
          <input offset="0" semantic="TEXCOORD" source="#meshId14-tex0" set="0" />
          <vcount>3 3 3 3 3 3 3 3 3 3 3 3 3 3 3 3 3 3 </vcount>
          <p>3 0 1 1 2 3 7 4 5 5 6 7 11 8 9 9 10 11 15 12 13 13 14 15 19 16 17 17 18 19 23 20 21 21 22 23 27 24 25 25 26 27 31 28 29 29 30 31 35 32 33 33 34 35 </p>
        </polylist>
      </mesh>
    </geometry>
    <geometry id="meshId15" name="meshId15_name" >
      <mesh>
        <source id="meshId15-positions" name="meshId15-positions">
          <float_array id="meshId15-positions-array" count="12"> -0.0335036 0.328805 0.399907 -0.0574017 0.328805 0.399907 -0.0574017 0.316707 0.420518 -0.0335036 0.316707 0.420518 </float_array>
          <technique_common>
            <accessor count="4" offset="0" source="#meshId15-positions-array" stride="3">
              <param name="X" type="float" />
              <param name="Y" type="float" />
              <param name="Z" type="float" />
            </accessor>
          </technique_common>
        </source>
        <source id="meshId15-normals" name="meshId15-normals">
          <float_array id="meshId15-normals-array" count="12"> -0 0.8624 0.5062 -0 0.8624 0.5062 -0 0.8624 0.5062 -0 0.8624 0.5062 </float_array>
          <technique_common>
            <accessor count="4" offset="0" source="#meshId15-normals-array" stride="3">
              <param name="X" type="float" />
              <param name="Y" type="float" />
              <param name="Z" type="float" />
            </accessor>
          </technique_common>
        </source>
        <source id="meshId15-tangents" name="meshId15-tangents">
          <float_array id="meshId15-tangents-array" count="12"> -1 0 0 -1 -3.83305e-06 6.52956e-06 -1 -7.66616e-06 1.30592e-05 -1 -3.83315e-06 6.52973e-06 </float_array>
          <technique_common>
            <accessor count="4" offset="0" source="#meshId15-tangents-array" stride="3">
              <param name="X" type="float" />
              <param name="Y" type="float" />
              <param name="Z" type="float" />
            </accessor>
          </technique_common>
        </source>
        <source id="meshId15-bitangents" name="meshId15-bitangents">
          <float_array id="meshId15-bitangents-array" count="12"> 0 -0.5062 0.8624 7.57138e-06 -0.5062 0.8624 1.51429e-05 -0.5062 0.8624 7.57158e-06 -0.5062 0.8624 </float_array>
          <technique_common>
            <accessor count="4" offset="0" source="#meshId15-bitangents-array" stride="3">
              <param name="X" type="float" />
              <param name="Y" type="float" />
              <param name="Z" type="float" />
            </accessor>
          </technique_common>
        </source>
        <source id="meshId15-tex0" name="meshId15-tex0">
          <float_array id="meshId15-tex0-array" count="8"> 0.706894 0.258827 0.714811 0.258827 0.714811 0.266684 0.706894 0.266684 </float_array>
          <technique_common>
            <accessor count="4" offset="0" source="#meshId15-tex0-array" stride="2">
              <param name="S" type="float" />
              <param name="T" type="float" />
            </accessor>
          </technique_common>
        </source>
        <vertices id="meshId15-vertices">
          <input semantic="POSITION" source="#meshId15-positions" />
        </vertices>
        <polylist count="2" material="defaultMaterial">
          <input offset="0" semantic="VERTEX" source="#meshId15-vertices" />
          <input offset="0" semantic="NORMAL" source="#meshId15-normals" />
          <input offset="0" semantic="TANGENT" source="#meshId15-tangents" />
          <input offset="0" semantic="BINORMAL" source="#meshId15-bitangents" />
          <input offset="0" semantic="TEXCOORD" source="#meshId15-tex0" set="0" />
          <vcount>3 3 </vcount>
          <p>3 0 1 1 2 3 </p>
        </polylist>
      </mesh>
    </geometry>
    <geometry id="meshId16" name="meshId16_name" >
      <mesh>
        <source id="meshId16-positions" name="meshId16-positions">
          <float_array id="meshId16-positions-array" count="108"> -0.0326795 0.307192 0.386264 -0.0326795 0.328512 0.39878 -0.0326795 0.315579 0.42081 -0.0326795 0.294259 0.408295 -0.0582258 0.294259 0.408295 -0.0582258 0.315579 0.42081 -0.0582258 0.328512 0.39878 -0.0582258 0.307192 0.386264 -0.0582258 0.307192 0.386264 -0.0326795 0.307192 0.386264 -0.0326795 0.294259 0.408295 -0.0582258 0.294259 0.408295 -0.0582258 0.307192 0.386264 -0.0582258 0.328512 0.39878 -0.0326795 0.328512 0.39878 -0.0326795 0.307192 0.386264 -0.0574017 0.316707 0.420518 -0.0574017 0.328805 0.399907 -0.0582258 0.328512 0.39878 -0.0582258 0.315579 0.42081 -0.0574017 0.328805 0.399907 -0.0335036 0.328805 0.399907 -0.0326795 0.328512 0.39878 -0.0582258 0.328512 0.39878 -0.0335036 0.328805 0.399907 -0.0335036 0.316707 0.420518 -0.0326795 0.315579 0.42081 -0.0326795 0.328512 0.39878 -0.0335036 0.316707 0.420518 -0.0574017 0.316707 0.420518 -0.0582258 0.315579 0.42081 -0.0326795 0.315579 0.42081 -0.0326795 0.294259 0.408295 -0.0326795 0.315579 0.42081 -0.0582258 0.315579 0.42081 -0.0582258 0.294259 0.408295 </float_array>
          <technique_common>
            <accessor count="36" offset="0" source="#meshId16-positions-array" stride="3">
              <param name="X" type="float" />
              <param name="Y" type="float" />
              <param name="Z" type="float" />
            </accessor>
          </technique_common>
        </source>
        <source id="meshId16-normals" name="meshId16-normals">
          <float_array id="meshId16-normals-array" count="108"> 1 0 0 1 0 0 1 0 0 1 0 0 -1 -0 0 -1 -0 0 -1 -0 0 -1 -0 0 0 -0.8624 -0.5063 0 -0.8624 -0.5063 0 -0.8624 -0.5063 0 -0.8624 -0.5063 0 0.5063 -0.8624 0 0.5063 -0.8624 0 0.5063 -0.8624 0 0.5063 -0.8624 -0.7071 0.6098 0.358 -0.7071 0.6098 0.358 -0.7071 0.6098 0.358 -0.7071 0.6098 0.358 -0 0.9678 -0.2518 -0 0.9678 -0.2518 -0 0.9678 -0.2518 -0 0.9678 -0.2518 0.7071 0.6098 0.358 0.7071 0.6098 0.358 0.7071 0.6098 0.358 0.7071 0.6098 0.358 0 0.2518 0.9678 0 0.2518 0.9678 0 0.2518 0.9678 0 0.2518 0.9678 0 -0.5063 0.8624 0 -0.5063 0.8624 0 -0.5063 0.8624 0 -0.5063 0.8624 </float_array>
          <technique_common>
            <accessor count="36" offset="0" source="#meshId16-normals-array" stride="3">
              <param name="X" type="float" />
              <param name="Y" type="float" />
              <param name="Z" type="float" />
            </accessor>
          </technique_common>
        </source>
        <source id="meshId16-tangents" name="meshId16-tangents">
          <float_array id="meshId16-tangents-array" count="108"> 0 0.506256 -0.862383 0 0.506252 -0.862386 0 0.506247 -0.862388 0 0.506252 -0.862386 0 -0.862393 -0.50624 0 -0.862383 -0.506256 0 -0.862373 -0.506273 0 -0.862383 -0.506257 -1 0 0 -1 0 0 -1 0 0 -1 0 0 0 -0.862368 -0.506281 0 -0.862368 -0.506281 0 -0.862368 -0.506281 0 -0.862368 -0.506281 -0.707117 -0.609359 -0.358702 -0.707117 -0.610028 -0.357563 -0.707117 -0.610043 -0.357538 -0.707117 -0.609393 -0.358645 -1 0 0 -1 0 0 -1 0 0 -1 0 0 3.28742e-05 0.50625 -0.862387 1.8379e-05 0.506262 -0.862379 1.80598e-05 0.506263 -0.862379 3.21437e-05 0.506251 -0.862386 -1 -2.80286e-05 7.29274e-06 -1 -6.0385e-07 1.57115e-07 -1 0 0 -1 -2.66473e-05 6.93334e-06 0 0.862368 0.506281 0 0.862368 0.506281 0 0.862368 0.506281 0 0.862368 0.506281 </float_array>
          <technique_common>
            <accessor count="36" offset="0" source="#meshId16-tangents-array" stride="3">
              <param name="X" type="float" />
              <param name="Y" type="float" />
              <param name="Z" type="float" />
            </accessor>
          </technique_common>
        </source>
        <source id="meshId16-bitangents" name="meshId16-bitangents">
          <float_array id="meshId16-bitangents-array" count="108"> -0 0.862383 0.506256 -0 0.862386 0.506252 -0 0.862388 0.506247 -0 0.862386 0.506252 0 -0.50624 0.862393 0 -0.506256 0.862383 0 -0.506273 0.862373 0 -0.506257 0.862383 0 0.5063 -0.8624 0 0.5063 -0.8624 0 0.5063 -0.8624 0 0.5063 -0.8624 -1.00004 0 -0 -1.00004 0 -0 -1.00004 0 -0 -1.00004 0 -0 -0.000586197 -0.506786 0.862078 0.000348344 -0.50598 0.862551 0.000368923 -0.505963 0.862561 -0.000539109 -0.506746 0.862101 0 0.2518 0.9678 0 0.2518 0.9678 0 0.2518 0.9678 0 0.2518 0.9678 -0.707121 0.609805 0.357949 -0.707121 0.609795 0.357967 -0.707121 0.609795 0.357967 -0.707121 0.609805 0.35795 2.89624e-05 -0.9678 0.2518 6.23968e-07 -0.9678 0.2518 0 -0.9678 0.2518 2.75351e-05 -0.9678 0.2518 -1.00004 0 0 -1.00004 0 0 -1.00004 0 0 -1.00004 0 0 </float_array>
          <technique_common>
            <accessor count="36" offset="0" source="#meshId16-bitangents-array" stride="3">
              <param name="X" type="float" />
              <param name="Y" type="float" />
              <param name="Z" type="float" />
            </accessor>
          </technique_common>
        </source>
        <source id="meshId16-tex0" name="meshId16-tex0">
          <float_array id="meshId16-tex0-array" count="72"> 0.560887 0.389401 0.560887 0.39753 0.552425 0.39753 0.552425 0.389401 0.77179 0.25595 0.763601 0.25595 0.763601 0.247551 0.77179 0.247551 0.274873 0.742957 0.266411 0.742957 0.266411 0.734557 0.274873 0.734557 0.796467 0.397801 0.788278 0.397801 0.788278 0.389401 0.796467 0.389401 0.714811 0.266684 0.714811 0.258827 0.715084 0.258556 0.715084 0.266955 0.714811 0.258827 0.706894 0.258827 0.706621 0.258556 0.715084 0.258556 0.560614 0.397801 0.552698 0.397801 0.552425 0.39753 0.560887 0.39753 0.706894 0.266684 0.714811 0.266684 0.715084 0.266955 0.706621 0.266955 0.748933 0.258556 0.757122 0.258556 0.757122 0.266955 0.748933 0.266955 </float_array>
          <technique_common>
            <accessor count="36" offset="0" source="#meshId16-tex0-array" stride="2">
              <param name="S" type="float" />
              <param name="T" type="float" />
            </accessor>
          </technique_common>
        </source>
        <vertices id="meshId16-vertices">
          <input semantic="POSITION" source="#meshId16-positions" />
        </vertices>
        <polylist count="18" material="defaultMaterial">
          <input offset="0" semantic="VERTEX" source="#meshId16-vertices" />
          <input offset="0" semantic="NORMAL" source="#meshId16-normals" />
          <input offset="0" semantic="TANGENT" source="#meshId16-tangents" />
          <input offset="0" semantic="BINORMAL" source="#meshId16-bitangents" />
          <input offset="0" semantic="TEXCOORD" source="#meshId16-tex0" set="0" />
          <vcount>3 3 3 3 3 3 3 3 3 3 3 3 3 3 3 3 3 3 </vcount>
          <p>3 0 1 1 2 3 7 4 5 5 6 7 11 8 9 9 10 11 15 12 13 13 14 15 19 16 17 17 18 19 23 20 21 21 22 23 27 24 25 25 26 27 31 28 29 29 30 31 35 32 33 33 34 35 </p>
        </polylist>
      </mesh>
    </geometry>
    <geometry id="meshId17" name="meshId17_name" >
      <mesh>
        <source id="meshId17-positions" name="meshId17-positions">
          <float_array id="meshId17-positions-array" count="12"> 0.00115667 0.328805 0.399907 -0.0227415 0.328805 0.399907 -0.0227415 0.316707 0.420518 0.00115667 0.316707 0.420518 </float_array>
          <technique_common>
            <accessor count="4" offset="0" source="#meshId17-positions-array" stride="3">
              <param name="X" type="float" />
              <param name="Y" type="float" />
              <param name="Z" type="float" />
            </accessor>
          </technique_common>
        </source>
        <source id="meshId17-normals" name="meshId17-normals">
          <float_array id="meshId17-normals-array" count="12"> -0 0.8624 0.5062 -0 0.8624 0.5062 -0 0.8624 0.5062 -0 0.8624 0.5062 </float_array>
          <technique_common>
            <accessor count="4" offset="0" source="#meshId17-normals-array" stride="3">
              <param name="X" type="float" />
              <param name="Y" type="float" />
              <param name="Z" type="float" />
            </accessor>
          </technique_common>
        </source>
        <source id="meshId17-tangents" name="meshId17-tangents">
          <float_array id="meshId17-tangents-array" count="12"> -1 0 0 -1 -3.838e-06 6.53799e-06 -1 -7.67606e-06 1.30761e-05 -1 -3.8381e-06 6.53816e-06 </float_array>
          <technique_common>
            <accessor count="4" offset="0" source="#meshId17-tangents-array" stride="3">
              <param name="X" type="float" />
              <param name="Y" type="float" />
              <param name="Z" type="float" />
            </accessor>
          </technique_common>
        </source>
        <source id="meshId17-bitangents" name="meshId17-bitangents">
          <float_array id="meshId17-bitangents-array" count="12"> 0 -0.5062 0.8624 7.58116e-06 -0.5062 0.8624 1.51624e-05 -0.5062 0.8624 7.58136e-06 -0.5062 0.8624 </float_array>
          <technique_common>
            <accessor count="4" offset="0" source="#meshId17-bitangents-array" stride="3">
              <param name="X" type="float" />
              <param name="Y" type="float" />
              <param name="Z" type="float" />
            </accessor>
          </technique_common>
        </source>
        <source id="meshId17-tex0" name="meshId17-tex0">
          <float_array id="meshId17-tex0-array" count="8"> 0.266684 0.726429 0.2746 0.726429 0.2746 0.734286 0.266684 0.734286 </float_array>
          <technique_common>
            <accessor count="4" offset="0" source="#meshId17-tex0-array" stride="2">
              <param name="S" type="float" />
              <param name="T" type="float" />
            </accessor>
          </technique_common>
        </source>
        <vertices id="meshId17-vertices">
          <input semantic="POSITION" source="#meshId17-positions" />
        </vertices>
        <polylist count="2" material="defaultMaterial">
          <input offset="0" semantic="VERTEX" source="#meshId17-vertices" />
          <input offset="0" semantic="NORMAL" source="#meshId17-normals" />
          <input offset="0" semantic="TANGENT" source="#meshId17-tangents" />
          <input offset="0" semantic="BINORMAL" source="#meshId17-bitangents" />
          <input offset="0" semantic="TEXCOORD" source="#meshId17-tex0" set="0" />
          <vcount>3 3 </vcount>
          <p>3 0 1 1 2 3 </p>
        </polylist>
      </mesh>
    </geometry>
    <geometry id="meshId18" name="meshId18_name" >
      <mesh>
        <source id="meshId18-positions" name="meshId18-positions">
          <float_array id="meshId18-positions-array" count="108"> 0.00198076 0.307192 0.386264 0.00198076 0.328512 0.39878 0.00198076 0.315579 0.42081 0.00198076 0.294259 0.408295 -0.0235656 0.294259 0.408295 -0.0235656 0.315579 0.42081 -0.0235656 0.328512 0.39878 -0.0235656 0.307192 0.386264 -0.0235656 0.307192 0.386264 0.00198076 0.307192 0.386264 0.00198076 0.294259 0.408295 -0.0235656 0.294259 0.408295 -0.0235656 0.307192 0.386264 -0.0235656 0.328512 0.39878 0.00198076 0.328512 0.39878 0.00198076 0.307192 0.386264 -0.0227415 0.316707 0.420518 -0.0227415 0.328805 0.399907 -0.0235656 0.328512 0.39878 -0.0235656 0.315579 0.42081 -0.0227415 0.328805 0.399907 0.00115667 0.328805 0.399907 0.00198076 0.328512 0.39878 -0.0235656 0.328512 0.39878 0.00115667 0.328805 0.399907 0.00115667 0.316707 0.420518 0.00198076 0.315579 0.42081 0.00198076 0.328512 0.39878 0.00115667 0.316707 0.420518 -0.0227415 0.316707 0.420518 -0.0235656 0.315579 0.42081 0.00198076 0.315579 0.42081 0.00198076 0.294259 0.408295 0.00198076 0.315579 0.42081 -0.0235656 0.315579 0.42081 -0.0235656 0.294259 0.408295 </float_array>
          <technique_common>
            <accessor count="36" offset="0" source="#meshId18-positions-array" stride="3">
              <param name="X" type="float" />
              <param name="Y" type="float" />
              <param name="Z" type="float" />
            </accessor>
          </technique_common>
        </source>
        <source id="meshId18-normals" name="meshId18-normals">
          <float_array id="meshId18-normals-array" count="108"> 1 0 0 1 0 0 1 0 0 1 0 0 -1 0 0 -1 0 0 -1 0 0 -1 0 0 0 -0.8624 -0.5063 0 -0.8624 -0.5063 0 -0.8624 -0.5063 0 -0.8624 -0.5063 0 0.5063 -0.8624 0 0.5063 -0.8624 0 0.5063 -0.8624 0 0.5063 -0.8624 -0.7071 0.6098 0.358 -0.7071 0.6098 0.358 -0.7071 0.6098 0.358 -0.7071 0.6098 0.358 -0 0.9678 -0.2518 -0 0.9678 -0.2518 -0 0.9678 -0.2518 -0 0.9678 -0.2518 0.7071 0.6098 0.358 0.7071 0.6098 0.358 0.7071 0.6098 0.358 0.7071 0.6098 0.358 0 0.2518 0.9678 0 0.2518 0.9678 0 0.2518 0.9678 0 0.2518 0.9678 0 -0.5063 0.8624 0 -0.5063 0.8624 0 -0.5063 0.8624 0 -0.5063 0.8624 </float_array>
          <technique_common>
            <accessor count="36" offset="0" source="#meshId18-normals-array" stride="3">
              <param name="X" type="float" />
              <param name="Y" type="float" />
              <param name="Z" type="float" />
            </accessor>
          </technique_common>
        </source>
        <source id="meshId18-tangents" name="meshId18-tangents">
          <float_array id="meshId18-tangents-array" count="108"> 0 0.506256 -0.862383 0 0.506252 -0.862386 0 0.506247 -0.862388 0 0.506252 -0.862386 0 -0.862393 -0.50624 0 -0.862383 -0.506256 0 -0.862373 -0.506273 0 -0.862383 -0.506257 -1 0 0 -1 0 0 -1 0 0 -1 0 0 0 0.862368 0.506281 0 0.862368 0.506281 0 0.862368 0.506281 0 0.862368 0.506281 -0.707117 -0.6094 -0.358633 -0.707117 -0.609992 -0.357625 -0.707117 -0.610005 -0.357602 -0.707117 -0.609429 -0.358582 -1 0 0 -1 0 0 -1 0 0 -1 0 0 3.28742e-05 0.50625 -0.862387 1.8379e-05 0.506262 -0.862379 1.80598e-05 0.506263 -0.862379 3.21437e-05 0.506251 -0.862386 -1 -2.80358e-05 7.29461e-06 -1 -6.0399e-07 1.57151e-07 -1 0 0 -1 -2.66542e-05 6.93513e-06 0 0.862368 0.506281 0 0.862368 0.506281 0 0.862368 0.506281 0 0.862368 0.506281 </float_array>
          <technique_common>
            <accessor count="36" offset="0" source="#meshId18-tangents-array" stride="3">
              <param name="X" type="float" />
              <param name="Y" type="float" />
              <param name="Z" type="float" />
            </accessor>
          </technique_common>
        </source>
        <source id="meshId18-bitangents" name="meshId18-bitangents">
          <float_array id="meshId18-bitangents-array" count="108"> -0 0.862383 0.506256 -0 0.862386 0.506252 -0 0.862388 0.506247 -0 0.862386 0.506252 0 -0.50624 0.862393 0 -0.506256 0.862383 0 -0.506273 0.862373 0 -0.506257 0.862383 0 0.5063 -0.8624 0 0.5063 -0.8624 0 0.5063 -0.8624 0 0.5063 -0.8624 1.00004 -0 0 1.00004 -0 0 1.00004 -0 0 1.00004 -0 0 -0.000529319 -0.506737 0.862106 0.000297531 -0.506024 0.862525 0.000315756 -0.506009 0.862534 -0.000487685 -0.506701 0.862127 0 0.2518 0.9678 0 0.2518 0.9678 0 0.2518 0.9678 0 0.2518 0.9678 -0.707121 0.609805 0.357949 -0.707121 0.609795 0.357967 -0.707121 0.609795 0.357967 -0.707121 0.609805 0.35795 2.89698e-05 -0.9678 0.2518 6.24112e-07 -0.9678 0.2518 0 -0.9678 0.2518 2.75422e-05 -0.9678 0.2518 -1.00004 0 0 -1.00004 0 0 -1.00004 0 0 -1.00004 0 0 </float_array>
          <technique_common>
            <accessor count="36" offset="0" source="#meshId18-bitangents-array" stride="3">
              <param name="X" type="float" />
              <param name="Y" type="float" />
              <param name="Z" type="float" />
            </accessor>
          </technique_common>
        </source>
        <source id="meshId18-tex0" name="meshId18-tex0">
          <float_array id="meshId18-tex0-array" count="72"> 0.552425 0.389401 0.552425 0.39753 0.543962 0.39753 0.543963 0.389401 0.763601 0.25595 0.755412 0.25595 0.755412 0.247551 0.763601 0.247551 0.740471 0.266955 0.732008 0.266955 0.732008 0.258556 0.740471 0.258556 0.266684 0.793353 0.274873 0.793353 0.274873 0.801753 0.266684 0.801753 0.2746 0.734286 0.2746 0.726429 0.274873 0.726158 0.274873 0.734557 0.2746 0.726429 0.266684 0.726429 0.266411 0.726158 0.274873 0.726158 0.552152 0.397801 0.544236 0.397801 0.543962 0.39753 0.552425 0.39753 0.266684 0.734286 0.2746 0.734286 0.274873 0.734557 0.266411 0.734557 0.757122 0.258556 0.765312 0.258556 0.765312 0.266955 0.757122 0.266955 </float_array>
          <technique_common>
            <accessor count="36" offset="0" source="#meshId18-tex0-array" stride="2">
              <param name="S" type="float" />
              <param name="T" type="float" />
            </accessor>
          </technique_common>
        </source>
        <vertices id="meshId18-vertices">
          <input semantic="POSITION" source="#meshId18-positions" />
        </vertices>
        <polylist count="18" material="defaultMaterial">
          <input offset="0" semantic="VERTEX" source="#meshId18-vertices" />
          <input offset="0" semantic="NORMAL" source="#meshId18-normals" />
          <input offset="0" semantic="TANGENT" source="#meshId18-tangents" />
          <input offset="0" semantic="BINORMAL" source="#meshId18-bitangents" />
          <input offset="0" semantic="TEXCOORD" source="#meshId18-tex0" set="0" />
          <vcount>3 3 3 3 3 3 3 3 3 3 3 3 3 3 3 3 3 3 </vcount>
          <p>3 0 1 1 2 3 7 4 5 5 6 7 11 8 9 9 10 11 15 12 13 13 14 15 19 16 17 17 18 19 23 20 21 21 22 23 27 24 25 25 26 27 31 28 29 29 30 31 35 32 33 33 34 35 </p>
        </polylist>
      </mesh>
    </geometry>
    <geometry id="meshId19" name="meshId19_name" >
      <mesh>
        <source id="meshId19-positions" name="meshId19-positions">
          <float_array id="meshId19-positions-array" count="12"> -0.0670692 0.312349 0.425885 -0.0909681 0.312349 0.425885 -0.0909681 0.30025 0.446494 -0.0670692 0.30025 0.446494 </float_array>
          <technique_common>
            <accessor count="4" offset="0" source="#meshId19-positions-array" stride="3">
              <param name="X" type="float" />
              <param name="Y" type="float" />
              <param name="Z" type="float" />
            </accessor>
          </technique_common>
        </source>
        <source id="meshId19-normals" name="meshId19-normals">
          <float_array id="meshId19-normals-array" count="12"> -0 0.8624 0.5062 -0 0.8624 0.5062 -0 0.8624 0.5062 -0 0.8624 0.5062 </float_array>
          <technique_common>
            <accessor count="4" offset="0" source="#meshId19-normals-array" stride="3">
              <param name="X" type="float" />
              <param name="Y" type="float" />
              <param name="Z" type="float" />
            </accessor>
          </technique_common>
        </source>
        <source id="meshId19-tangents" name="meshId19-tangents">
          <float_array id="meshId19-tangents-array" count="12"> 0 -0.506207 0.862412 0 -0.506207 0.862412 0 -0.506207 0.862412 0 -0.506207 0.862412 </float_array>
          <technique_common>
            <accessor count="4" offset="0" source="#meshId19-tangents-array" stride="3">
              <param name="X" type="float" />
              <param name="Y" type="float" />
              <param name="Z" type="float" />
            </accessor>
          </technique_common>
        </source>
        <source id="meshId19-bitangents" name="meshId19-bitangents">
          <float_array id="meshId19-bitangents-array" count="12"> 0.999986 0 0 0.999986 0 0 0.999986 0 0 0.999986 0 0 </float_array>
          <technique_common>
            <accessor count="4" offset="0" source="#meshId19-bitangents-array" stride="3">
              <param name="X" type="float" />
              <param name="Y" type="float" />
              <param name="Z" type="float" />
            </accessor>
          </technique_common>
        </source>
        <source id="meshId19-tex0" name="meshId19-tex0">
          <float_array id="meshId19-tex0-array" count="8"> 0.620396 0.39753 0.620396 0.389672 0.628313 0.389672 0.628313 0.39753 </float_array>
          <technique_common>
            <accessor count="4" offset="0" source="#meshId19-tex0-array" stride="2">
              <param name="S" type="float" />
              <param name="T" type="float" />
            </accessor>
          </technique_common>
        </source>
        <vertices id="meshId19-vertices">
          <input semantic="POSITION" source="#meshId19-positions" />
        </vertices>
        <polylist count="2" material="defaultMaterial">
          <input offset="0" semantic="VERTEX" source="#meshId19-vertices" />
          <input offset="0" semantic="NORMAL" source="#meshId19-normals" />
          <input offset="0" semantic="TANGENT" source="#meshId19-tangents" />
          <input offset="0" semantic="BINORMAL" source="#meshId19-bitangents" />
          <input offset="0" semantic="TEXCOORD" source="#meshId19-tex0" set="0" />
          <vcount>3 3 </vcount>
          <p>3 0 1 1 2 3 </p>
        </polylist>
      </mesh>
    </geometry>
    <geometry id="meshId20" name="meshId20_name" >
      <mesh>
        <source id="meshId20-positions" name="meshId20-positions">
          <float_array id="meshId20-positions-array" count="108"> -0.0662451 0.290735 0.412241 -0.0662451 0.312056 0.424757 -0.0662451 0.299122 0.446788 -0.0662451 0.277802 0.434272 -0.0917922 0.277802 0.434272 -0.0917922 0.299122 0.446788 -0.0917922 0.312056 0.424757 -0.0917922 0.290735 0.412241 -0.0917922 0.290735 0.412241 -0.0662451 0.290735 0.412241 -0.0662451 0.277802 0.434272 -0.0917922 0.277802 0.434272 -0.0917922 0.290735 0.412241 -0.0917922 0.312056 0.424757 -0.0662451 0.312056 0.424757 -0.0662451 0.290735 0.412241 -0.0909681 0.30025 0.446494 -0.0909681 0.312349 0.425885 -0.0917922 0.312056 0.424757 -0.0917922 0.299122 0.446788 -0.0909681 0.312349 0.425885 -0.0670692 0.312349 0.425885 -0.0662451 0.312056 0.424757 -0.0917922 0.312056 0.424757 -0.0670692 0.312349 0.425885 -0.0670692 0.30025 0.446494 -0.0662451 0.299122 0.446788 -0.0662451 0.312056 0.424757 -0.0670692 0.30025 0.446494 -0.0909681 0.30025 0.446494 -0.0917922 0.299122 0.446788 -0.0662451 0.299122 0.446788 -0.0662451 0.277802 0.434272 -0.0662451 0.299122 0.446788 -0.0917922 0.299122 0.446788 -0.0917922 0.277802 0.434272 </float_array>
          <technique_common>
            <accessor count="36" offset="0" source="#meshId20-positions-array" stride="3">
              <param name="X" type="float" />
              <param name="Y" type="float" />
              <param name="Z" type="float" />
            </accessor>
          </technique_common>
        </source>
        <source id="meshId20-normals" name="meshId20-normals">
          <float_array id="meshId20-normals-array" count="108"> 1 0 0 1 0 0 1 0 0 1 0 0 -1 -0 0 -1 -0 0 -1 -0 0 -1 -0 0 0 -0.8624 -0.5062 0 -0.8624 -0.5062 0 -0.8624 -0.5062 0 -0.8624 -0.5062 0 0.5063 -0.8624 0 0.5063 -0.8624 0 0.5063 -0.8624 0 0.5063 -0.8624 -0.7071 0.6098 0.358 -0.7071 0.6098 0.358 -0.7071 0.6098 0.358 -0.7071 0.6098 0.358 -0 0.9678 -0.2518 -0 0.9678 -0.2518 -0 0.9678 -0.2518 -0 0.9678 -0.2518 0.7071 0.6098 0.358 0.7071 0.6098 0.358 0.7071 0.6098 0.358 0.7071 0.6098 0.358 0 0.2519 0.9678 0 0.2519 0.9678 0 0.2519 0.9678 0 0.2519 0.9678 0 -0.5063 0.8624 0 -0.5063 0.8624 0 -0.5063 0.8624 0 -0.5063 0.8624 </float_array>
          <technique_common>
            <accessor count="36" offset="0" source="#meshId20-normals-array" stride="3">
              <param name="X" type="float" />
              <param name="Y" type="float" />
              <param name="Z" type="float" />
            </accessor>
          </technique_common>
        </source>
        <source id="meshId20-tangents" name="meshId20-tangents">
          <float_array id="meshId20-tangents-array" count="108"> 0 0.862393 0.50624 0 0.862393 0.50624 0 0.862392 0.50624 0 0.862393 0.50624 0 -0.862392 -0.50624 0 -0.862393 -0.50624 0 -0.862393 -0.50624 0 -0.862393 -0.50624 0 -0.506207 0.862412 0 -0.506207 0.862412 0 -0.506207 0.862412 0 -0.506207 0.862412 0 0.862368 0.506281 0 0.862368 0.506281 0 0.862368 0.506281 0 0.862368 0.506281 1.3529e-05 -0.506267 0.862377 1.24774e-05 -0.506268 0.862377 1.24543e-05 -0.506268 0.862376 1.3476e-05 -0.506267 0.862377 -0.000147755 0.251795 0.967781 0.000132058 0.251795 0.967781 0.00013822 0.251795 0.967781 -0.000133653 0.251795 0.967781 -0.707117 0.609799 0.357952 -0.707117 0.609777 0.35799 -0.707117 0.609777 0.357991 -0.707117 0.609798 0.357954 -0.00014775 -0.967756 0.251889 0.000132053 -0.967756 0.251889 0.000138216 -0.967756 0.251889 -0.000133648 -0.967756 0.251889 0 0.862368 0.506281 0 0.862368 0.506281 0 0.862368 0.506281 0 0.862368 0.506281 </float_array>
          <technique_common>
            <accessor count="36" offset="0" source="#meshId20-tangents-array" stride="3">
              <param name="X" type="float" />
              <param name="Y" type="float" />
              <param name="Z" type="float" />
            </accessor>
          </technique_common>
        </source>
        <source id="meshId20-bitangents" name="meshId20-bitangents">
          <float_array id="meshId20-bitangents-array" count="108"> 0 -0.50624 0.862393 0 -0.50624 0.862393 0 -0.50624 0.862392 0 -0.50624 0.862393 0 -0.50624 0.862392 0 -0.50624 0.862393 0 -0.50624 0.862393 0 -0.50624 0.862393 -0.999986 -0 0 -0.999986 -0 0 -0.999986 -0 0 -0.999986 -0 0 1.00004 -0 0 1.00004 -0 0 1.00004 -0 0 1.00004 -0 0 0.707121 0.609792 0.357973 0.707121 0.609791 0.357974 0.707121 0.609791 0.357974 0.707121 0.609792 0.357973 1.00002 3.72047e-05 0.000142997 1.00002 -3.32522e-05 -0.000127806 1.00002 -3.48039e-05 -0.00013377 1.00002 3.36538e-05 0.000129349 -2.87443e-05 -0.506256 0.862389 1.90735e-06 -0.506283 0.862374 2.5779e-06 -0.506283 0.862373 -2.71648e-05 -0.506258 0.862388 1.00005 -0.000142993 3.72183e-05 1.00005 0.000127801 -3.32642e-05 1.00005 0.000133765 -3.48166e-05 1.00005 -0.000129345 3.3666e-05 -1.00004 0 0 -1.00004 0 0 -1.00004 0 0 -1.00004 0 0 </float_array>
          <technique_common>
            <accessor count="36" offset="0" source="#meshId20-bitangents-array" stride="3">
              <param name="X" type="float" />
              <param name="Y" type="float" />
              <param name="Z" type="float" />
            </accessor>
          </technique_common>
        </source>
        <source id="meshId20-tex0" name="meshId20-tex0">
          <float_array id="meshId20-tex0-array" count="72"> 0.611661 0.389401 0.61985 0.389401 0.61985 0.397801 0.611661 0.397801 0.755412 0.247551 0.747222 0.247551 0.747222 0.239151 0.755412 0.239151 0.73876 0.247551 0.73876 0.239151 0.747222 0.239151 0.747222 0.247551 0.76371 0.389401 0.771899 0.389401 0.771899 0.397801 0.76371 0.397801 0.628313 0.389672 0.620396 0.389672 0.620123 0.389401 0.628586 0.389401 0.620396 0.389672 0.620396 0.39753 0.620123 0.397801 0.620123 0.389401 0.620123 0.389672 0.620123 0.39753 0.61985 0.397801 0.61985 0.389401 0.628313 0.39753 0.628313 0.389672 0.628586 0.389401 0.628586 0.397801 0.771899 0.389401 0.780088 0.389401 0.780088 0.397801 0.771899 0.397801 </float_array>
          <technique_common>
            <accessor count="36" offset="0" source="#meshId20-tex0-array" stride="2">
              <param name="S" type="float" />
              <param name="T" type="float" />
            </accessor>
          </technique_common>
        </source>
        <vertices id="meshId20-vertices">
          <input semantic="POSITION" source="#meshId20-positions" />
        </vertices>
        <polylist count="18" material="defaultMaterial">
          <input offset="0" semantic="VERTEX" source="#meshId20-vertices" />
          <input offset="0" semantic="NORMAL" source="#meshId20-normals" />
          <input offset="0" semantic="TANGENT" source="#meshId20-tangents" />
          <input offset="0" semantic="BINORMAL" source="#meshId20-bitangents" />
          <input offset="0" semantic="TEXCOORD" source="#meshId20-tex0" set="0" />
          <vcount>3 3 3 3 3 3 3 3 3 3 3 3 3 3 3 3 3 3 </vcount>
          <p>3 0 1 1 2 3 7 4 5 5 6 7 11 8 9 9 10 11 15 12 13 13 14 15 19 16 17 17 18 19 23 20 21 21 22 23 27 24 25 25 26 27 31 28 29 29 30 31 35 32 33 33 34 35 </p>
        </polylist>
      </mesh>
    </geometry>
    <geometry id="meshId21" name="meshId21_name" >
      <mesh>
        <source id="meshId21-positions" name="meshId21-positions">
          <float_array id="meshId21-positions-array" count="12"> -0.0338905 0.312349 0.425885 -0.0577887 0.312349 0.425885 -0.0577887 0.30025 0.446494 -0.0338905 0.30025 0.446494 </float_array>
          <technique_common>
            <accessor count="4" offset="0" source="#meshId21-positions-array" stride="3">
              <param name="X" type="float" />
              <param name="Y" type="float" />
              <param name="Z" type="float" />
            </accessor>
          </technique_common>
        </source>
        <source id="meshId21-normals" name="meshId21-normals">
          <float_array id="meshId21-normals-array" count="12"> -0 0.8624 0.5062 -0 0.8624 0.5062 -0 0.8624 0.5062 -0 0.8624 0.5062 </float_array>
          <technique_common>
            <accessor count="4" offset="0" source="#meshId21-normals-array" stride="3">
              <param name="X" type="float" />
              <param name="Y" type="float" />
              <param name="Z" type="float" />
            </accessor>
          </technique_common>
        </source>
        <source id="meshId21-tangents" name="meshId21-tangents">
          <float_array id="meshId21-tangents-array" count="12"> 1 0 0 1 0 0 1 0 0 1 0 0 </float_array>
          <technique_common>
            <accessor count="4" offset="0" source="#meshId21-tangents-array" stride="3">
              <param name="X" type="float" />
              <param name="Y" type="float" />
              <param name="Z" type="float" />
            </accessor>
          </technique_common>
        </source>
        <source id="meshId21-bitangents" name="meshId21-bitangents">
          <float_array id="meshId21-bitangents-array" count="12"> 0 0.5062 -0.8624 0 0.5062 -0.8624 0 0.5062 -0.8624 0 0.5062 -0.8624 </float_array>
          <technique_common>
            <accessor count="4" offset="0" source="#meshId21-bitangents-array" stride="3">
              <param name="X" type="float" />
              <param name="Y" type="float" />
              <param name="Z" type="float" />
            </accessor>
          </technique_common>
        </source>
        <source id="meshId21-tex0" name="meshId21-tex0">
          <float_array id="meshId21-tex0-array" count="8"> 0.662162 0.39753 0.654246 0.39753 0.654246 0.389672 0.662162 0.389672 </float_array>
          <technique_common>
            <accessor count="4" offset="0" source="#meshId21-tex0-array" stride="2">
              <param name="S" type="float" />
              <param name="T" type="float" />
            </accessor>
          </technique_common>
        </source>
        <vertices id="meshId21-vertices">
          <input semantic="POSITION" source="#meshId21-positions" />
        </vertices>
        <polylist count="2" material="defaultMaterial">
          <input offset="0" semantic="VERTEX" source="#meshId21-vertices" />
          <input offset="0" semantic="NORMAL" source="#meshId21-normals" />
          <input offset="0" semantic="TANGENT" source="#meshId21-tangents" />
          <input offset="0" semantic="BINORMAL" source="#meshId21-bitangents" />
          <input offset="0" semantic="TEXCOORD" source="#meshId21-tex0" set="0" />
          <vcount>3 3 </vcount>
          <p>3 0 1 1 2 3 </p>
        </polylist>
      </mesh>
    </geometry>
    <geometry id="meshId22" name="meshId22_name" >
      <mesh>
        <source id="meshId22-positions" name="meshId22-positions">
          <float_array id="meshId22-positions-array" count="108"> -0.0330664 0.290735 0.412241 -0.0330664 0.312056 0.424757 -0.0330664 0.299122 0.446788 -0.0330664 0.277802 0.434272 -0.0586128 0.277802 0.434272 -0.0586128 0.299122 0.446788 -0.0586128 0.312056 0.424757 -0.0586128 0.290735 0.412241 -0.0586128 0.290735 0.412241 -0.0330664 0.290735 0.412241 -0.0330664 0.277802 0.434272 -0.0586128 0.277802 0.434272 -0.0586128 0.290735 0.412241 -0.0586128 0.312056 0.424757 -0.0330664 0.312056 0.424757 -0.0330664 0.290735 0.412241 -0.0577887 0.30025 0.446494 -0.0577887 0.312349 0.425885 -0.0586128 0.312056 0.424757 -0.0586128 0.299122 0.446788 -0.0577887 0.312349 0.425885 -0.0338905 0.312349 0.425885 -0.0330664 0.312056 0.424757 -0.0586128 0.312056 0.424757 -0.0338905 0.312349 0.425885 -0.0338905 0.30025 0.446494 -0.0330664 0.299122 0.446788 -0.0330664 0.312056 0.424757 -0.0338905 0.30025 0.446494 -0.0577887 0.30025 0.446494 -0.0586128 0.299122 0.446788 -0.0330664 0.299122 0.446788 -0.0330664 0.277802 0.434272 -0.0330664 0.299122 0.446788 -0.0586128 0.299122 0.446788 -0.0586128 0.277802 0.434272 </float_array>
          <technique_common>
            <accessor count="36" offset="0" source="#meshId22-positions-array" stride="3">
              <param name="X" type="float" />
              <param name="Y" type="float" />
              <param name="Z" type="float" />
            </accessor>
          </technique_common>
        </source>
        <source id="meshId22-normals" name="meshId22-normals">
          <float_array id="meshId22-normals-array" count="108"> 1 0 0 1 0 0 1 0 0 1 0 0 -1 0 0 -1 0 0 -1 0 0 -1 0 0 0 -0.8624 -0.5063 0 -0.8624 -0.5063 0 -0.8624 -0.5063 0 -0.8624 -0.5063 0 0.5063 -0.8624 0 0.5063 -0.8624 0 0.5063 -0.8624 0 0.5063 -0.8624 -0.7071 0.6098 0.358 -0.7071 0.6098 0.358 -0.7071 0.6098 0.358 -0.7071 0.6098 0.358 -0 0.9678 -0.2518 -0 0.9678 -0.2518 -0 0.9678 -0.2518 -0 0.9678 -0.2518 0.7071 0.6098 0.358 0.7071 0.6098 0.358 0.7071 0.6098 0.358 0.7071 0.6098 0.358 0 0.2519 0.9678 0 0.2519 0.9678 0 0.2519 0.9678 0 0.2519 0.9678 0 -0.5063 0.8624 0 -0.5063 0.8624 0 -0.5063 0.8624 0 -0.5063 0.8624 </float_array>
          <technique_common>
            <accessor count="36" offset="0" source="#meshId22-normals-array" stride="3">
              <param name="X" type="float" />
              <param name="Y" type="float" />
              <param name="Z" type="float" />
            </accessor>
          </technique_common>
        </source>
        <source id="meshId22-tangents" name="meshId22-tangents">
          <float_array id="meshId22-tangents-array" count="108"> 0 0.506256 -0.862383 0 0.506256 -0.862383 0 0.506257 -0.862383 0 0.506256 -0.862383 0 -0.862392 -0.50624 0 -0.862393 -0.50624 0 -0.862393 -0.50624 0 -0.862393 -0.50624 1 0 0 1 0 0 1 0 0 1 0 0 0 0.862368 0.506281 0 0.862368 0.506281 0 0.862368 0.506281 0 0.862368 0.506281 0.707117 0.609776 0.357992 0.707117 0.609798 0.357955 0.707117 0.609799 0.357954 0.707117 0.609777 0.35799 1 0 0 1 0 0 1 0 0 1 0 0 1.3529e-05 0.506267 -0.862377 1.24774e-05 0.506268 -0.862377 1.24543e-05 0.506268 -0.862376 1.3476e-05 0.506267 -0.862377 1 0 0 1 0 0 1 0 0 1 0 0 0 0.862368 0.506281 0 0.862368 0.506281 0 0.862368 0.506281 0 0.862368 0.506281 </float_array>
          <technique_common>
            <accessor count="36" offset="0" source="#meshId22-tangents-array" stride="3">
              <param name="X" type="float" />
              <param name="Y" type="float" />
              <param name="Z" type="float" />
            </accessor>
          </technique_common>
        </source>
        <source id="meshId22-bitangents" name="meshId22-bitangents">
          <float_array id="meshId22-bitangents-array" count="108"> -0 0.862383 0.506256 -0 0.862383 0.506256 -0 0.862383 0.506257 -0 0.862383 0.506256 0 -0.50624 0.862392 0 -0.50624 0.862393 0 -0.50624 0.862393 0 -0.50624 0.862393 0 -0.5063 0.8624 0 -0.5063 0.8624 0 -0.5063 0.8624 0 -0.5063 0.8624 1.00004 -0 0 1.00004 -0 0 1.00004 -0 0 1.00004 -0 0 3.62098e-06 0.506284 -0.862373 -2.70307e-05 0.506258 -0.862388 -2.77013e-05 0.506257 -0.862389 2.07126e-06 0.506283 -0.862374 0 -0.2518 -0.9678 0 -0.2518 -0.9678 0 -0.2518 -0.9678 0 -0.2518 -0.9678 -0.707121 0.609792 0.357973 -0.707121 0.609791 0.357974 -0.707121 0.609791 0.357974 -0.707121 0.609792 0.357973 0 0.9678 -0.2519 0 0.9678 -0.2519 0 0.9678 -0.2519 0 0.9678 -0.2519 -1.00004 0 0 -1.00004 0 0 -1.00004 0 0 -1.00004 0 0 </float_array>
          <technique_common>
            <accessor count="36" offset="0" source="#meshId22-bitangents-array" stride="3">
              <param name="X" type="float" />
              <param name="Y" type="float" />
              <param name="Z" type="float" />
            </accessor>
          </technique_common>
        </source>
        <source id="meshId22-tex0" name="meshId22-tex0">
          <float_array id="meshId22-tex0-array" count="72"> 0.723546 0.258556 0.723546 0.266684 0.715084 0.266684 0.715084 0.258556 0.76371 0.397801 0.75552 0.397801 0.755521 0.389401 0.76371 0.389401 0.670897 0.389401 0.67936 0.389401 0.67936 0.397801 0.670897 0.397801 0.821035 0.389401 0.829224 0.389401 0.829224 0.397801 0.821035 0.397801 0.654246 0.389672 0.654246 0.39753 0.653973 0.397801 0.653973 0.389401 0.654246 0.39753 0.662162 0.39753 0.662435 0.397801 0.653973 0.397801 0.723273 0.266955 0.715357 0.266955 0.715084 0.266684 0.723546 0.266684 0.662162 0.389672 0.654246 0.389672 0.653973 0.389401 0.662435 0.389401 0.796467 0.389401 0.804656 0.389401 0.804656 0.397801 0.796467 0.397801 </float_array>
          <technique_common>
            <accessor count="36" offset="0" source="#meshId22-tex0-array" stride="2">
              <param name="S" type="float" />
              <param name="T" type="float" />
            </accessor>
          </technique_common>
        </source>
        <vertices id="meshId22-vertices">
          <input semantic="POSITION" source="#meshId22-positions" />
        </vertices>
        <polylist count="18" material="defaultMaterial">
          <input offset="0" semantic="VERTEX" source="#meshId22-vertices" />
          <input offset="0" semantic="NORMAL" source="#meshId22-normals" />
          <input offset="0" semantic="TANGENT" source="#meshId22-tangents" />
          <input offset="0" semantic="BINORMAL" source="#meshId22-bitangents" />
          <input offset="0" semantic="TEXCOORD" source="#meshId22-tex0" set="0" />
          <vcount>3 3 3 3 3 3 3 3 3 3 3 3 3 3 3 3 3 3 </vcount>
          <p>3 0 1 1 2 3 7 4 5 5 6 7 11 8 9 9 10 11 15 12 13 13 14 15 19 16 17 17 18 19 23 20 21 21 22 23 27 24 25 25 26 27 31 28 29 29 30 31 35 32 33 33 34 35 </p>
        </polylist>
      </mesh>
    </geometry>
    <geometry id="meshId23" name="meshId23_name" >
      <mesh>
        <source id="meshId23-positions" name="meshId23-positions">
          <float_array id="meshId23-positions-array" count="12"> 0.00145368 0.312349 0.425885 -0.0224445 0.312349 0.425885 -0.0224445 0.30025 0.446494 0.00145368 0.30025 0.446494 </float_array>
          <technique_common>
            <accessor count="4" offset="0" source="#meshId23-positions-array" stride="3">
              <param name="X" type="float" />
              <param name="Y" type="float" />
              <param name="Z" type="float" />
            </accessor>
          </technique_common>
        </source>
        <source id="meshId23-normals" name="meshId23-normals">
          <float_array id="meshId23-normals-array" count="12"> -0 0.8624 0.5062 -0 0.8624 0.5062 -0 0.8624 0.5062 -0 0.8624 0.5062 </float_array>
          <technique_common>
            <accessor count="4" offset="0" source="#meshId23-normals-array" stride="3">
              <param name="X" type="float" />
              <param name="Y" type="float" />
              <param name="Z" type="float" />
            </accessor>
          </technique_common>
        </source>
        <source id="meshId23-tangents" name="meshId23-tangents">
          <float_array id="meshId23-tangents-array" count="12"> -1 0 0 -1 0 0 -1 0 0 -1 0 0 </float_array>
          <technique_common>
            <accessor count="4" offset="0" source="#meshId23-tangents-array" stride="3">
              <param name="X" type="float" />
              <param name="Y" type="float" />
              <param name="Z" type="float" />
            </accessor>
          </technique_common>
        </source>
        <source id="meshId23-bitangents" name="meshId23-bitangents">
          <float_array id="meshId23-bitangents-array" count="12"> 0 -0.5062 0.8624 0 -0.5062 0.8624 0 -0.5062 0.8624 0 -0.5062 0.8624 </float_array>
          <technique_common>
            <accessor count="4" offset="0" source="#meshId23-bitangents-array" stride="3">
              <param name="X" type="float" />
              <param name="Y" type="float" />
              <param name="Z" type="float" />
            </accessor>
          </technique_common>
        </source>
        <source id="meshId23-tex0" name="meshId23-tex0">
          <float_array id="meshId23-tex0-array" count="8"> 0.662708 0.389672 0.670624 0.389672 0.670624 0.39753 0.662708 0.39753 </float_array>
          <technique_common>
            <accessor count="4" offset="0" source="#meshId23-tex0-array" stride="2">
              <param name="S" type="float" />
              <param name="T" type="float" />
            </accessor>
          </technique_common>
        </source>
        <vertices id="meshId23-vertices">
          <input semantic="POSITION" source="#meshId23-positions" />
        </vertices>
        <polylist count="2" material="defaultMaterial">
          <input offset="0" semantic="VERTEX" source="#meshId23-vertices" />
          <input offset="0" semantic="NORMAL" source="#meshId23-normals" />
          <input offset="0" semantic="TANGENT" source="#meshId23-tangents" />
          <input offset="0" semantic="BINORMAL" source="#meshId23-bitangents" />
          <input offset="0" semantic="TEXCOORD" source="#meshId23-tex0" set="0" />
          <vcount>3 3 </vcount>
          <p>3 0 1 1 2 3 </p>
        </polylist>
      </mesh>
    </geometry>
    <geometry id="meshId24" name="meshId24_name" >
      <mesh>
        <source id="meshId24-positions" name="meshId24-positions">
          <float_array id="meshId24-positions-array" count="108"> 0.00227777 0.290735 0.412241 0.00227777 0.312056 0.424757 0.00227777 0.299122 0.446788 0.00227777 0.277802 0.434272 -0.0232686 0.277802 0.434272 -0.0232686 0.299122 0.446788 -0.0232686 0.312056 0.424757 -0.0232686 0.290735 0.412241 -0.0232686 0.290735 0.412241 0.00227777 0.290735 0.412241 0.00227777 0.277802 0.434272 -0.0232686 0.277802 0.434272 -0.0232686 0.290735 0.412241 -0.0232686 0.312056 0.424757 0.00227777 0.312056 0.424757 0.00227777 0.290735 0.412241 -0.0224445 0.30025 0.446494 -0.0224445 0.312349 0.425885 -0.0232686 0.312056 0.424757 -0.0232686 0.299122 0.446788 -0.0224445 0.312349 0.425885 0.00145368 0.312349 0.425885 0.00227777 0.312056 0.424757 -0.0232686 0.312056 0.424757 0.00145368 0.312349 0.425885 0.00145368 0.30025 0.446494 0.00227777 0.299122 0.446788 0.00227777 0.312056 0.424757 0.00145368 0.30025 0.446494 -0.0224445 0.30025 0.446494 -0.0232686 0.299122 0.446788 0.00227777 0.299122 0.446788 0.00227777 0.277802 0.434272 0.00227777 0.299122 0.446788 -0.0232686 0.299122 0.446788 -0.0232686 0.277802 0.434272 </float_array>
          <technique_common>
            <accessor count="36" offset="0" source="#meshId24-positions-array" stride="3">
              <param name="X" type="float" />
              <param name="Y" type="float" />
              <param name="Z" type="float" />
            </accessor>
          </technique_common>
        </source>
        <source id="meshId24-normals" name="meshId24-normals">
          <float_array id="meshId24-normals-array" count="108"> 1 0 0 1 0 0 1 0 0 1 0 0 -1 0 0 -1 0 0 -1 0 0 -1 0 0 0 -0.8624 -0.5062 0 -0.8624 -0.5062 0 -0.8624 -0.5062 0 -0.8624 -0.5062 0 0.5063 -0.8624 0 0.5063 -0.8624 0 0.5063 -0.8624 0 0.5063 -0.8624 -0.7071 0.6098 0.358 -0.7071 0.6098 0.358 -0.7071 0.6098 0.358 -0.7071 0.6098 0.358 -0 0.9678 -0.2518 -0 0.9678 -0.2518 -0 0.9678 -0.2518 -0 0.9678 -0.2518 0.7071 0.6098 0.358 0.7071 0.6098 0.358 0.7071 0.6098 0.358 0.7071 0.6098 0.358 0 0.2518 0.9678 0 0.2518 0.9678 0 0.2518 0.9678 0 0.2518 0.9678 0 -0.5063 0.8624 0 -0.5063 0.8624 0 -0.5063 0.8624 0 -0.5063 0.8624 </float_array>
          <technique_common>
            <accessor count="36" offset="0" source="#meshId24-normals-array" stride="3">
              <param name="X" type="float" />
              <param name="Y" type="float" />
              <param name="Z" type="float" />
            </accessor>
          </technique_common>
        </source>
        <source id="meshId24-tangents" name="meshId24-tangents">
          <float_array id="meshId24-tangents-array" count="108"> 0 0.862393 0.50624 0 0.862393 0.50624 0 0.862392 0.50624 0 0.862393 0.50624 0 -0.862392 -0.50624 0 -0.862393 -0.50624 0 -0.862393 -0.50624 0 -0.862393 -0.50624 1 0 0 1 0 0 1 0 0 1 0 0 0 0.862368 0.506281 0 0.862368 0.506281 0 0.862368 0.506281 0 0.862368 0.506281 -0.707117 -0.609776 -0.357992 -0.707117 -0.609798 -0.357955 -0.707117 -0.609798 -0.357954 -0.707117 -0.609777 -0.35799 -1 0 0 -1 0 0 -1 0 0 -1 0 0 -0.707117 0.609799 0.357952 -0.707117 0.609777 0.35799 -0.707117 0.609777 0.357991 -0.707117 0.609798 0.357954 -1 0 0 -1 0 0 -1 0 0 -1 0 0 0 0.862368 0.506281 0 0.862368 0.506281 0 0.862368 0.506281 0 0.862368 0.506281 </float_array>
          <technique_common>
            <accessor count="36" offset="0" source="#meshId24-tangents-array" stride="3">
              <param name="X" type="float" />
              <param name="Y" type="float" />
              <param name="Z" type="float" />
            </accessor>
          </technique_common>
        </source>
        <source id="meshId24-bitangents" name="meshId24-bitangents">
          <float_array id="meshId24-bitangents-array" count="108"> 0 -0.50624 0.862393 0 -0.50624 0.862393 0 -0.50624 0.862392 0 -0.50624 0.862393 0 -0.50624 0.862392 0 -0.50624 0.862393 0 -0.50624 0.862393 0 -0.50624 0.862393 0 -0.5062 0.8624 0 -0.5062 0.8624 0 -0.5062 0.8624 0 -0.5062 0.8624 1.00004 -0 0 1.00004 -0 0 1.00004 -0 0 1.00004 -0 0 -3.65078e-06 -0.506284 0.862373 2.70456e-05 -0.506258 0.862388 2.77162e-05 -0.506257 0.862389 -2.05636e-06 -0.506283 0.862374 0 0.2518 0.9678 0 0.2518 0.9678 0 0.2518 0.9678 0 0.2518 0.9678 -2.87741e-05 -0.506256 0.862389 1.90735e-06 -0.506283 0.862374 2.5779e-06 -0.506283 0.862373 -2.72095e-05 -0.506258 0.862388 0 -0.9678 0.2518 0 -0.9678 0.2518 0 -0.9678 0.2518 0 -0.9678 0.2518 -1.00004 0 0 -1.00004 0 0 -1.00004 0 0 -1.00004 0 0 </float_array>
          <technique_common>
            <accessor count="36" offset="0" source="#meshId24-bitangents-array" stride="3">
              <param name="X" type="float" />
              <param name="Y" type="float" />
              <param name="Z" type="float" />
            </accessor>
          </technique_common>
        </source>
        <source id="meshId24-tex0" name="meshId24-tex0">
          <float_array id="meshId24-tex0-array" count="72"> 0.637048 0.389401 0.645237 0.389401 0.645237 0.397801 0.637048 0.397801 0.755412 0.25595 0.747222 0.25595 0.747222 0.247551 0.755412 0.247551 0.738596 0.389401 0.747058 0.389401 0.747058 0.397801 0.738596 0.397801 0.266684 0.751356 0.274873 0.751356 0.274873 0.759755 0.266684 0.759755 0.670624 0.39753 0.670624 0.389672 0.670897 0.389401 0.670897 0.397801 0.670624 0.389672 0.662708 0.389672 0.662435 0.389401 0.670897 0.389401 0.64551 0.389672 0.64551 0.39753 0.645237 0.397801 0.645237 0.389401 0.662708 0.39753 0.670624 0.39753 0.670897 0.397801 0.662435 0.397801 0.266684 0.784954 0.274873 0.784954 0.274873 0.793353 0.266684 0.793353 </float_array>
          <technique_common>
            <accessor count="36" offset="0" source="#meshId24-tex0-array" stride="2">
              <param name="S" type="float" />
              <param name="T" type="float" />
            </accessor>
          </technique_common>
        </source>
        <vertices id="meshId24-vertices">
          <input semantic="POSITION" source="#meshId24-positions" />
        </vertices>
        <polylist count="18" material="defaultMaterial">
          <input offset="0" semantic="VERTEX" source="#meshId24-vertices" />
          <input offset="0" semantic="NORMAL" source="#meshId24-normals" />
          <input offset="0" semantic="TANGENT" source="#meshId24-tangents" />
          <input offset="0" semantic="BINORMAL" source="#meshId24-bitangents" />
          <input offset="0" semantic="TEXCOORD" source="#meshId24-tex0" set="0" />
          <vcount>3 3 3 3 3 3 3 3 3 3 3 3 3 3 3 3 3 3 </vcount>
          <p>3 0 1 1 2 3 7 4 5 5 6 7 11 8 9 9 10 11 15 12 13 13 14 15 19 16 17 17 18 19 23 20 21 21 22 23 27 24 25 25 26 27 31 28 29 29 30 31 35 32 33 33 34 35 </p>
        </polylist>
      </mesh>
    </geometry>
    <geometry id="meshId25" name="meshId25_name" >
      <mesh>
        <source id="meshId25-positions" name="meshId25-positions">
          <float_array id="meshId25-positions-array" count="12"> 0.00145368 0.298035 0.451943 -0.0224445 0.298035 0.451943 -0.0224445 0.285936 0.472552 0.00145368 0.285936 0.472552 </float_array>
          <technique_common>
            <accessor count="4" offset="0" source="#meshId25-positions-array" stride="3">
              <param name="X" type="float" />
              <param name="Y" type="float" />
              <param name="Z" type="float" />
            </accessor>
          </technique_common>
        </source>
        <source id="meshId25-normals" name="meshId25-normals">
          <float_array id="meshId25-normals-array" count="12"> -0 0.8624 0.5062 -0 0.8624 0.5062 -0 0.8624 0.5062 -0 0.8624 0.5062 </float_array>
          <technique_common>
            <accessor count="4" offset="0" source="#meshId25-normals-array" stride="3">
              <param name="X" type="float" />
              <param name="Y" type="float" />
              <param name="Z" type="float" />
            </accessor>
          </technique_common>
        </source>
        <source id="meshId25-tangents" name="meshId25-tangents">
          <float_array id="meshId25-tangents-array" count="12"> -1 0 0 -1 0 0 -1 0 0 -1 0 0 </float_array>
          <technique_common>
            <accessor count="4" offset="0" source="#meshId25-tangents-array" stride="3">
              <param name="X" type="float" />
              <param name="Y" type="float" />
              <param name="Z" type="float" />
            </accessor>
          </technique_common>
        </source>
        <source id="meshId25-bitangents" name="meshId25-bitangents">
          <float_array id="meshId25-bitangents-array" count="12"> 0 -0.5062 0.8624 0 -0.5062 0.8624 0 -0.5062 0.8624 0 -0.5062 0.8624 </float_array>
          <technique_common>
            <accessor count="4" offset="0" source="#meshId25-bitangents-array" stride="3">
              <param name="X" type="float" />
              <param name="Y" type="float" />
              <param name="Z" type="float" />
            </accessor>
          </technique_common>
        </source>
        <source id="meshId25-tex0" name="meshId25-tex0">
          <float_array id="meshId25-tex0-array" count="8"> 0.698432 0.258827 0.706348 0.258827 0.706348 0.266684 0.698432 0.266684 </float_array>
          <technique_common>
            <accessor count="4" offset="0" source="#meshId25-tex0-array" stride="2">
              <param name="S" type="float" />
              <param name="T" type="float" />
            </accessor>
          </technique_common>
        </source>
        <vertices id="meshId25-vertices">
          <input semantic="POSITION" source="#meshId25-positions" />
        </vertices>
        <polylist count="2" material="defaultMaterial">
          <input offset="0" semantic="VERTEX" source="#meshId25-vertices" />
          <input offset="0" semantic="NORMAL" source="#meshId25-normals" />
          <input offset="0" semantic="TANGENT" source="#meshId25-tangents" />
          <input offset="0" semantic="BINORMAL" source="#meshId25-bitangents" />
          <input offset="0" semantic="TEXCOORD" source="#meshId25-tex0" set="0" />
          <vcount>3 3 </vcount>
          <p>3 0 1 1 2 3 </p>
        </polylist>
      </mesh>
    </geometry>
    <geometry id="meshId26" name="meshId26_name" >
      <mesh>
        <source id="meshId26-positions" name="meshId26-positions">
          <float_array id="meshId26-positions-array" count="108"> 0.00227777 0.276421 0.438299 0.00227777 0.297741 0.450815 0.00227777 0.284809 0.472846 0.00227777 0.263488 0.46033 -0.0232686 0.263488 0.46033 -0.0232686 0.284809 0.472846 -0.0232686 0.297741 0.450815 -0.0232686 0.276421 0.438299 -0.0232686 0.276421 0.438299 0.00227777 0.276421 0.438299 0.00227777 0.263488 0.46033 -0.0232686 0.263488 0.46033 -0.0232686 0.276421 0.438299 -0.0232686 0.297741 0.450815 0.00227777 0.297741 0.450815 0.00227777 0.276421 0.438299 -0.0224445 0.285936 0.472552 -0.0224445 0.298035 0.451943 -0.0232686 0.297741 0.450815 -0.0232686 0.284809 0.472846 -0.0224445 0.298035 0.451943 0.00145368 0.298035 0.451943 0.00227777 0.297741 0.450815 -0.0232686 0.297741 0.450815 0.00145368 0.298035 0.451943 0.00145368 0.285936 0.472552 0.00227777 0.284809 0.472846 0.00227777 0.297741 0.450815 0.00145368 0.285936 0.472552 -0.0224445 0.285936 0.472552 -0.0232686 0.284809 0.472846 0.00227777 0.284809 0.472846 0.00227777 0.263488 0.46033 0.00227777 0.284809 0.472846 -0.0232686 0.284809 0.472846 -0.0232686 0.263488 0.46033 </float_array>
          <technique_common>
            <accessor count="36" offset="0" source="#meshId26-positions-array" stride="3">
              <param name="X" type="float" />
              <param name="Y" type="float" />
              <param name="Z" type="float" />
            </accessor>
          </technique_common>
        </source>
        <source id="meshId26-normals" name="meshId26-normals">
          <float_array id="meshId26-normals-array" count="108"> 1 0 0 1 0 0 1 0 0 1 0 0 -1 0 0 -1 0 0 -1 0 0 -1 0 0 0 -0.8624 -0.5062 0 -0.8624 -0.5062 0 -0.8624 -0.5062 0 -0.8624 -0.5062 0 0.5063 -0.8624 0 0.5063 -0.8624 0 0.5063 -0.8624 0 0.5063 -0.8624 -0.7071 0.6098 0.358 -0.7071 0.6098 0.358 -0.7071 0.6098 0.358 -0.7071 0.6098 0.358 -0 0.9678 -0.2518 -0 0.9678 -0.2518 -0 0.9678 -0.2518 -0 0.9678 -0.2518 0.7071 0.6098 0.358 0.7071 0.6098 0.358 0.7071 0.6098 0.358 0.7071 0.6098 0.358 0 0.2518 0.9678 0 0.2518 0.9678 0 0.2518 0.9678 0 0.2518 0.9678 0 -0.5063 0.8624 0 -0.5063 0.8624 0 -0.5063 0.8624 0 -0.5063 0.8624 </float_array>
          <technique_common>
            <accessor count="36" offset="0" source="#meshId26-normals-array" stride="3">
              <param name="X" type="float" />
              <param name="Y" type="float" />
              <param name="Z" type="float" />
            </accessor>
          </technique_common>
        </source>
        <source id="meshId26-tangents" name="meshId26-tangents">
          <float_array id="meshId26-tangents-array" count="108"> 0 0.506256 -0.862383 0 0.506247 -0.862389 0 0.506237 -0.862395 0 0.506246 -0.862389 0 -0.862393 -0.506238 0 -0.86239 -0.506245 0 -0.862385 -0.506252 0 -0.862389 -0.506246 1 0 0 1 0 0 1 0 0 1 0 0 0 -0.862368 -0.506281 0 -0.862368 -0.506281 0 -0.862368 -0.506281 0 -0.862368 -0.506281 -0.707117 -0.609621 -0.358257 -0.707117 -0.609773 -0.357997 -0.707117 -0.609776 -0.357991 -0.707117 -0.609628 -0.358244 -1 0 0 -1 0 0 -1 0 0 -1 0 0 1.29179e-05 0.506267 -0.862377 2.38048e-05 0.506258 -0.862382 2.40445e-05 0.506258 -0.862382 1.34664e-05 0.506267 -0.862377 -1 0 0 -1 0 0 -1 0 0 -1 0 0 0 0.862368 0.506281 0 0.862368 0.506281 0 0.862368 0.506281 0 0.862368 0.506281 </float_array>
          <technique_common>
            <accessor count="36" offset="0" source="#meshId26-tangents-array" stride="3">
              <param name="X" type="float" />
              <param name="Y" type="float" />
              <param name="Z" type="float" />
            </accessor>
          </technique_common>
        </source>
        <source id="meshId26-bitangents" name="meshId26-bitangents">
          <float_array id="meshId26-bitangents-array" count="108"> -0 0.862383 0.506256 -0 0.862389 0.506247 -0 0.862395 0.506237 -0 0.862389 0.506246 0 -0.506238 0.862393 0 -0.506245 0.86239 0 -0.506252 0.862385 0 -0.506246 0.862389 0 -0.5062 0.8624 0 -0.5062 0.8624 0 -0.5062 0.8624 0 -0.5062 0.8624 -1.00004 0 -0 -1.00004 0 -0 -1.00004 0 -0 -1.00004 0 -0 -0.000220776 -0.506471 0.862263 -7.83801e-06 -0.506288 0.862371 -3.17395e-06 -0.506284 0.862373 -0.000210091 -0.506462 0.862268 0 0.2518 0.9678 0 0.2518 0.9678 0 0.2518 0.9678 0 0.2518 0.9678 -0.707121 0.609791 0.357974 -0.707121 0.609799 0.35796 -0.707121 0.609799 0.35796 -0.707121 0.609792 0.357973 0 -0.9678 0.2518 0 -0.9678 0.2518 0 -0.9678 0.2518 0 -0.9678 0.2518 -1.00004 0 0 -1.00004 0 0 -1.00004 0 0 -1.00004 0 0 </float_array>
          <technique_common>
            <accessor count="36" offset="0" source="#meshId26-bitangents-array" stride="3">
              <param name="X" type="float" />
              <param name="Y" type="float" />
              <param name="Z" type="float" />
            </accessor>
          </technique_common>
        </source>
        <source id="meshId26-tex0" name="meshId26-tex0">
          <float_array id="meshId26-tex0-array" count="72"> 0.594736 0.389401 0.594736 0.39753 0.586274 0.39753 0.586274 0.389401 0.274873 0.768155 0.266684 0.768155 0.266684 0.759755 0.274873 0.759755 0.730298 0.239151 0.73876 0.239151 0.73876 0.247551 0.730298 0.247551 0.221458 0.815807 0.213269 0.815807 0.213269 0.807408 0.221458 0.807408 0.706348 0.266684 0.706348 0.258827 0.706621 0.258556 0.706621 0.266955 0.706348 0.258827 0.698432 0.258827 0.698159 0.258556 0.706621 0.258556 0.594463 0.397801 0.586547 0.397801 0.586274 0.39753 0.594736 0.39753 0.698432 0.266684 0.706348 0.266684 0.706621 0.266955 0.698159 0.266955 0.213269 0.782209 0.221458 0.782209 0.221458 0.790609 0.213269 0.790609 </float_array>
          <technique_common>
            <accessor count="36" offset="0" source="#meshId26-tex0-array" stride="2">
              <param name="S" type="float" />
              <param name="T" type="float" />
            </accessor>
          </technique_common>
        </source>
        <vertices id="meshId26-vertices">
          <input semantic="POSITION" source="#meshId26-positions" />
        </vertices>
        <polylist count="18" material="defaultMaterial">
          <input offset="0" semantic="VERTEX" source="#meshId26-vertices" />
          <input offset="0" semantic="NORMAL" source="#meshId26-normals" />
          <input offset="0" semantic="TANGENT" source="#meshId26-tangents" />
          <input offset="0" semantic="BINORMAL" source="#meshId26-bitangents" />
          <input offset="0" semantic="TEXCOORD" source="#meshId26-tex0" set="0" />
          <vcount>3 3 3 3 3 3 3 3 3 3 3 3 3 3 3 3 3 3 </vcount>
          <p>3 0 1 1 2 3 7 4 5 5 6 7 11 8 9 9 10 11 15 12 13 13 14 15 19 16 17 17 18 19 23 20 21 21 22 23 27 24 25 25 26 27 31 28 29 29 30 31 35 32 33 33 34 35 </p>
        </polylist>
      </mesh>
    </geometry>
    <geometry id="meshId27" name="meshId27_name" >
      <mesh>
        <source id="meshId27-positions" name="meshId27-positions">
          <float_array id="meshId27-positions-array" count="12"> -0.0341778 0.298035 0.451943 -0.0580759 0.298035 0.451943 -0.0580759 0.285936 0.472552 -0.0341778 0.285936 0.472552 </float_array>
          <technique_common>
            <accessor count="4" offset="0" source="#meshId27-positions-array" stride="3">
              <param name="X" type="float" />
              <param name="Y" type="float" />
              <param name="Z" type="float" />
            </accessor>
          </technique_common>
        </source>
        <source id="meshId27-normals" name="meshId27-normals">
          <float_array id="meshId27-normals-array" count="12"> -0 0.8624 0.5062 -0 0.8624 0.5062 -0 0.8624 0.5062 -0 0.8624 0.5062 </float_array>
          <technique_common>
            <accessor count="4" offset="0" source="#meshId27-normals-array" stride="3">
              <param name="X" type="float" />
              <param name="Y" type="float" />
              <param name="Z" type="float" />
            </accessor>
          </technique_common>
        </source>
        <source id="meshId27-tangents" name="meshId27-tangents">
          <float_array id="meshId27-tangents-array" count="12"> 1 0 0 1 0 0 1 0 0 1 0 0 </float_array>
          <technique_common>
            <accessor count="4" offset="0" source="#meshId27-tangents-array" stride="3">
              <param name="X" type="float" />
              <param name="Y" type="float" />
              <param name="Z" type="float" />
            </accessor>
          </technique_common>
        </source>
        <source id="meshId27-bitangents" name="meshId27-bitangents">
          <float_array id="meshId27-bitangents-array" count="12"> 0 0.5062 -0.8624 0 0.5062 -0.8624 0 0.5062 -0.8624 0 0.5062 -0.8624 </float_array>
          <technique_common>
            <accessor count="4" offset="0" source="#meshId27-bitangents-array" stride="3">
              <param name="X" type="float" />
              <param name="Y" type="float" />
              <param name="Z" type="float" />
            </accessor>
          </technique_common>
        </source>
        <source id="meshId27-tex0" name="meshId27-tex0">
          <float_array id="meshId27-tex0-array" count="8"> 0.738323 0.39753 0.730407 0.39753 0.730407 0.389672 0.738323 0.389672 </float_array>
          <technique_common>
            <accessor count="4" offset="0" source="#meshId27-tex0-array" stride="2">
              <param name="S" type="float" />
              <param name="T" type="float" />
            </accessor>
          </technique_common>
        </source>
        <vertices id="meshId27-vertices">
          <input semantic="POSITION" source="#meshId27-positions" />
        </vertices>
        <polylist count="2" material="defaultMaterial">
          <input offset="0" semantic="VERTEX" source="#meshId27-vertices" />
          <input offset="0" semantic="NORMAL" source="#meshId27-normals" />
          <input offset="0" semantic="TANGENT" source="#meshId27-tangents" />
          <input offset="0" semantic="BINORMAL" source="#meshId27-bitangents" />
          <input offset="0" semantic="TEXCOORD" source="#meshId27-tex0" set="0" />
          <vcount>3 3 </vcount>
          <p>3 0 1 1 2 3 </p>
        </polylist>
      </mesh>
    </geometry>
    <geometry id="meshId28" name="meshId28_name" >
      <mesh>
        <source id="meshId28-positions" name="meshId28-positions">
          <float_array id="meshId28-positions-array" count="108"> -0.0333537 0.276421 0.438299 -0.0333537 0.297741 0.450815 -0.0333537 0.284809 0.472846 -0.0333537 0.263488 0.46033 -0.0589 0.263488 0.46033 -0.0589 0.284809 0.472846 -0.0589 0.297741 0.450815 -0.0589 0.276421 0.438299 -0.0589 0.276421 0.438299 -0.0333537 0.276421 0.438299 -0.0333537 0.263488 0.46033 -0.0589 0.263488 0.46033 -0.0589 0.276421 0.438299 -0.0589 0.297741 0.450815 -0.0333537 0.297741 0.450815 -0.0333537 0.276421 0.438299 -0.0580759 0.285936 0.472552 -0.0580759 0.298035 0.451943 -0.0589 0.297741 0.450815 -0.0589 0.284809 0.472846 -0.0580759 0.298035 0.451943 -0.0341778 0.298035 0.451943 -0.0333537 0.297741 0.450815 -0.0589 0.297741 0.450815 -0.0341778 0.298035 0.451943 -0.0341778 0.285936 0.472552 -0.0333537 0.284809 0.472846 -0.0333537 0.297741 0.450815 -0.0341778 0.285936 0.472552 -0.0580759 0.285936 0.472552 -0.0589 0.284809 0.472846 -0.0333537 0.284809 0.472846 -0.0333537 0.263488 0.46033 -0.0333537 0.284809 0.472846 -0.0589 0.284809 0.472846 -0.0589 0.263488 0.46033 </float_array>
          <technique_common>
            <accessor count="36" offset="0" source="#meshId28-positions-array" stride="3">
              <param name="X" type="float" />
              <param name="Y" type="float" />
              <param name="Z" type="float" />
            </accessor>
          </technique_common>
        </source>
        <source id="meshId28-normals" name="meshId28-normals">
          <float_array id="meshId28-normals-array" count="108"> 1 0 0 1 0 0 1 0 0 1 0 0 -1 -0 0 -1 -0 0 -1 -0 0 -1 -0 0 0 -0.8624 -0.5062 0 -0.8624 -0.5062 0 -0.8624 -0.5062 0 -0.8624 -0.5062 0 0.5063 -0.8624 0 0.5063 -0.8624 0 0.5063 -0.8624 0 0.5063 -0.8624 -0.7071 0.6098 0.358 -0.7071 0.6098 0.358 -0.7071 0.6098 0.358 -0.7071 0.6098 0.358 -0 0.9678 -0.2518 -0 0.9678 -0.2518 -0 0.9678 -0.2518 -0 0.9678 -0.2518 0.7071 0.6098 0.358 0.7071 0.6098 0.358 0.7071 0.6098 0.358 0.7071 0.6098 0.358 0 0.2519 0.9678 0 0.2519 0.9678 0 0.2519 0.9678 0 0.2519 0.9678 0 -0.5063 0.8624 0 -0.5063 0.8624 0 -0.5063 0.8624 0 -0.5063 0.8624 </float_array>
          <technique_common>
            <accessor count="36" offset="0" source="#meshId28-normals-array" stride="3">
              <param name="X" type="float" />
              <param name="Y" type="float" />
              <param name="Z" type="float" />
            </accessor>
          </technique_common>
        </source>
        <source id="meshId28-tangents" name="meshId28-tangents">
          <float_array id="meshId28-tangents-array" count="108"> 0 -0.506256 0.862383 0 -0.506247 0.862389 0 -0.506237 0.862395 0 -0.506246 0.862389 0 -0.862393 -0.506239 0 -0.86239 -0.506245 0 -0.862385 -0.506252 0 -0.862389 -0.506246 1 0 0 1 0 0 1 0 0 1 0 0 0 -0.862368 -0.506281 0 -0.862368 -0.506281 0 -0.862368 -0.506281 0 -0.862368 -0.506281 0.707117 0.609626 0.358248 0.707117 0.609768 0.358005 0.707117 0.609771 0.358 0.707117 0.609633 0.358235 1 0 0 1 0 0 1 0 0 1 0 0 -1.29179e-05 -0.506267 0.862377 -2.38048e-05 -0.506258 0.862382 -2.40445e-05 -0.506258 0.862382 -1.34664e-05 -0.506267 0.862377 1 0 0 1 0 0 1 0 0 1 0 0 0 0.862368 0.506281 0 0.862368 0.506281 0 0.862368 0.506281 0 0.862368 0.506281 </float_array>
          <technique_common>
            <accessor count="36" offset="0" source="#meshId28-tangents-array" stride="3">
              <param name="X" type="float" />
              <param name="Y" type="float" />
              <param name="Z" type="float" />
            </accessor>
          </technique_common>
        </source>
        <source id="meshId28-bitangents" name="meshId28-bitangents">
          <float_array id="meshId28-bitangents-array" count="108"> 0 -0.862383 -0.506256 0 -0.862389 -0.506247 0 -0.862395 -0.506237 0 -0.862389 -0.506246 0 -0.506239 0.862393 0 -0.506245 0.86239 0 -0.506252 0.862385 0 -0.506246 0.862389 0 -0.5062 0.8624 0 -0.5062 0.8624 0 -0.5062 0.8624 0 -0.5062 0.8624 -1.00004 0 -0 -1.00004 0 -0 -1.00004 0 -0 -1.00004 0 -0 0.000213191 0.506465 -0.862267 1.46329e-05 0.506294 -0.862367 1.02669e-05 0.50629 -0.862369 0.000203177 0.506456 -0.862272 0 -0.2518 -0.9678 0 -0.2518 -0.9678 0 -0.2518 -0.9678 0 -0.2518 -0.9678 0.707121 -0.609791 -0.357974 0.707121 -0.609799 -0.35796 0.707121 -0.609799 -0.35796 0.707121 -0.609792 -0.357973 0 0.9678 -0.2519 0 0.9678 -0.2519 0 0.9678 -0.2519 0 0.9678 -0.2519 -1.00004 0 0 -1.00004 0 0 -1.00004 0 0 -1.00004 0 0 </float_array>
          <technique_common>
            <accessor count="36" offset="0" source="#meshId28-bitangents-array" stride="3">
              <param name="X" type="float" />
              <param name="Y" type="float" />
              <param name="Z" type="float" />
            </accessor>
          </technique_common>
        </source>
        <source id="meshId28-tex0" name="meshId28-tex0">
          <float_array id="meshId28-tex0-array" count="72"> 0.603199 0.397801 0.603199 0.389672 0.611661 0.389672 0.611661 0.397801 0.77179 0.247551 0.763601 0.247551 0.763601 0.239151 0.77179 0.239151 0.64551 0.389401 0.653973 0.389401 0.653973 0.397801 0.64551 0.397801 0.221458 0.799008 0.213269 0.799008 0.213269 0.790609 0.221458 0.790609 0.730407 0.389672 0.730407 0.39753 0.730134 0.397801 0.730134 0.389401 0.730407 0.39753 0.738323 0.39753 0.738596 0.397801 0.730134 0.397801 0.603472 0.389401 0.611388 0.389401 0.611661 0.389672 0.603199 0.389672 0.738323 0.389672 0.730407 0.389672 0.730134 0.389401 0.738596 0.389401 0.266684 0.768155 0.274873 0.768155 0.274873 0.776554 0.266684 0.776554 </float_array>
          <technique_common>
            <accessor count="36" offset="0" source="#meshId28-tex0-array" stride="2">
              <param name="S" type="float" />
              <param name="T" type="float" />
            </accessor>
          </technique_common>
        </source>
        <vertices id="meshId28-vertices">
          <input semantic="POSITION" source="#meshId28-positions" />
        </vertices>
        <polylist count="18" material="defaultMaterial">
          <input offset="0" semantic="VERTEX" source="#meshId28-vertices" />
          <input offset="0" semantic="NORMAL" source="#meshId28-normals" />
          <input offset="0" semantic="TANGENT" source="#meshId28-tangents" />
          <input offset="0" semantic="BINORMAL" source="#meshId28-bitangents" />
          <input offset="0" semantic="TEXCOORD" source="#meshId28-tex0" set="0" />
          <vcount>3 3 3 3 3 3 3 3 3 3 3 3 3 3 3 3 3 3 </vcount>
          <p>3 0 1 1 2 3 7 4 5 5 6 7 11 8 9 9 10 11 15 12 13 13 14 15 19 16 17 17 18 19 23 20 21 21 22 23 27 24 25 25 26 27 31 28 29 29 30 31 35 32 33 33 34 35 </p>
        </polylist>
      </mesh>
    </geometry>
    <geometry id="meshId29" name="meshId29_name" >
      <mesh>
        <source id="meshId29-positions" name="meshId29-positions">
          <float_array id="meshId29-positions-array" count="12"> -0.0666544 0.298035 0.451943 -0.0905525 0.298035 0.451943 -0.0905525 0.285936 0.472552 -0.0666544 0.285936 0.472552 </float_array>
          <technique_common>
            <accessor count="4" offset="0" source="#meshId29-positions-array" stride="3">
              <param name="X" type="float" />
              <param name="Y" type="float" />
              <param name="Z" type="float" />
            </accessor>
          </technique_common>
        </source>
        <source id="meshId29-normals" name="meshId29-normals">
          <float_array id="meshId29-normals-array" count="12"> -0 0.8624 0.5062 -0 0.8624 0.5062 -0 0.8624 0.5062 -0 0.8624 0.5062 </float_array>
          <technique_common>
            <accessor count="4" offset="0" source="#meshId29-normals-array" stride="3">
              <param name="X" type="float" />
              <param name="Y" type="float" />
              <param name="Z" type="float" />
            </accessor>
          </technique_common>
        </source>
        <source id="meshId29-tangents" name="meshId29-tangents">
          <float_array id="meshId29-tangents-array" count="12"> 0 -0.506207 0.862412 0 -0.506207 0.862412 0 -0.506207 0.862412 0 -0.506207 0.862412 </float_array>
          <technique_common>
            <accessor count="4" offset="0" source="#meshId29-tangents-array" stride="3">
              <param name="X" type="float" />
              <param name="Y" type="float" />
              <param name="Z" type="float" />
            </accessor>
          </technique_common>
        </source>
        <source id="meshId29-bitangents" name="meshId29-bitangents">
          <float_array id="meshId29-bitangents-array" count="12"> 0.999986 0 0 0.999986 0 0 0.999986 0 0 0.999986 0 0 </float_array>
          <technique_common>
            <accessor count="4" offset="0" source="#meshId29-bitangents-array" stride="3">
              <param name="X" type="float" />
              <param name="Y" type="float" />
              <param name="Z" type="float" />
            </accessor>
          </technique_common>
        </source>
        <source id="meshId29-tex0" name="meshId29-tex0">
          <float_array id="meshId29-tex0-array" count="8"> 0.68997 0.266684 0.68997 0.258827 0.697886 0.258827 0.697886 0.266684 </float_array>
          <technique_common>
            <accessor count="4" offset="0" source="#meshId29-tex0-array" stride="2">
              <param name="S" type="float" />
              <param name="T" type="float" />
            </accessor>
          </technique_common>
        </source>
        <vertices id="meshId29-vertices">
          <input semantic="POSITION" source="#meshId29-positions" />
        </vertices>
        <polylist count="2" material="defaultMaterial">
          <input offset="0" semantic="VERTEX" source="#meshId29-vertices" />
          <input offset="0" semantic="NORMAL" source="#meshId29-normals" />
          <input offset="0" semantic="TANGENT" source="#meshId29-tangents" />
          <input offset="0" semantic="BINORMAL" source="#meshId29-bitangents" />
          <input offset="0" semantic="TEXCOORD" source="#meshId29-tex0" set="0" />
          <vcount>3 3 </vcount>
          <p>3 0 1 1 2 3 </p>
        </polylist>
      </mesh>
    </geometry>
    <geometry id="meshId30" name="meshId30_name" >
      <mesh>
        <source id="meshId30-positions" name="meshId30-positions">
          <float_array id="meshId30-positions-array" count="108"> -0.0658303 0.276421 0.438299 -0.0658303 0.297741 0.450815 -0.0658303 0.284809 0.472846 -0.0658303 0.263488 0.46033 -0.0913766 0.263488 0.46033 -0.0913766 0.284809 0.472846 -0.0913766 0.297741 0.450815 -0.0913766 0.276421 0.438299 -0.0913766 0.276421 0.438299 -0.0658303 0.276421 0.438299 -0.0658303 0.263488 0.46033 -0.0913766 0.263488 0.46033 -0.0913766 0.276421 0.438299 -0.0913766 0.297741 0.450815 -0.0658303 0.297741 0.450815 -0.0658303 0.276421 0.438299 -0.0905525 0.285936 0.472552 -0.0905525 0.298035 0.451943 -0.0913766 0.297741 0.450815 -0.0913766 0.284809 0.472846 -0.0905525 0.298035 0.451943 -0.0666544 0.298035 0.451943 -0.0658303 0.297741 0.450815 -0.0913766 0.297741 0.450815 -0.0666544 0.298035 0.451943 -0.0666544 0.285936 0.472552 -0.0658303 0.284809 0.472846 -0.0658303 0.297741 0.450815 -0.0666544 0.285936 0.472552 -0.0905525 0.285936 0.472552 -0.0913766 0.284809 0.472846 -0.0658303 0.284809 0.472846 -0.0658303 0.263488 0.46033 -0.0658303 0.284809 0.472846 -0.0913766 0.284809 0.472846 -0.0913766 0.263488 0.46033 </float_array>
          <technique_common>
            <accessor count="36" offset="0" source="#meshId30-positions-array" stride="3">
              <param name="X" type="float" />
              <param name="Y" type="float" />
              <param name="Z" type="float" />
            </accessor>
          </technique_common>
        </source>
        <source id="meshId30-normals" name="meshId30-normals">
          <float_array id="meshId30-normals-array" count="108"> 1 0 0 1 0 0 1 0 0 1 0 0 -1 0 0 -1 0 0 -1 0 0 -1 0 0 0 -0.8624 -0.5062 0 -0.8624 -0.5062 0 -0.8624 -0.5062 0 -0.8624 -0.5062 0 0.5063 -0.8624 0 0.5063 -0.8624 0 0.5063 -0.8624 0 0.5063 -0.8624 -0.7071 0.6098 0.358 -0.7071 0.6098 0.358 -0.7071 0.6098 0.358 -0.7071 0.6098 0.358 -0 0.9678 -0.2518 -0 0.9678 -0.2518 -0 0.9678 -0.2518 -0 0.9678 -0.2518 0.7071 0.6098 0.358 0.7071 0.6098 0.358 0.7071 0.6098 0.358 0.7071 0.6098 0.358 0 0.2518 0.9678 0 0.2518 0.9678 0 0.2518 0.9678 0 0.2518 0.9678 0 -0.5063 0.8624 0 -0.5063 0.8624 0 -0.5063 0.8624 0 -0.5063 0.8624 </float_array>
          <technique_common>
            <accessor count="36" offset="0" source="#meshId30-normals-array" stride="3">
              <param name="X" type="float" />
              <param name="Y" type="float" />
              <param name="Z" type="float" />
            </accessor>
          </technique_common>
        </source>
        <source id="meshId30-tangents" name="meshId30-tangents">
          <float_array id="meshId30-tangents-array" count="108"> 0 0.506256 -0.862383 0 0.506247 -0.862389 0 0.506237 -0.862395 0 0.506246 -0.862389 0 -0.862393 -0.506238 0 -0.86239 -0.506245 0 -0.862385 -0.506252 0 -0.862389 -0.506246 1 0 0 1 0 0 1 0 0 1 0 0 0 0.862368 0.506281 0 0.862368 0.506281 0 0.862368 0.506281 0 0.862368 0.506281 1.29179e-05 -0.506267 0.862377 2.37636e-05 -0.506258 0.862382 2.40024e-05 -0.506258 0.862382 1.34645e-05 -0.506267 0.862377 -0.000137984 0.251795 0.967781 0.000123325 0.251795 0.967781 0.00012908 0.251795 0.967781 -0.000124814 0.251795 0.967781 1.29179e-05 0.506267 -0.862377 2.38048e-05 0.506258 -0.862382 2.40445e-05 0.506258 -0.862382 1.34665e-05 0.506267 -0.862377 -0.000138066 -0.967781 0.251795 0.000123401 -0.967781 0.251795 0.000129156 -0.967781 0.251795 -0.000124892 -0.967781 0.251795 0 0.862368 0.506281 0 0.862368 0.506281 0 0.862368 0.506281 0 0.862368 0.506281 </float_array>
          <technique_common>
            <accessor count="36" offset="0" source="#meshId30-tangents-array" stride="3">
              <param name="X" type="float" />
              <param name="Y" type="float" />
              <param name="Z" type="float" />
            </accessor>
          </technique_common>
        </source>
        <source id="meshId30-bitangents" name="meshId30-bitangents">
          <float_array id="meshId30-bitangents-array" count="108"> -0 0.862383 0.506256 -0 0.862389 0.506247 -0 0.862395 0.506237 -0 0.862389 0.506246 0 -0.506238 0.862393 0 -0.506245 0.86239 0 -0.506252 0.862385 0 -0.506246 0.862389 0 -0.5062 0.8624 0 -0.5062 0.8624 0 -0.5062 0.8624 0 -0.5062 0.8624 1.00004 -0 0 1.00004 -0 0 1.00004 -0 0 1.00004 -0 0 0.707121 0.609791 0.357974 0.707121 0.609799 0.35796 0.707121 0.609799 0.35796 0.707121 0.609792 0.357973 1.00002 3.47445e-05 0.000133541 1.00002 -3.10532e-05 -0.000119354 1.00002 -3.25024e-05 -0.000124924 1.00002 3.14282e-05 0.000120795 -0.707121 0.609791 0.357974 -0.707121 0.609799 0.35796 -0.707121 0.609799 0.35796 -0.707121 0.609792 0.357973 1.00002 -0.00013362 3.47649e-05 1.00002 0.000119428 -3.10725e-05 1.00002 0.000124997 -3.25215e-05 1.00002 -0.00012087 3.14477e-05 -1.00004 0 0 -1.00004 0 0 -1.00004 0 0 -1.00004 0 0 </float_array>
          <technique_common>
            <accessor count="36" offset="0" source="#meshId30-bitangents-array" stride="3">
              <param name="X" type="float" />
              <param name="Y" type="float" />
              <param name="Z" type="float" />
            </accessor>
          </technique_common>
        </source>
        <source id="meshId30-tex0" name="meshId30-tex0">
          <float_array id="meshId30-tex0-array" count="72"> 0.603199 0.389401 0.603199 0.39753 0.594736 0.39753 0.594736 0.389401 0.221458 0.77381 0.213269 0.77381 0.213269 0.76541 0.221458 0.76541 0.723546 0.258556 0.732008 0.258556 0.732008 0.266955 0.723546 0.266955 0.266684 0.810152 0.274873 0.810152 0.274873 0.818551 0.266684 0.818551 0.697886 0.258827 0.68997 0.258827 0.689697 0.258556 0.698159 0.258556 0.68997 0.258827 0.68997 0.266684 0.689697 0.266955 0.689697 0.258556 0.602926 0.397801 0.595009 0.397801 0.594736 0.39753 0.603199 0.39753 0.697886 0.266684 0.697886 0.258827 0.698159 0.258556 0.698159 0.266955 0.213269 0.77381 0.221458 0.77381 0.221458 0.782209 0.213269 0.782209 </float_array>
          <technique_common>
            <accessor count="36" offset="0" source="#meshId30-tex0-array" stride="2">
              <param name="S" type="float" />
              <param name="T" type="float" />
            </accessor>
          </technique_common>
        </source>
        <vertices id="meshId30-vertices">
          <input semantic="POSITION" source="#meshId30-positions" />
        </vertices>
        <polylist count="18" material="defaultMaterial">
          <input offset="0" semantic="VERTEX" source="#meshId30-vertices" />
          <input offset="0" semantic="NORMAL" source="#meshId30-normals" />
          <input offset="0" semantic="TANGENT" source="#meshId30-tangents" />
          <input offset="0" semantic="BINORMAL" source="#meshId30-bitangents" />
          <input offset="0" semantic="TEXCOORD" source="#meshId30-tex0" set="0" />
          <vcount>3 3 3 3 3 3 3 3 3 3 3 3 3 3 3 3 3 3 </vcount>
          <p>3 0 1 1 2 3 7 4 5 5 6 7 11 8 9 9 10 11 15 12 13 13 14 15 19 16 17 17 18 19 23 20 21 21 22 23 27 24 25 25 26 27 31 28 29 29 30 31 35 32 33 33 34 35 </p>
        </polylist>
      </mesh>
    </geometry>
    <geometry id="meshId31" name="meshId31_name" >
      <mesh>
        <source id="meshId31-positions" name="meshId31-positions">
          <float_array id="meshId31-positions-array" count="108"> 0.0839821 0.315149 0.376547 0.0839821 0.331863 0.387371 0.0839821 0.320477 0.404951 0.0839821 0.303764 0.394126 0.0249642 0.303764 0.394126 0.0249642 0.320477 0.404951 0.0249642 0.331863 0.387371 0.0249642 0.315149 0.376547 0.0249642 0.315149 0.376547 0.0839821 0.315149 0.376547 0.0839821 0.303764 0.394126 0.0249642 0.303764 0.394126 0.0249642 0.315149 0.376547 0.0249642 0.331863 0.387371 0.0839821 0.331863 0.387371 0.0839821 0.315149 0.376547 0.0259961 0.321904 0.404646 0.0259961 0.332168 0.388798 0.0249642 0.331863 0.387371 0.0249642 0.320477 0.404951 0.0259961 0.332168 0.388798 0.0829502 0.332168 0.388798 0.0839821 0.331863 0.387371 0.0249642 0.331863 0.387371 0.0829502 0.332168 0.388798 0.0829502 0.321904 0.404646 0.0839821 0.320477 0.404951 0.0839821 0.331863 0.387371 0.0829502 0.321904 0.404646 0.0259961 0.321904 0.404646 0.0249642 0.320477 0.404951 0.0839821 0.320477 0.404951 0.0839821 0.303764 0.394126 0.0839821 0.320477 0.404951 0.0249642 0.320477 0.404951 0.0249642 0.303764 0.394126 </float_array>
          <technique_common>
            <accessor count="36" offset="0" source="#meshId31-positions-array" stride="3">
              <param name="X" type="float" />
              <param name="Y" type="float" />
              <param name="Z" type="float" />
            </accessor>
          </technique_common>
        </source>
        <source id="meshId31-normals" name="meshId31-normals">
          <float_array id="meshId31-normals-array" count="108"> 1 -0 0 1 -0 0 1 -0 0 1 -0 0 -1 -0 0 -1 -0 0 -1 -0 0 -1 -0 0 0 -0.8393 -0.5436 0 -0.8393 -0.5436 0 -0.8393 -0.5436 0 -0.8393 -0.5436 0 0.5436 -0.8393 0 0.5436 -0.8393 0 0.5436 -0.8393 0 0.5436 -0.8393 -0.7071 0.5935 0.3844 -0.7071 0.5935 0.3844 -0.7071 0.5935 0.3844 -0.7071 0.5935 0.3844 0 0.9779 -0.2091 0 0.9779 -0.2091 0 0.9779 -0.2091 0 0.9779 -0.2091 0.7071 0.5935 0.3844 0.7071 0.5935 0.3844 0.7071 0.5935 0.3844 0.7071 0.5935 0.3844 0 0.2091 0.9779 0 0.2091 0.9779 0 0.2091 0.9779 0 0.2091 0.9779 0 -0.5436 0.8394 0 -0.5436 0.8394 0 -0.5436 0.8394 0 -0.5436 0.8394 </float_array>
          <technique_common>
            <accessor count="36" offset="0" source="#meshId31-normals-array" stride="3">
              <param name="X" type="float" />
              <param name="Y" type="float" />
              <param name="Z" type="float" />
            </accessor>
          </technique_common>
        </source>
        <source id="meshId31-tangents" name="meshId31-tangents">
          <float_array id="meshId31-tangents-array" count="108"> 0 -0.839351 -0.54359 0 -0.839344 -0.543601 0 -0.839336 -0.543613 0 -0.839343 -0.543602 0 -0.543603 0.839342 0 -0.543597 0.839346 0 -0.54359 0.839351 0 -0.543596 0.839347 0 -0.54362 0.839331 0 -0.54362 0.839331 0 -0.54362 0.839331 0 -0.54362 0.839331 0 0.839331 0.54362 0 0.839331 0.54362 0 0.839331 0.54362 0 0.839331 0.54362 1.27072e-05 -0.54361 0.839338 1.78806e-05 -0.543606 0.839341 1.80598e-05 -0.543605 0.839341 1.31171e-05 -0.54361 0.839338 0.0005544 0.209099 0.977894 0.00152574 0.209099 0.977893 0.00153705 0.209099 0.977893 0.000580283 0.209099 0.977894 0.707112 -0.593173 -0.384887 0.707112 -0.593851 -0.383841 0.707112 -0.593874 -0.383805 0.707112 -0.593227 -0.384804 -0.000556998 0.977894 -0.209099 -0.00152831 0.977893 -0.209099 -0.00153963 0.977893 -0.209099 -0.000582878 0.977894 -0.209099 0 0.839361 0.543575 0 0.839361 0.543575 0 0.839361 0.543575 0 0.839361 0.543575 </float_array>
          <technique_common>
            <accessor count="36" offset="0" source="#meshId31-tangents-array" stride="3">
              <param name="X" type="float" />
              <param name="Y" type="float" />
              <param name="Z" type="float" />
            </accessor>
          </technique_common>
        </source>
        <source id="meshId31-bitangents" name="meshId31-bitangents">
          <float_array id="meshId31-bitangents-array" count="108"> 0 0.54359 -0.839351 0 0.543601 -0.839344 0 0.543613 -0.839336 0 0.543602 -0.839343 0 0.839342 0.543603 0 0.839346 0.543597 0 0.839351 0.54359 0 0.839347 0.543596 -0.999963 -0 0 -0.999963 -0 0 -0.999963 -0 0 -0.999963 -0 0 0.999963 -0 0 0.999963 -0 0 0.999963 -0 0 0.999963 -0 0 0.707111 0.593501 0.384379 0.707111 0.593505 0.384373 0.707111 0.593505 0.384373 0.707111 0.593501 0.384379 1.00001 -0.000115925 -0.000542148 1 -0.000319032 -0.00149202 1 -0.000321397 -0.00150308 1.00001 -0.000121337 -0.000567459 -0.00041464 0.543967 -0.839104 0.000466794 0.543228 -0.839583 0.000497282 0.543202 -0.839599 -0.000344813 0.543909 -0.839142 -1.00001 -0.000544688 0.000116468 -1 -0.00149454 0.00031957 -1 -0.0015056 0.000321936 -1.00001 -0.000569997 0.00012188 -1.00005 0 0 -1.00005 0 0 -1.00005 0 0 -1.00005 0 0 </float_array>
          <technique_common>
            <accessor count="36" offset="0" source="#meshId31-bitangents-array" stride="3">
              <param name="X" type="float" />
              <param name="Y" type="float" />
              <param name="Z" type="float" />
            </accessor>
          </technique_common>
        </source>
        <source id="meshId31-tex0" name="meshId31-tex0">
          <float_array id="meshId31-tex0-array" count="72"> 0.696635 0.273841 0.690039 0.273841 0.690039 0.266955 0.696635 0.266955 0.703573 0.266955 0.703573 0.273502 0.696635 0.273502 0.696635 0.266955 0.703573 0.258556 0.703573 0.239151 0.710511 0.239151 0.710511 0.258556 0.696635 0.239151 0.703231 0.239151 0.703231 0.258556 0.696635 0.258556 0.703231 0.273842 0.696977 0.273842 0.696635 0.273502 0.703573 0.273502 0.703573 0.23949 0.703573 0.258216 0.703231 0.258556 0.703231 0.239151 0.689697 0.273502 0.689697 0.267294 0.690039 0.266955 0.690039 0.273841 0.696635 0.23949 0.696635 0.258216 0.696293 0.258556 0.696293 0.239151 0.689697 0.239151 0.696293 0.239151 0.696293 0.258556 0.689697 0.258556 </float_array>
          <technique_common>
            <accessor count="36" offset="0" source="#meshId31-tex0-array" stride="2">
              <param name="S" type="float" />
              <param name="T" type="float" />
            </accessor>
          </technique_common>
        </source>
        <vertices id="meshId31-vertices">
          <input semantic="POSITION" source="#meshId31-positions" />
        </vertices>
        <polylist count="18" material="defaultMaterial">
          <input offset="0" semantic="VERTEX" source="#meshId31-vertices" />
          <input offset="0" semantic="NORMAL" source="#meshId31-normals" />
          <input offset="0" semantic="TANGENT" source="#meshId31-tangents" />
          <input offset="0" semantic="BINORMAL" source="#meshId31-bitangents" />
          <input offset="0" semantic="TEXCOORD" source="#meshId31-tex0" set="0" />
          <vcount>3 3 3 3 3 3 3 3 3 3 3 3 3 3 3 3 3 3 </vcount>
          <p>3 0 1 1 2 3 7 4 5 5 6 7 11 8 9 9 10 11 15 12 13 13 14 15 19 16 17 17 18 19 23 20 21 21 22 23 27 24 25 25 26 27 31 28 29 29 30 31 35 32 33 33 34 35 </p>
        </polylist>
      </mesh>
    </geometry>
    <geometry id="meshId32" name="meshId32_name" >
      <mesh>
        <source id="meshId32-positions" name="meshId32-positions">
          <float_array id="meshId32-positions-array" count="12"> 0.0829502 0.332168 0.388798 0.0259961 0.332168 0.388798 0.0259961 0.321904 0.404646 0.0829502 0.321904 0.404646 </float_array>
          <technique_common>
            <accessor count="4" offset="0" source="#meshId32-positions-array" stride="3">
              <param name="X" type="float" />
              <param name="Y" type="float" />
              <param name="Z" type="float" />
            </accessor>
          </technique_common>
        </source>
        <source id="meshId32-normals" name="meshId32-normals">
          <float_array id="meshId32-normals-array" count="12"> 0 0.8394 0.5436 0 0.8394 0.5436 0 0.8394 0.5436 0 0.8394 0.5436 </float_array>
          <technique_common>
            <accessor count="4" offset="0" source="#meshId32-normals-array" stride="3">
              <param name="X" type="float" />
              <param name="Y" type="float" />
              <param name="Z" type="float" />
            </accessor>
          </technique_common>
        </source>
        <source id="meshId32-tangents" name="meshId32-tangents">
          <float_array id="meshId32-tangents-array" count="12"> 0 0.543575 -0.839361 0 0.543575 -0.839361 0 0.543575 -0.839361 0 0.543575 -0.839361 </float_array>
          <technique_common>
            <accessor count="4" offset="0" source="#meshId32-tangents-array" stride="3">
              <param name="X" type="float" />
              <param name="Y" type="float" />
              <param name="Z" type="float" />
            </accessor>
          </technique_common>
        </source>
        <source id="meshId32-bitangents" name="meshId32-bitangents">
          <float_array id="meshId32-bitangents-array" count="12"> -1.00005 0 0 -1.00005 0 0 -1.00005 0 0 -1.00005 0 0 </float_array>
          <technique_common>
            <accessor count="4" offset="0" source="#meshId32-bitangents-array" stride="3">
              <param name="X" type="float" />
              <param name="Y" type="float" />
              <param name="Z" type="float" />
            </accessor>
          </technique_common>
        </source>
        <source id="meshId32-tex0" name="meshId32-tex0">
          <float_array id="meshId32-tex0-array" count="8"> 0.730298 0.239151 0.730298 0.257877 0.724044 0.257877 0.724044 0.239151 </float_array>
          <technique_common>
            <accessor count="4" offset="0" source="#meshId32-tex0-array" stride="2">
              <param name="S" type="float" />
              <param name="T" type="float" />
            </accessor>
          </technique_common>
        </source>
        <vertices id="meshId32-vertices">
          <input semantic="POSITION" source="#meshId32-positions" />
        </vertices>
        <polylist count="2" material="defaultMaterial">
          <input offset="0" semantic="VERTEX" source="#meshId32-vertices" />
          <input offset="0" semantic="NORMAL" source="#meshId32-normals" />
          <input offset="0" semantic="TANGENT" source="#meshId32-tangents" />
          <input offset="0" semantic="BINORMAL" source="#meshId32-bitangents" />
          <input offset="0" semantic="TEXCOORD" source="#meshId32-tex0" set="0" />
          <vcount>3 3 </vcount>
          <p>3 0 1 1 2 3 </p>
        </polylist>
      </mesh>
    </geometry>
    <geometry id="meshId33" name="meshId33_name" >
      <mesh>
        <source id="meshId33-positions" name="meshId33-positions">
          <float_array id="meshId33-positions-array" count="108"> 0.0839821 0.285394 0.426098 0.0839821 0.302105 0.436921 0.0839821 0.29072 0.4545 0.0839821 0.274008 0.443678 0.0249642 0.274008 0.443678 0.0249642 0.29072 0.4545 0.0249642 0.302105 0.436921 0.0249642 0.285394 0.426098 0.0249642 0.285394 0.426098 0.0839821 0.285394 0.426098 0.0839821 0.274008 0.443678 0.0249642 0.274008 0.443678 0.0249642 0.285394 0.426098 0.0249642 0.302105 0.436921 0.0839821 0.302105 0.436921 0.0839821 0.285394 0.426098 0.0259995 0.292151 0.454194 0.0259995 0.302411 0.438352 0.0249642 0.302105 0.436921 0.0249642 0.29072 0.4545 0.0259995 0.302411 0.438352 0.0829474 0.302411 0.438352 0.0839821 0.302105 0.436921 0.0249642 0.302105 0.436921 0.0829474 0.302411 0.438352 0.0829474 0.292151 0.454194 0.0839821 0.29072 0.4545 0.0839821 0.302105 0.436921 0.0829474 0.292151 0.454194 0.0259995 0.292151 0.454194 0.0249642 0.29072 0.4545 0.0839821 0.29072 0.4545 0.0839821 0.274008 0.443678 0.0839821 0.29072 0.4545 0.0249642 0.29072 0.4545 0.0249642 0.274008 0.443678 </float_array>
          <technique_common>
            <accessor count="36" offset="0" source="#meshId33-positions-array" stride="3">
              <param name="X" type="float" />
              <param name="Y" type="float" />
              <param name="Z" type="float" />
            </accessor>
          </technique_common>
        </source>
        <source id="meshId33-normals" name="meshId33-normals">
          <float_array id="meshId33-normals-array" count="108"> 1 0 0 1 0 0 1 0 0 1 0 0 -1 0 0 -1 0 0 -1 0 0 -1 0 0 0 -0.8394 -0.5436 0 -0.8394 -0.5436 0 -0.8394 -0.5436 0 -0.8394 -0.5436 0 0.5436 -0.8394 0 0.5436 -0.8394 0 0.5436 -0.8394 0 0.5436 -0.8394 -0.7071 0.5935 0.3844 -0.7071 0.5935 0.3844 -0.7071 0.5935 0.3844 -0.7071 0.5935 0.3844 0 0.9779 -0.2091 0 0.9779 -0.2091 0 0.9779 -0.2091 0 0.9779 -0.2091 0.7071 0.5935 0.3844 0.7071 0.5935 0.3844 0.7071 0.5935 0.3844 0.7071 0.5935 0.3844 0 0.2091 0.9779 0 0.2091 0.9779 0 0.2091 0.9779 0 0.2091 0.9779 0 -0.5436 0.8394 0 -0.5436 0.8394 0 -0.5436 0.8394 0 -0.5436 0.8394 </float_array>
          <technique_common>
            <accessor count="36" offset="0" source="#meshId33-normals-array" stride="3">
              <param name="X" type="float" />
              <param name="Y" type="float" />
              <param name="Z" type="float" />
            </accessor>
          </technique_common>
        </source>
        <source id="meshId33-tangents" name="meshId33-tangents">
          <float_array id="meshId33-tangents-array" count="108"> 0 -0.839351 -0.543589 0 -0.839359 -0.543577 0 -0.839367 -0.543564 0 -0.83936 -0.543576 0 0.839367 0.543564 0 0.83936 0.543576 0 0.839351 0.543589 0 0.839359 0.543577 0 -0.543575 0.839361 0 -0.543575 0.839361 0 -0.543575 0.839361 0 -0.543575 0.839361 0 0.839361 0.543575 0 0.839361 0.543575 0 0.839361 0.543575 0 0.839361 0.543575 -1.0368e-05 0.543612 -0.839337 -9.14608e-06 0.543613 -0.839336 -9.10363e-06 0.543613 -0.839336 -1.02709e-05 0.543612 -0.839337 -0.000896423 -0.209099 -0.977894 0.000381205 -0.209099 -0.977894 0.000396127 -0.209099 -0.977894 -0.000862269 -0.209099 -0.977894 1.03891e-05 0.543612 -0.839337 9.1875e-06 0.543613 -0.839336 9.14578e-06 0.543613 -0.839336 1.02936e-05 0.543612 -0.839337 -0.000419188 0.977894 -0.209099 0.000858441 0.977894 -0.209099 0.000873361 0.977894 -0.209099 -0.000385047 0.977894 -0.209099 0 0.839361 0.543575 0 0.839361 0.543575 0 0.839361 0.543575 0 0.839361 0.543575 </float_array>
          <technique_common>
            <accessor count="36" offset="0" source="#meshId33-tangents-array" stride="3">
              <param name="X" type="float" />
              <param name="Y" type="float" />
              <param name="Z" type="float" />
            </accessor>
          </technique_common>
        </source>
        <source id="meshId33-bitangents" name="meshId33-bitangents">
          <float_array id="meshId33-bitangents-array" count="108"> 0 0.543589 -0.839351 0 0.543577 -0.839359 0 0.543564 -0.839367 0 0.543576 -0.83936 0 0.543564 -0.839367 0 0.543576 -0.83936 0 0.543589 -0.839351 0 0.543577 -0.839359 -1.00005 -0 0 -1.00005 -0 0 -1.00005 -0 0 -1.00005 -0 0 1.00005 -0 0 1.00005 -0 0 1.00005 -0 0 1.00005 -0 0 -0.707111 -0.593499 -0.384382 -0.707111 -0.593498 -0.384383 -0.707111 -0.593498 -0.384383 -0.707111 -0.593499 -0.384382 -1.00001 0.000187442 0.000876612 -1.00001 -7.97099e-05 -0.00037278 -1.00001 -8.28301e-05 -0.000387372 -1.00001 0.0001803 0.000843213 -0.707111 0.593499 0.384382 -0.707111 0.593498 0.384383 -0.707111 0.593498 0.384383 -0.707111 0.593499 0.384382 -1.00001 -0.000409924 8.76523e-05 -1.00001 0.00083947 -0.0001795 -1.00001 0.00085406 -0.00018262 -1.00001 -0.000376537 8.05133e-05 -1.00005 0 0 -1.00005 0 0 -1.00005 0 0 -1.00005 0 0 </float_array>
          <technique_common>
            <accessor count="36" offset="0" source="#meshId33-bitangents-array" stride="3">
              <param name="X" type="float" />
              <param name="Y" type="float" />
              <param name="Z" type="float" />
            </accessor>
          </technique_common>
        </source>
        <source id="meshId33-tex0" name="meshId33-tex0">
          <float_array id="meshId33-tex0-array" count="72"> 0.710168 0.273842 0.703573 0.273842 0.703573 0.266955 0.710168 0.266955 0.710168 0.266955 0.716763 0.266955 0.716763 0.273841 0.710168 0.273841 0.710511 0.258556 0.710511 0.239151 0.717449 0.239151 0.717449 0.258556 0.266208 0.69531 0.272804 0.69531 0.272804 0.714715 0.266208 0.714715 0.266551 0.69497 0.272804 0.69497 0.273146 0.69531 0.266208 0.69531 0.272804 0.69497 0.272804 0.676246 0.273146 0.675906 0.273146 0.69531 0.272804 0.676246 0.266551 0.676246 0.266208 0.675906 0.273146 0.675906 0.266551 0.676246 0.266551 0.69497 0.266208 0.69531 0.266208 0.675906 0.717449 0.239151 0.724044 0.239151 0.724044 0.258556 0.717449 0.258556 </float_array>
          <technique_common>
            <accessor count="36" offset="0" source="#meshId33-tex0-array" stride="2">
              <param name="S" type="float" />
              <param name="T" type="float" />
            </accessor>
          </technique_common>
        </source>
        <vertices id="meshId33-vertices">
          <input semantic="POSITION" source="#meshId33-positions" />
        </vertices>
        <polylist count="18" material="defaultMaterial">
          <input offset="0" semantic="VERTEX" source="#meshId33-vertices" />
          <input offset="0" semantic="NORMAL" source="#meshId33-normals" />
          <input offset="0" semantic="TANGENT" source="#meshId33-tangents" />
          <input offset="0" semantic="BINORMAL" source="#meshId33-bitangents" />
          <input offset="0" semantic="TEXCOORD" source="#meshId33-tex0" set="0" />
          <vcount>3 3 3 3 3 3 3 3 3 3 3 3 3 3 3 3 3 3 </vcount>
          <p>3 0 1 1 2 3 7 4 5 5 6 7 11 8 9 9 10 11 15 12 13 13 14 15 19 16 17 17 18 19 23 20 21 21 22 23 27 24 25 25 26 27 31 28 29 29 30 31 35 32 33 33 34 35 </p>
        </polylist>
      </mesh>
    </geometry>
    <geometry id="meshId34" name="meshId34_name" >
      <mesh>
        <source id="meshId34-positions" name="meshId34-positions">
          <float_array id="meshId34-positions-array" count="12"> 0.0829474 0.302411 0.438352 0.0259995 0.302411 0.438352 0.0259995 0.292151 0.454194 0.0829474 0.292151 0.454194 </float_array>
          <technique_common>
            <accessor count="4" offset="0" source="#meshId34-positions-array" stride="3">
              <param name="X" type="float" />
              <param name="Y" type="float" />
              <param name="Z" type="float" />
            </accessor>
          </technique_common>
        </source>
        <source id="meshId34-normals" name="meshId34-normals">
          <float_array id="meshId34-normals-array" count="12"> 0 0.8394 0.5436 0 0.8394 0.5436 0 0.8394 0.5436 0 0.8394 0.5436 </float_array>
          <technique_common>
            <accessor count="4" offset="0" source="#meshId34-normals-array" stride="3">
              <param name="X" type="float" />
              <param name="Y" type="float" />
              <param name="Z" type="float" />
            </accessor>
          </technique_common>
        </source>
        <source id="meshId34-tangents" name="meshId34-tangents">
          <float_array id="meshId34-tangents-array" count="12"> 0 0.543575 -0.839361 0 0.543575 -0.839361 0 0.543575 -0.839361 0 0.543575 -0.839361 </float_array>
          <technique_common>
            <accessor count="4" offset="0" source="#meshId34-tangents-array" stride="3">
              <param name="X" type="float" />
              <param name="Y" type="float" />
              <param name="Z" type="float" />
            </accessor>
          </technique_common>
        </source>
        <source id="meshId34-bitangents" name="meshId34-bitangents">
          <float_array id="meshId34-bitangents-array" count="12"> -1.00005 0 0 -1.00005 0 0 -1.00005 0 0 -1.00005 0 0 </float_array>
          <technique_common>
            <accessor count="4" offset="0" source="#meshId34-bitangents-array" stride="3">
              <param name="X" type="float" />
              <param name="Y" type="float" />
              <param name="Z" type="float" />
            </accessor>
          </technique_common>
        </source>
        <source id="meshId34-tex0" name="meshId34-tex0">
          <float_array id="meshId34-tex0-array" count="8"> 0.272804 0.676246 0.272804 0.69497 0.266551 0.69497 0.266551 0.676246 </float_array>
          <technique_common>
            <accessor count="4" offset="0" source="#meshId34-tex0-array" stride="2">
              <param name="S" type="float" />
              <param name="T" type="float" />
            </accessor>
          </technique_common>
        </source>
        <vertices id="meshId34-vertices">
          <input semantic="POSITION" source="#meshId34-positions" />
        </vertices>
        <polylist count="2" material="defaultMaterial">
          <input offset="0" semantic="VERTEX" source="#meshId34-vertices" />
          <input offset="0" semantic="NORMAL" source="#meshId34-normals" />
          <input offset="0" semantic="TANGENT" source="#meshId34-tangents" />
          <input offset="0" semantic="BINORMAL" source="#meshId34-bitangents" />
          <input offset="0" semantic="TEXCOORD" source="#meshId34-tex0" set="0" />
          <vcount>3 3 </vcount>
          <p>3 0 1 1 2 3 </p>
        </polylist>
      </mesh>
    </geometry>
  </library_geometries>
  <library_visual_scenes>
    <visual_scene id="Hand%20scanner2.obj" name="Hand%20scanner2.obj">
      <node id="Cube" name="Cube">
        <matrix>1 0 0 0 0 1 0 0 0 0 1 0 0 0 0 1</matrix>
        <instance_geometry url="#meshId0">
          <bind_material>
            <technique_common>
              <instance_material symbol="defaultMaterial" target="#Hand_scanner" />
            </technique_common>
          </bind_material>
        </instance_geometry>
        <instance_geometry url="#meshId1">
          <bind_material>
            <technique_common>
              <instance_material symbol="defaultMaterial" target="#Hand" />
            </technique_common>
          </bind_material>
        </instance_geometry>
        <instance_geometry url="#meshId2">
          <bind_material>
            <technique_common>
              <instance_material symbol="defaultMaterial" target="#hand_box" />
            </technique_common>
          </bind_material>
        </instance_geometry>
      </node>
      <node id="BezierCurve" name="BezierCurve">
        <matrix>1 0 0 0 0 1 0 0 0 0 1 0 0 0 0 1</matrix>
        <instance_geometry url="#meshId3">
          <bind_material>
            <technique_common>
              <instance_material symbol="defaultMaterial" target="#Pipe" />
            </technique_common>
          </bind_material>
        </instance_geometry>
      </node>
      <node id="Plane" name="Plane">
        <matrix>1 0 0 0 0 1 0 0 0 0 1 0 0 0 0 1</matrix>
        <instance_geometry url="#meshId4">
          <bind_material>
            <technique_common>
              <instance_material symbol="defaultMaterial" target="#Backplate" />
            </technique_common>
          </bind_material>
        </instance_geometry>
        <instance_geometry url="#meshId5">
          <bind_material>
            <technique_common>
              <instance_material symbol="defaultMaterial" target="#edge_of_backplate" />
            </technique_common>
          </bind_material>
        </instance_geometry>
        <instance_geometry url="#meshId6">
          <bind_material>
            <technique_common>
              <instance_material symbol="defaultMaterial" target="#Backplate_insert" />
            </technique_common>
          </bind_material>
        </instance_geometry>
      </node>
      <node id="Cube.002" name="Cube.002">
        <matrix>1 0 0 0 0 1 0 0 0 0 1 0 0 0 0 1</matrix>
        <instance_geometry url="#meshId7">
          <bind_material>
            <technique_common>
              <instance_material symbol="defaultMaterial" target="#Side_button" />
            </technique_common>
          </bind_material>
        </instance_geometry>
        <instance_geometry url="#meshId8">
          <bind_material>
            <technique_common>
              <instance_material symbol="defaultMaterial" target="#Top_plate" />
            </technique_common>
          </bind_material>
        </instance_geometry>
      </node>
      <node id="Cube.003" name="Cube.003">
        <matrix>1 0 0 0 0 1 0 0 0 0 1 0 0 0 0 1</matrix>
        <instance_geometry url="#meshId9">
          <bind_material>
            <technique_common>
              <instance_material symbol="defaultMaterial" target="#Top_plate" />
            </technique_common>
          </bind_material>
        </instance_geometry>
        <instance_geometry url="#meshId10">
          <bind_material>
            <technique_common>
              <instance_material symbol="defaultMaterial" target="#Side_button" />
            </technique_common>
          </bind_material>
        </instance_geometry>
      </node>
      <node id="Cube.004" name="Cube.004">
        <matrix>1 0 0 0 0 1 0 0 0 0 1 0 0 0 0 1</matrix>
        <instance_geometry url="#meshId11">
          <bind_material>
            <technique_common>
              <instance_material symbol="defaultMaterial" target="#Top_plate" />
            </technique_common>
          </bind_material>
        </instance_geometry>
        <instance_geometry url="#meshId12">
          <bind_material>
            <technique_common>
              <instance_material symbol="defaultMaterial" target="#Side_button" />
            </technique_common>
          </bind_material>
        </instance_geometry>
      </node>
      <node id="Cube.005" name="Cube.005">
        <matrix>1 0 0 0 0 1 0 0 0 0 1 0 0 0 0 1</matrix>
        <instance_geometry url="#meshId13">
          <bind_material>
            <technique_common>
              <instance_material symbol="defaultMaterial" target="#Top_plate" />
            </technique_common>
          </bind_material>
        </instance_geometry>
        <instance_geometry url="#meshId14">
          <bind_material>
            <technique_common>
              <instance_material symbol="defaultMaterial" target="#Side_button" />
            </technique_common>
          </bind_material>
        </instance_geometry>
      </node>
      <node id="Cube.006" name="Cube.006">
        <matrix>1 0 0 0 0 1 0 0 0 0 1 0 0 0 0 1</matrix>
        <instance_geometry url="#meshId15">
          <bind_material>
            <technique_common>
              <instance_material symbol="defaultMaterial" target="#Top_plate" />
            </technique_common>
          </bind_material>
        </instance_geometry>
        <instance_geometry url="#meshId16">
          <bind_material>
            <technique_common>
              <instance_material symbol="defaultMaterial" target="#Side_button" />
            </technique_common>
          </bind_material>
        </instance_geometry>
      </node>
      <node id="Cube.007" name="Cube.007">
        <matrix>1 0 0 0 0 1 0 0 0 0 1 0 0 0 0 1</matrix>
        <instance_geometry url="#meshId17">
          <bind_material>
            <technique_common>
              <instance_material symbol="defaultMaterial" target="#Top_plate" />
            </technique_common>
          </bind_material>
        </instance_geometry>
        <instance_geometry url="#meshId18">
          <bind_material>
            <technique_common>
              <instance_material symbol="defaultMaterial" target="#Side_button" />
            </technique_common>
          </bind_material>
        </instance_geometry>
      </node>
      <node id="Cube.008" name="Cube.008">
        <matrix>1 0 0 0 0 1 0 0 0 0 1 0 0 0 0 1</matrix>
        <instance_geometry url="#meshId19">
          <bind_material>
            <technique_common>
              <instance_material symbol="defaultMaterial" target="#Top_plate" />
            </technique_common>
          </bind_material>
        </instance_geometry>
        <instance_geometry url="#meshId20">
          <bind_material>
            <technique_common>
              <instance_material symbol="defaultMaterial" target="#Side_button" />
            </technique_common>
          </bind_material>
        </instance_geometry>
      </node>
      <node id="Cube.009" name="Cube.009">
        <matrix>1 0 0 0 0 1 0 0 0 0 1 0 0 0 0 1</matrix>
        <instance_geometry url="#meshId21">
          <bind_material>
            <technique_common>
              <instance_material symbol="defaultMaterial" target="#Top_plate" />
            </technique_common>
          </bind_material>
        </instance_geometry>
        <instance_geometry url="#meshId22">
          <bind_material>
            <technique_common>
              <instance_material symbol="defaultMaterial" target="#Side_button" />
            </technique_common>
          </bind_material>
        </instance_geometry>
      </node>
      <node id="Cube.010" name="Cube.010">
        <matrix>1 0 0 0 0 1 0 0 0 0 1 0 0 0 0 1</matrix>
        <instance_geometry url="#meshId23">
          <bind_material>
            <technique_common>
              <instance_material symbol="defaultMaterial" target="#Top_plate" />
            </technique_common>
          </bind_material>
        </instance_geometry>
        <instance_geometry url="#meshId24">
          <bind_material>
            <technique_common>
              <instance_material symbol="defaultMaterial" target="#Side_button" />
            </technique_common>
          </bind_material>
        </instance_geometry>
      </node>
      <node id="Cube.011" name="Cube.011">
        <matrix>1 0 0 0 0 1 0 0 0 0 1 0 0 0 0 1</matrix>
        <instance_geometry url="#meshId25">
          <bind_material>
            <technique_common>
              <instance_material symbol="defaultMaterial" target="#Top_plate" />
            </technique_common>
          </bind_material>
        </instance_geometry>
        <instance_geometry url="#meshId26">
          <bind_material>
            <technique_common>
              <instance_material symbol="defaultMaterial" target="#Side_button" />
            </technique_common>
          </bind_material>
        </instance_geometry>
      </node>
      <node id="Cube.012" name="Cube.012">
        <matrix>1 0 0 0 0 1 0 0 0 0 1 0 0 0 0 1</matrix>
        <instance_geometry url="#meshId27">
          <bind_material>
            <technique_common>
              <instance_material symbol="defaultMaterial" target="#Top_plate" />
            </technique_common>
          </bind_material>
        </instance_geometry>
        <instance_geometry url="#meshId28">
          <bind_material>
            <technique_common>
              <instance_material symbol="defaultMaterial" target="#Side_button" />
            </technique_common>
          </bind_material>
        </instance_geometry>
      </node>
      <node id="Cube.013" name="Cube.013">
        <matrix>1 0 0 0 0 1 0 0 0 0 1 0 0 0 0 1</matrix>
        <instance_geometry url="#meshId29">
          <bind_material>
            <technique_common>
              <instance_material symbol="defaultMaterial" target="#Top_plate" />
            </technique_common>
          </bind_material>
        </instance_geometry>
        <instance_geometry url="#meshId30">
          <bind_material>
            <technique_common>
              <instance_material symbol="defaultMaterial" target="#Side_button" />
            </technique_common>
          </bind_material>
        </instance_geometry>
      </node>
      <node id="Cube.014" name="Cube.014">
        <matrix>1 0 0 0 0 1 0 0 0 0 1 0 0 0 0 1</matrix>
        <instance_geometry url="#meshId31">
          <bind_material>
            <technique_common>
              <instance_material symbol="defaultMaterial" target="#Side_button" />
            </technique_common>
          </bind_material>
        </instance_geometry>
        <instance_geometry url="#meshId32">
          <bind_material>
            <technique_common>
              <instance_material symbol="defaultMaterial" target="#Top_enter" />
            </technique_common>
          </bind_material>
        </instance_geometry>
      </node>
      <node id="Cube.015" name="Cube.015">
        <matrix>1 0 0 0 0 1 0 0 0 0 1 0 0 0 0 1</matrix>
        <instance_geometry url="#meshId33">
          <bind_material>
            <technique_common>
              <instance_material symbol="defaultMaterial" target="#Side_button" />
            </technique_common>
          </bind_material>
        </instance_geometry>
        <instance_geometry url="#meshId34">
          <bind_material>
            <technique_common>
              <instance_material symbol="defaultMaterial" target="#tOP_CANCEL" />
            </technique_common>
          </bind_material>
        </instance_geometry>
      </node>
    </visual_scene>
  </library_visual_scenes>
  <scene>
    <instance_visual_scene url="#Hand%20scanner2.obj" />
  </scene>
</COLLADA>
