<?xml version="1.0"?>
<COLLADA xmlns="http://www.collada.org/2005/11/COLLADASchema" version="1.4.1">
  <asset>
    <contributor>
      <author>Assimp</author>
      <authoring_tool>Assimp Exporter</authoring_tool>
    </contributor>
    <created>2017-09-12T20:43:44</created>
    <modified>2017-09-12T20:43:44</modified>
    <unit name="meter" meter="1" />
    <up_axis>Y_UP</up_axis>
  </asset>
  <library_effects>
    <effect id="ID1-fx" name="ID1">
      <profile_COMMON>
        <technique sid="standard">
          <phong>
            <emission>
              <color sid="emission">0   0   0   1</color>
            </emission>
            <ambient>
              <color sid="ambient">0.1   0.1   0.1   1</color>
            </ambient>
            <diffuse>
              <color sid="diffuse">0.8   0.8   0.8   1</color>
            </diffuse>
            <specular>
              <color sid="specular">0.2   0.2   0.2   1</color>
            </specular>
            <shininess>
              <float sid="shininess">0.5</float>
            </shininess>
            <reflective>
              <color sid="reflective">0   0   0   0</color>
            </reflective>
            <transparent>
              <color sid="transparent">0   0   0   1</color>
            </transparent>
            <transparency>
              <float sid="transparency">0</float>
            </transparency>
            <index_of_refraction>
              <float sid="index_of_refraction">1</float>
            </index_of_refraction>
          </phong>
        </technique>
      </profile_COMMON>
    </effect>
  </library_effects>
  <library_materials>
    <material id="ID1" name="ID1">
      <instance_effect url="#ID1-fx"/>
    </material>
  </library_materials>
  <library_geometries>
    <geometry id="meshId0" name="meshId0_name" >
      <mesh>
        <source id="meshId0-positions" name="meshId0-positions">
          <float_array id="meshId0-positions-array" count="5697"> -0.373973 0.777836 0.307999 0.375219 0.777836 0.307999 0.375219 0.877387 0.307999 -0.373973 0.877387 0.307999 -0.277563 0.17843 0.307999 -0.277563 0.325427 0.307999 -0.377114 0.325427 0.307999 -0.377114 0.17843 0.307999 -0.375162 0.878574 0.317025 -0.374655 0.878067 0.316643 0.375899 0.878067 0.316643 0.376408 0.878574 0.317025 -0.37427 0.877683 0.316134 0.375516 0.877683 0.316134 -0.384357 0.887771 0.294554 -0.384357 0.887771 0.314998 0.385603 0.887771 0.314998 0.385603 0.887771 0.294554 0.385603 0.767452 0.314998 0.385603 0.767452 0.294554 0.385603 0.887771 0.294554 0.385603 0.887771 0.314998 -0.382032 0.769777 0.317323 -0.376298 0.775511 0.317323 -0.376298 0.879712 0.317323 -0.382032 0.885446 0.317323 0.383278 0.769777 0.317323 0.377544 0.775511 0.317323 -0.376298 0.775511 0.317323 -0.382032 0.769777 0.317323 0.383278 0.885446 0.317323 0.377544 0.879712 0.317323 0.377544 0.775511 0.317323 0.383278 0.769777 0.317323 -0.382032 0.885446 0.317323 -0.376298 0.879712 0.317323 0.377544 0.879712 0.317323 0.383278 0.885446 0.317323 -0.373973 0.777836 0.314998 -0.373973 0.777836 0.307999 -0.373973 0.877387 0.307999 -0.373973 0.877387 0.314998 0.375219 0.777836 0.314998 0.375219 0.777836 0.307999 -0.373973 0.777836 0.307999 -0.373973 0.777836 0.314998 0.375219 0.877387 0.314998 0.375219 0.877387 0.307999 0.375219 0.777836 0.307999 0.375219 0.777836 0.314998 -0.373973 0.877387 0.314998 -0.373973 0.877387 0.307999 0.375219 0.877387 0.307999 0.375219 0.877387 0.314998 0.385603 0.767452 0.294554 0.385603 0.767452 0.314998 -0.384357 0.767452 0.314998 -0.384357 0.767452 0.294554 -0.384357 0.767452 0.294554 -0.384357 0.767452 0.314998 -0.384357 0.887771 0.314998 -0.384357 0.887771 0.294554 -0.374044 0.877457 0.315565 0.375289 0.877457 0.315565 -0.384061 0.767748 0.316134 -0.384287 0.767522 0.315565 0.385533 0.767522 0.315565 0.385307 0.767748 0.316134 0.383845 0.886014 0.317253 -0.382599 0.886014 0.317253 0.376976 0.879145 0.317253 0.376408 0.878574 0.317025 0.376408 0.776647 0.317025 0.376976 0.776078 0.317253 0.375899 0.878067 0.316643 0.375899 0.777154 0.316643 0.383845 0.76921 0.317253 0.383845 0.886014 0.317253 -0.37573 0.776078 0.317253 -0.37573 0.879145 0.317253 -0.382599 0.886014 0.317253 -0.382599 0.76921 0.317253 0.376976 0.776078 0.317253 -0.37573 0.776078 0.317253 -0.382599 0.76921 0.317253 0.383845 0.76921 0.317253 -0.37573 0.879145 0.317253 0.376976 0.879145 0.317253 0.375516 0.877683 0.316134 0.375516 0.777538 0.316134 0.384848 0.767993 0.291926 0.385175 0.767759 0.292522 -0.383929 0.767759 0.292522 -0.383602 0.767993 0.291926 0.385414 0.767587 0.293179 -0.384168 0.767587 0.293179 0.385556 0.767485 0.293868 -0.38431 0.767485 0.293868 0.375289 0.877457 0.315565 0.375289 0.777765 0.315565 -0.383602 0.767993 0.291926 -0.383929 0.767759 0.292522 -0.383929 0.887464 0.292522 -0.383602 0.887229 0.291926 -0.384168 0.767587 0.293179 -0.384168 0.887635 0.293179 -0.38431 0.767485 0.293868 -0.38431 0.887737 0.293868 0.384416 0.886582 0.317025 -0.38317 0.886582 0.317025 0.384922 0.887089 0.316643 -0.383676 0.887089 0.316643 0.385307 0.887473 0.316134 -0.384061 0.887473 0.316134 0.385533 0.8877 0.315565 -0.384287 0.8877 0.315565 -0.383602 0.887229 0.291926 -0.383929 0.887464 0.292522 0.385175 0.887464 0.292522 0.384848 0.887229 0.291926 -0.384168 0.887635 0.293179 0.385414 0.887635 0.293179 -0.38431 0.887737 0.293868 0.385556 0.887737 0.293868 0.384848 0.887229 0.291926 0.385175 0.887464 0.292522 0.385175 0.767759 0.292522 0.384848 0.767993 0.291926 0.385414 0.887635 0.293179 0.385414 0.767587 0.293179 0.385556 0.887737 0.293868 0.385556 0.767485 0.293868 0.384416 0.768639 0.317025 0.384416 0.886582 0.317025 0.384922 0.768132 0.316643 0.384922 0.887089 0.316643 0.385307 0.767748 0.316134 0.385307 0.887473 0.316134 0.385533 0.767522 0.315565 0.385533 0.8877 0.315565 -0.375162 0.776647 0.317025 -0.375162 0.878574 0.317025 -0.374655 0.777154 0.316643 -0.374655 0.878067 0.316643 -0.37427 0.777538 0.316134 -0.37427 0.877683 0.316134 -0.374044 0.777765 0.315565 -0.374044 0.877457 0.315565 -0.38317 0.886582 0.317025 -0.38317 0.768639 0.317025 -0.383676 0.887089 0.316643 -0.383676 0.768132 0.316643 -0.384061 0.887473 0.316134 -0.384061 0.767748 0.316134 -0.384287 0.8877 0.315565 -0.384287 0.767522 0.315565 0.376408 0.776647 0.317025 -0.375162 0.776647 0.317025 0.375899 0.777154 0.316643 -0.374655 0.777154 0.316643 0.375516 0.777538 0.316134 -0.37427 0.777538 0.316134 0.375289 0.777765 0.315565 -0.374044 0.777765 0.315565 -0.38317 0.768639 0.317025 0.384416 0.768639 0.317025 -0.383676 0.768132 0.316643 0.384922 0.768132 0.316643 -0.378303 0.177243 0.317025 -0.377796 0.17775 0.316643 -0.377796 0.326107 0.316643 -0.378303 0.326614 0.317025 -0.377412 0.178134 0.316134 -0.377412 0.325725 0.316134 -0.387498 0.168047 0.294554 -0.387498 0.168047 0.314998 -0.387498 0.335811 0.314998 -0.387498 0.335811 0.294554 -0.267179 0.335811 0.314998 -0.267179 0.335811 0.294554 -0.387498 0.335811 0.294554 -0.387498 0.335811 0.314998 -0.269504 0.170371 0.317323 -0.275238 0.176106 0.317323 -0.379439 0.176106 0.317323 -0.385174 0.170371 0.317323 -0.269504 0.333486 0.317323 -0.275238 0.327752 0.317323 -0.275238 0.176106 0.317323 -0.269504 0.170371 0.317323 -0.385174 0.333486 0.317323 -0.379439 0.327752 0.317323 -0.275238 0.327752 0.317323 -0.269504 0.333486 0.317323 -0.385174 0.170371 0.317323 -0.379439 0.176106 0.317323 -0.379439 0.327752 0.317323 -0.385174 0.333486 0.317323 -0.277563 0.17843 0.314998 -0.277563 0.17843 0.307999 -0.377114 0.17843 0.307999 -0.377114 0.17843 0.314998 -0.277563 0.325427 0.314998 -0.277563 0.325427 0.307999 -0.277563 0.17843 0.307999 -0.277563 0.17843 0.314998 -0.377114 0.325427 0.314998 -0.377114 0.325427 0.307999 -0.277563 0.325427 0.307999 -0.277563 0.325427 0.314998 -0.377114 0.17843 0.314998 -0.377114 0.17843 0.307999 -0.377114 0.325427 0.307999 -0.377114 0.325427 0.314998 -0.267179 0.335811 0.294554 -0.267179 0.335811 0.314998 -0.267179 0.168047 0.314998 -0.267179 0.168047 0.294554 -0.267179 0.168047 0.294554 -0.267179 0.168047 0.314998 -0.387498 0.168047 0.314998 -0.387498 0.168047 0.294554 -0.377186 0.178361 0.315565 -0.377186 0.325497 0.315565 -0.267477 0.168344 0.316134 -0.267251 0.168116 0.315565 -0.267251 0.335741 0.315565 -0.267477 0.335513 0.316134 -0.385742 0.334053 0.317253 -0.385742 0.169804 0.317253 -0.378872 0.327185 0.317253 -0.378303 0.326614 0.317025 -0.276376 0.326614 0.317025 -0.275806 0.327185 0.317253 -0.377796 0.326107 0.316643 -0.276883 0.326107 0.316643 -0.268937 0.334053 0.317253 -0.385742 0.334053 0.317253 -0.275806 0.176673 0.317253 -0.378872 0.176673 0.317253 -0.385742 0.169804 0.317253 -0.268937 0.169804 0.317253 -0.275806 0.327185 0.317253 -0.275806 0.176673 0.317253 -0.268937 0.169804 0.317253 -0.268937 0.334053 0.317253 -0.378872 0.176673 0.317253 -0.378872 0.327185 0.317253 -0.377412 0.325725 0.316134 -0.277267 0.325725 0.316134 -0.267722 0.335056 0.291926 -0.267486 0.335383 0.292522 -0.267486 0.168474 0.292522 -0.267722 0.168803 0.291926 -0.267316 0.335622 0.293179 -0.267316 0.168236 0.293179 -0.267213 0.335765 0.293868 -0.267213 0.168093 0.293868 -0.377186 0.325497 0.315565 -0.277493 0.325497 0.315565 -0.267722 0.168803 0.291926 -0.267486 0.168474 0.292522 -0.387191 0.168474 0.292522 -0.386957 0.168803 0.291926 -0.267316 0.168236 0.293179 -0.387363 0.168236 0.293179 -0.267213 0.168093 0.293868 -0.387466 0.168093 0.293868 -0.386311 0.334624 0.317025 -0.386311 0.169235 0.317025 -0.386818 0.335131 0.316643 -0.386818 0.168727 0.316643 -0.387202 0.335513 0.316134 -0.387202 0.168344 0.316134 -0.387429 0.335741 0.315565 -0.387429 0.168116 0.315565 -0.386957 0.168803 0.291926 -0.387191 0.168474 0.292522 -0.387191 0.335383 0.292522 -0.386957 0.335056 0.291926 -0.387363 0.168236 0.293179 -0.387363 0.335622 0.293179 -0.387466 0.168093 0.293868 -0.387466 0.335765 0.293868 -0.386957 0.335056 0.291926 -0.387191 0.335383 0.292522 -0.267486 0.335383 0.292522 -0.267722 0.335056 0.291926 -0.387363 0.335622 0.293179 -0.267316 0.335622 0.293179 -0.387466 0.335765 0.293868 -0.267213 0.335765 0.293868 -0.268368 0.334624 0.317025 -0.386311 0.334624 0.317025 -0.267861 0.335131 0.316643 -0.386818 0.335131 0.316643 -0.267477 0.335513 0.316134 -0.387202 0.335513 0.316134 -0.267251 0.335741 0.315565 -0.387429 0.335741 0.315565 -0.276376 0.177243 0.317025 -0.378303 0.177243 0.317025 -0.276883 0.17775 0.316643 -0.377796 0.17775 0.316643 -0.277267 0.178134 0.316134 -0.377412 0.178134 0.316134 -0.277493 0.178361 0.315565 -0.377186 0.178361 0.315565 -0.386311 0.169235 0.317025 -0.268368 0.169235 0.317025 -0.386818 0.168727 0.316643 -0.267861 0.168727 0.316643 -0.387202 0.168344 0.316134 -0.267477 0.168344 0.316134 -0.387429 0.168116 0.315565 -0.267251 0.168116 0.315565 -0.276376 0.326614 0.317025 -0.276376 0.177243 0.317025 -0.276883 0.326107 0.316643 -0.276883 0.17775 0.316643 -0.277267 0.325725 0.316134 -0.277267 0.178134 0.316134 -0.277493 0.325497 0.315565 -0.277493 0.178361 0.315565 -0.268368 0.169235 0.317025 -0.268368 0.334624 0.317025 -0.267861 0.168727 0.316643 -0.267861 0.335131 0.316643 0.0632566 -0.722263 0.296594 0.0633008 -0.722314 0.297473 0.0492392 -0.732161 0.297473 0.0492049 -0.732102 0.296594 0.0925395 -0.613194 0.297473 0.0597374 -0.625133 0.322165 0.0626054 -0.635838 0.322165 0.0969823 -0.629776 0.297473 0.0728638 -0.708015 0.292304 0.0734808 -0.708533 0.292742 0.0616576 -0.720357 0.292742 0.06114 -0.71974 0.292304 0.0754388 -0.583575 0.297473 0.0486983 -0.606014 0.322165 0.0550542 -0.61509 0.322165 0.0852848 -0.597637 0.297473 0.0740499 -0.709012 0.293324 0.0621353 -0.720926 0.293324 0.0492392 -0.561591 0.297473 0.0317856 -0.591822 0.322165 0.0408627 -0.598178 0.322165 0.0633008 -0.571437 0.297473 0.0745435 -0.709426 0.29403 0.0625494 -0.72142 0.29403 0.0749389 -0.709757 0.294835 0.0628812 -0.721815 0.294835 0.0752214 -0.709995 0.295703 0.0631182 -0.722097 0.295703 -0.0171007 -0.549894 0.297473 -0.011039 -0.584271 0.322165 3.8926e-18 -0.583306 0.322165 6.03007e-18 -0.548397 0.297473 0.0753863 -0.710133 0.296594 -0.0492392 -0.561591 0.297473 -0.0317856 -0.591822 0.322165 -0.0217426 -0.587138 0.322165 -0.0336817 -0.554336 0.297473 0.0754388 -0.710178 0.297473 0.0823738 -0.694434 0.292304 0.0830712 -0.694837 0.292742 -0.0852848 -0.597637 0.297473 -0.0550542 -0.61509 0.322165 -0.0486983 -0.606014 0.322165 -0.0754388 -0.583575 0.297473 0.0837145 -0.695209 0.293324 0.0842726 -0.695531 0.29403 0.0847196 -0.695789 0.294835 -0.0969823 -0.663977 0.297473 -0.0626054 -0.657915 0.322165 -0.0635712 -0.646876 0.322165 -0.0984785 -0.646876 0.297473 0.0850389 -0.695973 0.295703 -0.0852848 -0.696116 0.297473 -0.0550542 -0.678661 0.322165 -0.0597374 -0.668618 0.322165 -0.0925395 -0.680558 0.297473 0.0852255 -0.696082 0.296594 -0.0633008 -0.722314 0.297473 -0.0408627 -0.695575 0.322165 -0.0486983 -0.687739 0.322165 -0.0754388 -0.710178 0.297473 0.0852848 -0.696116 0.297473 -0.0336817 -0.739415 0.297473 -0.0217426 -0.706613 0.322165 -0.0317856 -0.701931 0.322165 -0.0492392 -0.732161 0.297473 0.0893808 -0.679408 0.292304 0.0901374 -0.679683 0.292742 0.0908356 -0.679937 0.293324 0.0171007 -0.743859 0.297473 0.011039 -0.709482 0.322165 -1.16778e-17 -0.710447 0.322165 -1.80902e-17 -0.745354 0.297473 0.0914411 -0.680159 0.29403 0.0919261 -0.680335 0.294835 0.0922726 -0.680461 0.295703 0.0486983 -0.687739 0.322165 0.0408627 -0.695575 0.322165 0.092475 -0.680534 0.296594 0.0925395 -0.680558 0.297473 0.0597374 -0.668618 0.322165 0.0550542 -0.678661 0.322165 0.0984785 -0.646876 0.297473 0.0635712 -0.646876 0.322165 0.0626054 -0.657915 0.322165 0.0969823 -0.663977 0.297473 0.093672 -0.663392 0.292304 0.094465 -0.663533 0.292742 0.0951967 -0.663662 0.293324 0.0958314 -0.663774 0.29403 0.0336817 -0.554336 0.297473 0.0217426 -0.587138 0.322165 0.0171007 -0.549894 0.297473 0.011039 -0.584271 0.322165 0.0963396 -0.663864 0.294835 0.0967027 -0.663927 0.295703 -0.0633008 -0.571437 0.297473 -0.0408627 -0.598178 0.322165 0.0969149 -0.663964 0.296594 -0.0925395 -0.613194 0.297473 -0.0597374 -0.625133 0.322165 -0.0969823 -0.629776 0.297473 -0.0626054 -0.635838 0.322165 0.0951169 -0.646876 0.292304 0.0959224 -0.646876 0.292742 0.0966652 -0.646876 0.293324 0.0973096 -0.646876 0.29403 -0.0171007 -0.743859 0.297473 -0.011039 -0.709482 0.322165 0.0978257 -0.646876 0.294835 0.0336817 -0.739415 0.297473 0.0217426 -0.706613 0.322165 0.0317856 -0.701931 0.322165 0.0981944 -0.646876 0.295703 0.0984099 -0.646876 0.296594 0.092854 -0.630503 0.292011 0.093672 -0.630359 0.292304 0.0942865 -0.646876 0.292011 0.0886003 -0.614628 0.292011 0.0893808 -0.614344 0.292304 0.0816545 -0.599733 0.292011 0.0823738 -0.599317 0.292304 0.0722276 -0.586271 0.292011 0.0728638 -0.585736 0.292304 0.0606062 -0.574648 0.292011 0.06114 -0.574013 0.292304 0.0471432 -0.565222 0.292011 0.0475585 -0.564503 0.292304 0.0322479 -0.558276 0.292011 0.0325319 -0.557496 0.292304 0.0163727 -0.554021 0.292011 0.0165168 -0.553205 0.292304 5.77339e-18 -0.552589 0.292011 5.82424e-18 -0.551759 0.292304 -0.0163727 -0.554021 0.292011 -0.0165168 -0.553205 0.292304 -0.0322479 -0.558276 0.292011 -0.0325319 -0.557496 0.292304 -0.0471432 -0.565222 0.292011 -0.0475585 -0.564503 0.292304 -0.0606062 -0.574648 0.292011 -0.06114 -0.574013 0.292304 -0.0722276 -0.586271 0.292011 -0.0728638 -0.585736 0.292304 -0.0816545 -0.599733 0.292011 -0.0823738 -0.599317 0.292304 -0.0886003 -0.614628 0.292011 -0.0893808 -0.614344 0.292304 -0.092854 -0.630503 0.292011 -0.093672 -0.630359 0.292304 -0.0942865 -0.646876 0.292011 -0.0951169 -0.646876 0.292304 -0.092854 -0.663248 0.292011 -0.093672 -0.663392 0.292304 -0.0886003 -0.679123 0.292011 -0.0893808 -0.679408 0.292304 -0.0816545 -0.694019 0.292011 -0.0823738 -0.694434 0.292304 -0.0722276 -0.707482 0.292011 -0.0728638 -0.708015 0.292304 -0.0606062 -0.719103 0.292011 -0.06114 -0.71974 0.292304 -0.0471432 -0.728531 0.292011 -0.0475585 -0.72925 0.292304 -0.0322479 -0.735477 0.292011 -0.0325319 -0.736257 0.292304 -0.0163727 -0.73973 0.292011 -0.0165168 -0.740548 0.292304 -1.73201e-17 -0.741162 0.292011 -1.74726e-17 -0.741993 0.292304 0.0163727 -0.73973 0.292011 0.0165168 -0.740548 0.292304 0.0322479 -0.735477 0.292011 0.0325319 -0.736257 0.292304 0.0471432 -0.728531 0.292011 0.0475585 -0.72925 0.292304 0.0606062 -0.719103 0.292011 0.0722276 -0.707482 0.292011 0.0816545 -0.694019 0.292011 0.0886003 -0.679123 0.292011 0.092854 -0.663248 0.292011 0.094465 -0.630219 0.292742 0.0951967 -0.630091 0.293324 0.0958314 -0.629979 0.29403 0.0963396 -0.629889 0.294835 0.0967027 -0.629824 0.295703 0.0969149 -0.629787 0.296594 0.0901374 -0.614069 0.292742 0.0908356 -0.613814 0.293324 0.0914411 -0.613594 0.29403 0.0919261 -0.613418 0.294835 0.0922726 -0.613292 0.295703 0.092475 -0.613218 0.296594 0.0830712 -0.598916 0.292742 0.0837145 -0.598544 0.293324 0.0842726 -0.598221 0.29403 0.0847196 -0.597963 0.294835 0.0850389 -0.59778 0.295703 0.0852255 -0.597671 0.296594 0.0734808 -0.585218 0.292742 0.0740499 -0.584741 0.293324 0.0745435 -0.584327 0.29403 0.0749389 -0.583995 0.294835 0.0752214 -0.583758 0.295703 0.0753863 -0.583619 0.296594 0.0616576 -0.573396 0.292742 0.0621353 -0.572826 0.293324 0.0625494 -0.572333 0.29403 0.0628812 -0.571938 0.294835 0.0631182 -0.571656 0.295703 0.0632566 -0.57149 0.296594 0.0479612 -0.563806 0.292742 0.0483327 -0.563161 0.293324 0.0486549 -0.562603 0.29403 0.0489129 -0.562156 0.294835 0.0490972 -0.561837 0.295703 0.0492049 -0.561651 0.296594 0.0328074 -0.556738 0.292742 0.0330614 -0.556041 0.293324 0.0332818 -0.555435 0.29403 0.0334584 -0.55495 0.294835 0.0335845 -0.554604 0.295703 0.0336581 -0.554401 0.296594 0.0166568 -0.552411 0.292742 0.0167857 -0.55168 0.293324 0.0168976 -0.551044 0.29403 0.0169872 -0.550537 0.294835 0.0170512 -0.550173 0.295703 0.0170887 -0.549961 0.296594 5.87355e-18 -0.550954 0.292742 5.91904e-18 -0.55021 0.293324 5.9585e-18 -0.549567 0.29403 5.9901e-18 -0.549051 0.294835 6.01268e-18 -0.548682 0.295703 6.02587e-18 -0.548467 0.296594 -0.0166568 -0.552411 0.292742 -0.0167857 -0.55168 0.293324 -0.0168976 -0.551044 0.29403 -0.0169872 -0.550537 0.294835 -0.0170512 -0.550173 0.295703 -0.0170887 -0.549961 0.296594 -0.0328074 -0.556738 0.292742 -0.0330614 -0.556041 0.293324 -0.0332818 -0.555435 0.29403 -0.0334584 -0.55495 0.294835 -0.0335845 -0.554604 0.295703 -0.0336581 -0.554401 0.296594 -0.0479612 -0.563806 0.292742 -0.0483327 -0.563161 0.293324 -0.0486549 -0.562603 0.29403 -0.0489129 -0.562156 0.294835 -0.0490972 -0.561837 0.295703 -0.0492049 -0.561651 0.296594 -0.0616576 -0.573396 0.292742 -0.0621353 -0.572826 0.293324 -0.0625494 -0.572333 0.29403 -0.0628812 -0.571938 0.294835 -0.0631182 -0.571656 0.295703 -0.0632566 -0.57149 0.296594 -0.0734808 -0.585218 0.292742 -0.0740499 -0.584741 0.293324 -0.0745435 -0.584327 0.29403 -0.0749389 -0.583995 0.294835 -0.0752214 -0.583758 0.295703 -0.0753863 -0.583619 0.296594 -0.0830712 -0.598916 0.292742 -0.0837145 -0.598544 0.293324 -0.0842726 -0.598221 0.29403 -0.0847196 -0.597963 0.294835 -0.0850389 -0.59778 0.295703 -0.0852255 -0.597671 0.296594 -0.0901374 -0.614069 0.292742 -0.0908356 -0.613814 0.293324 -0.0914411 -0.613594 0.29403 -0.0919261 -0.613418 0.294835 -0.0922726 -0.613292 0.295703 -0.092475 -0.613218 0.296594 -0.094465 -0.630219 0.292742 -0.0951967 -0.630091 0.293324 -0.0958314 -0.629979 0.29403 -0.0963396 -0.629889 0.294835 -0.0967027 -0.629824 0.295703 -0.0969149 -0.629787 0.296594 -0.0959224 -0.646876 0.292742 -0.0966652 -0.646876 0.293324 -0.0973096 -0.646876 0.29403 -0.0978257 -0.646876 0.294835 -0.0981944 -0.646876 0.295703 -0.0984099 -0.646876 0.296594 -0.094465 -0.663533 0.292742 -0.0951967 -0.663662 0.293324 -0.0958314 -0.663774 0.29403 -0.0963396 -0.663864 0.294835 -0.0967027 -0.663927 0.295703 -0.0969149 -0.663964 0.296594 -0.0901374 -0.679683 0.292742 -0.0908356 -0.679937 0.293324 -0.0914411 -0.680159 0.29403 -0.0919261 -0.680335 0.294835 -0.0922726 -0.680461 0.295703 -0.092475 -0.680534 0.296594 -0.0830712 -0.694837 0.292742 -0.0837145 -0.695209 0.293324 -0.0842726 -0.695531 0.29403 -0.0847196 -0.695789 0.294835 -0.0850389 -0.695973 0.295703 -0.0852255 -0.696082 0.296594 -0.0734808 -0.708533 0.292742 -0.0740499 -0.709012 0.293324 -0.0745435 -0.709426 0.29403 -0.0749389 -0.709757 0.294835 -0.0752214 -0.709995 0.295703 -0.0753863 -0.710133 0.296594 -0.0616576 -0.720357 0.292742 -0.0621353 -0.720926 0.293324 -0.0625494 -0.72142 0.29403 -0.0628812 -0.721815 0.294835 -0.0631182 -0.722097 0.295703 -0.0632566 -0.722263 0.296594 -0.0479612 -0.729947 0.292742 -0.0483327 -0.730591 0.293324 -0.0486549 -0.731148 0.29403 -0.0489129 -0.731596 0.294835 -0.0490972 -0.731916 0.295703 -0.0492049 -0.732102 0.296594 -0.0328074 -0.737013 0.292742 -0.0330614 -0.737712 0.293324 -0.0332818 -0.738318 0.29403 -0.0334584 -0.738802 0.294835 -0.0335845 -0.739149 0.295703 -0.0336581 -0.739352 0.296594 -0.0166568 -0.741342 0.292742 -0.0167857 -0.742073 0.293324 -0.0168976 -0.742707 0.29403 -0.0169872 -0.743216 0.294835 -0.0170512 -0.743578 0.295703 -0.0170887 -0.743791 0.296594 -1.76206e-17 -0.742799 0.292742 -1.77572e-17 -0.743541 0.293324 -1.78754e-17 -0.744186 0.29403 -1.79703e-17 -0.744702 0.294835 -1.8038e-17 -0.745071 0.295703 -1.80775e-17 -0.745286 0.296594 0.0166568 -0.741342 0.292742 0.0167857 -0.742073 0.293324 0.0168976 -0.742707 0.29403 0.0169872 -0.743216 0.294835 0.0170512 -0.743578 0.295703 0.0170887 -0.743791 0.296594 0.0328074 -0.737013 0.292742 0.0330614 -0.737712 0.293324 0.0332818 -0.738318 0.29403 0.0334584 -0.738802 0.294835 0.0335845 -0.739149 0.295703 0.0336581 -0.739352 0.296594 0.0479612 -0.729947 0.292742 0.0483327 -0.730591 0.293324 0.0486549 -0.731148 0.29403 0.0489129 -0.731596 0.294835 0.0490972 -0.731916 0.295703 0.0560515 -0.626475 0.320134 0.0560515 -0.626475 0.307688 0.0587425 -0.636518 0.307688 0.0587425 -0.636518 0.320134 0.052934 -0.637542 0.307688 0.052934 -0.637542 0.305682 0.0537506 -0.646876 0.305682 0.0537506 -0.646876 0.307688 0.0516574 -0.617052 0.320134 0.0516572 -0.617052 0.307688 0.052934 -0.65621 0.305682 0.052934 -0.65621 0.307688 0.0456936 -0.608534 0.320134 0.0456936 -0.608534 0.307688 0.0505091 -0.66526 0.305682 0.0505091 -0.66526 0.307688 0.0383414 -0.601183 0.320134 0.0383414 -0.601183 0.307688 0.0465494 -0.673752 0.305682 0.0465494 -0.673752 0.307688 0.0298244 -0.595219 0.320134 0.0298244 -0.595219 0.307688 0.0411753 -0.681426 0.305682 0.0411753 -0.681426 0.307688 0.0204011 -0.590824 0.320134 0.0204011 -0.590824 0.307688 0.0345502 -0.688052 0.305682 0.0345502 -0.688052 0.307688 0.0103579 -0.588133 0.320134 0.0103579 -0.588133 0.307688 0.0268754 -0.693425 0.305682 0.0268754 -0.693425 0.307688 3.65243e-18 -0.587227 0.320134 3.65243e-18 -0.587227 0.307688 0.0183838 -0.697385 0.305682 0.0183838 -0.697385 0.307688 -0.0103579 -0.588133 0.320134 -0.0103579 -0.588133 0.307688 0.00933371 -0.699811 0.305682 0.00933371 -0.699811 0.307688 -0.0204011 -0.590824 0.320134 -0.0204011 -0.590824 0.307688 -1.14734e-17 -0.700627 0.305682 -9.87383e-18 -0.700627 0.307688 -0.0298244 -0.595219 0.320134 -0.0298244 -0.595219 0.307688 -0.00933371 -0.699811 0.305682 -0.00933371 -0.699811 0.307688 -0.0383414 -0.601183 0.320134 -0.0383414 -0.601183 0.307688 -0.0183838 -0.697385 0.305682 -0.0183838 -0.697385 0.307688 -0.0456936 -0.608534 0.320134 -0.0456936 -0.608534 0.307688 -0.0268754 -0.693425 0.305682 -0.0268754 -0.693425 0.307688 -0.0516574 -0.617052 0.320134 -0.0516572 -0.617052 0.307688 -0.0345502 -0.688052 0.305682 -0.0345502 -0.688052 0.307688 -0.0560515 -0.626475 0.320134 -0.0560515 -0.626475 0.307688 -0.0411753 -0.681426 0.305682 -0.0411753 -0.681426 0.307688 -0.0587425 -0.636518 0.320134 -0.0587425 -0.636518 0.307688 -0.0465494 -0.673752 0.305682 -0.0465494 -0.673752 0.307688 -0.0596487 -0.646876 0.320134 -0.0596487 -0.646876 0.307688 -0.0505091 -0.66526 0.305682 -0.0505091 -0.66526 0.307688 -0.0587425 -0.657233 0.320134 -0.0587425 -0.657233 0.307688 -0.052934 -0.65621 0.305682 -0.052934 -0.65621 0.307688 0.0588688 -0.636496 0.320922 0.0561719 -0.626432 0.320922 0.0517684 -0.616987 0.320922 0.0457919 -0.608452 0.320922 0.0384239 -0.601084 0.320922 0.0298884 -0.595108 0.320922 3.66028e-18 -0.5871 0.320922 -0.0103802 -0.588008 0.320922 -0.0204449 -0.590705 0.320922 -0.0298884 -0.595108 0.320922 -0.0457919 -0.608452 0.320922 -0.0517684 -0.616987 0.320922 -0.0597769 -0.646876 0.320922 -0.0588688 -0.657256 0.320922 -0.0560515 -0.667278 0.320134 -0.0561719 -0.667321 0.320922 -0.0517684 -0.676764 0.320922 -0.0516574 -0.676701 0.320134 -0.0456936 -0.685217 0.320134 -0.0457919 -0.685299 0.320922 -0.0384239 -0.692667 0.320922 -0.0383414 -0.69257 0.320134 -0.0298244 -0.698534 0.320134 -0.0298884 -0.698645 0.320922 -0.0204449 -0.703048 0.320922 -0.0204011 -0.702927 0.320134 -1.09573e-17 -0.706525 0.320134 -1.09808e-17 -0.706653 0.320922 0.0103802 -0.705745 0.320922 0.0103579 -0.705619 0.320134 0.0383414 -0.69257 0.320134 0.0384239 -0.692667 0.320922 0.0457919 -0.685299 0.320922 0.0456936 -0.685217 0.320134 0.0516574 -0.676701 0.320134 0.0517684 -0.676764 0.320922 0.0561719 -0.667321 0.320922 0.0560515 -0.667278 0.320134 0.0587425 -0.657233 0.320134 0.0588688 -0.657256 0.320922 0.0597769 -0.646876 0.320922 0.0596487 -0.646876 0.320134 0.0204449 -0.590705 0.320922 0.0103802 -0.588008 0.320922 -0.0384239 -0.601084 0.320922 -0.0561719 -0.626432 0.320922 -0.0588688 -0.636496 0.320922 -0.0103802 -0.705745 0.320922 -0.0103579 -0.705619 0.320134 0.0204449 -0.703048 0.320922 0.0204011 -0.702927 0.320134 0.0298884 -0.698645 0.320922 0.0298244 -0.698534 0.320134 0.0593074 -0.636419 0.321723 0.0565904 -0.626278 0.321723 0.0600658 -0.636286 0.322343 0.057314 -0.626015 0.322343 0.061002 -0.63612 0.322613 0.0582074 -0.625691 0.322613 0.0618988 -0.635962 0.322515 0.0590632 -0.625379 0.322515 0.0521541 -0.616765 0.321723 0.046133 -0.608167 0.321723 0.052821 -0.616379 0.322343 0.0467229 -0.607671 0.322343 0.0536443 -0.615905 0.322613 0.0474511 -0.60706 0.322613 0.0544329 -0.615449 0.322515 0.0481487 -0.606474 0.322515 0.0387102 -0.600743 0.321723 0.0301112 -0.594722 0.321723 0.0392052 -0.600154 0.322343 0.0304961 -0.594055 0.322343 0.0398163 -0.599426 0.322613 0.0309715 -0.593232 0.322613 0.0404017 -0.598727 0.322515 0.0314268 -0.592444 0.322515 3.68756e-18 -0.586653 0.321723 -0.0104575 -0.587569 0.321723 3.73471e-18 -0.585883 0.322343 -0.0105912 -0.58681 0.322343 3.79292e-18 -0.584933 0.322613 -0.0107563 -0.585874 0.322613 3.84868e-18 -0.584022 0.322515 -0.0109144 -0.584978 0.322515 -0.0205973 -0.590286 0.321723 -0.0301112 -0.594722 0.321723 -0.0208606 -0.589562 0.322343 -0.0304961 -0.594055 0.322343 -0.0211858 -0.588668 0.322613 -0.0309715 -0.593232 0.322613 -0.0214973 -0.587813 0.322515 -0.0314268 -0.592444 0.322515 -0.046133 -0.608167 0.321723 -0.0521541 -0.616765 0.321723 -0.0467229 -0.607671 0.322343 -0.052821 -0.616379 0.322343 -0.0474511 -0.60706 0.322613 -0.0536443 -0.615905 0.322613 -0.0481487 -0.606474 0.322515 -0.0544329 -0.615449 0.322515 -0.0602223 -0.646876 0.321723 -0.0593074 -0.657334 0.321723 -0.0609924 -0.646876 0.322343 -0.0600658 -0.657467 0.322343 -0.0619431 -0.646876 0.322613 -0.061002 -0.657633 0.322613 -0.0628538 -0.646876 0.322515 -0.0618988 -0.657791 0.322515 -0.0565904 -0.667473 0.321723 -0.0521541 -0.676988 0.321723 -0.057314 -0.667737 0.322343 -0.052821 -0.677372 0.322343 -0.0582074 -0.668062 0.322613 -0.0536443 -0.677848 0.322613 -0.0590632 -0.668374 0.322515 -0.0544329 -0.678303 0.322515 -0.046133 -0.685586 0.321723 -0.0387102 -0.69301 0.321723 -0.0467229 -0.686081 0.322343 -0.0392052 -0.693599 0.322343 -0.0474511 -0.686693 0.322613 -0.0398163 -0.694327 0.322613 -0.0481487 -0.687277 0.322515 -0.0404017 -0.695025 0.322515 -0.0301112 -0.69903 0.321723 -0.0205973 -0.703467 0.321723 -0.0304961 -0.699697 0.322343 -0.0208606 -0.70419 0.322343 -0.0309715 -0.70052 0.322613 -0.0211858 -0.705083 0.322613 -0.0314268 -0.701309 0.322515 -0.0214973 -0.705939 0.322515 -1.10627e-17 -0.707098 0.321723 0.0104575 -0.706184 0.321723 -1.12041e-17 -0.707868 0.322343 0.0105912 -0.706941 0.322343 -1.13788e-17 -0.70882 0.322613 0.0107563 -0.707878 0.322613 -1.1546e-17 -0.70973 0.322515 0.0109144 -0.708775 0.322515 0.0387102 -0.69301 0.321723 0.046133 -0.685586 0.321723 0.0392052 -0.693599 0.322343 0.0467229 -0.686081 0.322343 0.0398163 -0.694327 0.322613 0.0474511 -0.686693 0.322613 0.0404017 -0.695025 0.322515 0.0481487 -0.687277 0.322515 0.0521541 -0.676988 0.321723 0.0565904 -0.667473 0.321723 0.052821 -0.677372 0.322343 0.057314 -0.667737 0.322343 0.0536443 -0.677848 0.322613 0.0582074 -0.668062 0.322613 0.0544329 -0.678303 0.322515 0.0590632 -0.668374 0.322515 0.0593074 -0.657334 0.321723 0.0602223 -0.646876 0.321723 0.0600658 -0.657467 0.322343 0.0609924 -0.646876 0.322343 0.061002 -0.657633 0.322613 0.0619431 -0.646876 0.322613 0.0618988 -0.657791 0.322515 0.0628538 -0.646876 0.322515 0.0205973 -0.590286 0.321723 0.0208606 -0.589562 0.322343 0.0211858 -0.588668 0.322613 0.0214973 -0.587813 0.322515 0.0104575 -0.587569 0.321723 0.0105912 -0.58681 0.322343 0.0107563 -0.585874 0.322613 0.0109144 -0.584978 0.322515 -0.0387102 -0.600743 0.321723 -0.0392052 -0.600154 0.322343 -0.0398163 -0.599426 0.322613 -0.0404017 -0.598727 0.322515 -0.0565904 -0.626278 0.321723 -0.057314 -0.626015 0.322343 -0.0582074 -0.625691 0.322613 -0.0590632 -0.625379 0.322515 -0.0593074 -0.636419 0.321723 -0.0600658 -0.636286 0.322343 -0.061002 -0.63612 0.322613 -0.0618988 -0.635962 0.322515 -0.0104575 -0.706184 0.321723 -0.0105912 -0.706941 0.322343 -0.0107563 -0.707878 0.322613 -0.0109144 -0.708775 0.322515 0.0205973 -0.703467 0.321723 0.0208606 -0.70419 0.322343 0.0211858 -0.705083 0.322613 0.0214973 -0.705939 0.322515 0.0301112 -0.69903 0.321723 0.0304961 -0.699697 0.322343 0.0309715 -0.70052 0.322613 0.0314268 -0.701309 0.322515 0.0505091 -0.628493 0.307688 0.0505091 -0.628493 0.305682 0.0596487 -0.646876 0.307688 0.0465494 -0.620001 0.307688 0.0465494 -0.620001 0.305682 0.0587425 -0.657233 0.307688 0.0411753 -0.612327 0.307688 0.0411753 -0.612327 0.305682 0.0560515 -0.667278 0.307688 0.0345502 -0.605701 0.307688 0.0345502 -0.605701 0.305682 0.0516572 -0.676701 0.307688 0.0268754 -0.600326 0.307688 0.0268754 -0.600326 0.305682 0.0456936 -0.685217 0.307688 0.0183838 -0.596368 0.307688 0.0183838 -0.596368 0.305682 0.0383414 -0.69257 0.307688 0.00933371 -0.593942 0.307688 0.00933371 -0.593942 0.305682 0.0298244 -0.698534 0.307688 3.29128e-18 -0.593125 0.307688 1.69175e-18 -0.593125 0.305682 0.0204011 -0.702927 0.307688 -0.00933371 -0.593942 0.307688 -0.00933371 -0.593942 0.305682 0.0103579 -0.705619 0.307688 -0.0183838 -0.596368 0.307688 -0.0183838 -0.596368 0.305682 -1.09573e-17 -0.706525 0.307688 -0.0268754 -0.600326 0.307688 -0.0268754 -0.600326 0.305682 -0.0103579 -0.705619 0.307688 -0.0345502 -0.605701 0.307688 -0.0345502 -0.605701 0.305682 -0.0204011 -0.702927 0.307688 -0.0411753 -0.612327 0.307688 -0.0411753 -0.612327 0.305682 -0.0298244 -0.698534 0.307688 -0.0465494 -0.620001 0.307688 -0.0465494 -0.620001 0.305682 -0.0383414 -0.69257 0.307688 -0.0505091 -0.628493 0.307688 -0.0505091 -0.628493 0.305682 -0.0456936 -0.685217 0.307688 -0.052934 -0.637542 0.307688 -0.052934 -0.637542 0.305682 -0.0516572 -0.676701 0.307688 -0.0537506 -0.646876 0.307688 -0.0537506 -0.646876 0.305682 -0.0560515 -0.667278 0.307688 0.0587425 -0.636518 0.307688 0.052934 -0.637542 0.307688 0.0537506 -0.646876 0.307688 0.0596487 -0.646876 0.307688 0.052934 -0.65621 0.307688 0.0587425 -0.657233 0.307688 0.0505091 -0.66526 0.307688 0.0560515 -0.667278 0.307688 0.0465494 -0.673752 0.307688 0.0516572 -0.676701 0.307688 0.0411753 -0.681426 0.307688 0.0456936 -0.685217 0.307688 0.0345502 -0.688052 0.307688 0.0383414 -0.69257 0.307688 0.0268754 -0.693425 0.307688 0.0298244 -0.698534 0.307688 0.0183838 -0.697385 0.307688 0.0204011 -0.702927 0.307688 0.00933371 -0.699811 0.307688 0.0103579 -0.705619 0.307688 -9.87383e-18 -0.700627 0.307688 -1.09573e-17 -0.706525 0.307688 -0.00933371 -0.699811 0.307688 -0.0103579 -0.705619 0.307688 -0.0183838 -0.697385 0.307688 -0.0204011 -0.702927 0.307688 -0.0268754 -0.693425 0.307688 -0.0298244 -0.698534 0.307688 -0.0345502 -0.688052 0.307688 -0.0383414 -0.69257 0.307688 -0.0411753 -0.681426 0.307688 -0.0456936 -0.685217 0.307688 -0.0465494 -0.673752 0.307688 -0.0516572 -0.676701 0.307688 -0.0505091 -0.66526 0.307688 -0.0560515 -0.667278 0.307688 -0.052934 -0.65621 0.307688 -0.0587425 -0.657233 0.307688 0.0560515 -0.626475 0.307688 0.0505091 -0.628493 0.307688 0.0516572 -0.617052 0.307688 0.0465494 -0.620001 0.307688 0.0456936 -0.608534 0.307688 0.0411753 -0.612327 0.307688 0.0383414 -0.601183 0.307688 0.0345502 -0.605701 0.307688 0.0298244 -0.595219 0.307688 0.0268754 -0.600326 0.307688 0.0204011 -0.590824 0.307688 0.0183838 -0.596368 0.307688 0.0103579 -0.588133 0.307688 0.00933371 -0.593942 0.307688 3.65243e-18 -0.587227 0.307688 3.29128e-18 -0.593125 0.307688 -0.0103579 -0.588133 0.307688 -0.00933371 -0.593942 0.307688 -0.0204011 -0.590824 0.307688 -0.0183838 -0.596368 0.307688 -0.0298244 -0.595219 0.307688 -0.0268754 -0.600326 0.307688 -0.0383414 -0.601183 0.307688 -0.0345502 -0.605701 0.307688 -0.0456936 -0.608534 0.307688 -0.0411753 -0.612327 0.307688 -0.0516572 -0.617052 0.307688 -0.0465494 -0.620001 0.307688 -0.0560515 -0.626475 0.307688 -0.0505091 -0.628493 0.307688 -0.0587425 -0.636518 0.307688 -0.052934 -0.637542 0.307688 -0.0596487 -0.646876 0.307688 -0.0537506 -0.646876 0.307688 0.0505091 -0.628493 0.305682 -3.72524e-17 -0.646876 0.305682 0.052934 -0.637542 0.305682 0.0537506 -0.646876 0.305682 0.0465494 -0.620001 0.305682 0.052934 -0.65621 0.305682 0.0411753 -0.612327 0.305682 0.0505091 -0.66526 0.305682 0.0345502 -0.605701 0.305682 0.0465494 -0.673752 0.305682 0.0268754 -0.600326 0.305682 0.0411753 -0.681426 0.305682 0.0183838 -0.596368 0.305682 0.0345502 -0.688052 0.305682 0.00933371 -0.593942 0.305682 0.0268754 -0.693425 0.305682 1.69175e-18 -0.593125 0.305682 0.0183838 -0.697385 0.305682 -0.00933371 -0.593942 0.305682 0.00933371 -0.699811 0.305682 -0.0183838 -0.596368 0.305682 -1.14734e-17 -0.700627 0.305682 -0.0268754 -0.600326 0.305682 -0.00933371 -0.699811 0.305682 -0.0345502 -0.605701 0.305682 -0.0183838 -0.697385 0.305682 -0.0411753 -0.612327 0.305682 -0.0268754 -0.693425 0.305682 -0.0465494 -0.620001 0.305682 -0.0345502 -0.688052 0.305682 -0.0505091 -0.628493 0.305682 -0.0411753 -0.681426 0.305682 -0.052934 -0.637542 0.305682 -0.0465494 -0.673752 0.305682 -0.0537506 -0.646876 0.305682 -0.0505091 -0.66526 0.305682 -0.052934 -0.65621 0.305682 0.415924 0.985351 0.20572 0.415924 0.985351 -0.2575 0.387827 0.996533 -0.2575 0.387827 0.996533 0.20572 0.474525 -0.446611 0.20572 0.474525 -0.446611 -0.2575 0.474525 0.885311 -0.2575 0.474525 0.885311 0.20572 0.474525 -0.981402 0.20572 0.474525 -0.981402 -0.2575 -0.474525 -0.981402 0.20572 -0.474525 -0.981402 0.212592 -0.471209 -0.441554 0.212592 -0.474525 -0.446611 0.20572 0.385116 0.991499 0.212592 0.359837 1 0.20572 0.357321 0.994943 0.212592 -0.387827 0.996533 -0.2575 -0.385629 0.990887 -0.270787 -0.413568 0.979767 -0.270787 -0.415924 0.985351 -0.2575 -0.440934 0.966409 0.20572 -0.440934 0.966409 -0.2575 -0.459876 0.941399 -0.2575 -0.459876 0.941399 0.20572 0.359837 1 -0.2575 0.357799 0.994334 -0.270787 -0.357799 0.994334 -0.270787 -0.359837 1 -0.2575 -0.455927 -1 0.193994 -0.455927 -1 -0.239749 0.455927 -1 -0.239749 0.455927 -1 0.193994 0.471058 0.913302 -0.2575 0.468389 0.908127 -0.270787 0.457269 0.936066 -0.270787 0.459876 0.941399 -0.2575 0.437851 0.961587 0.212592 0.440934 0.966409 0.20572 0.413016 0.980396 0.212592 -0.413016 0.980396 0.212592 -0.415924 0.985351 0.20572 -0.437851 0.961587 0.212592 -0.471058 0.913302 -0.2575 -0.471058 0.913302 0.20572 -0.471209 0.881057 0.212592 -0.474525 0.885311 0.20572 -0.355103 -0.86687 -0.29247 -0.355103 -0.561143 -0.29247 0.355103 -0.561143 -0.29247 0.355103 -0.86687 -0.29247 0.471209 0.881057 0.212592 0.474525 0.885311 0.20572 0.471058 0.913302 0.20572 0.467765 0.90885 0.212592 -0.357321 0.994943 0.212592 -0.359837 1 0.20572 -0.387827 0.996533 0.20572 -0.385116 0.991499 0.212592 -0.474525 0.885311 -0.2575 -0.474525 0.885311 0.20572 0.459876 0.941399 0.20572 0.440934 0.966409 -0.2575 0.474525 -0.981402 0.212592 0.471209 -0.441554 0.212592 -0.471209 -0.441554 0.212592 -0.474525 -0.981402 0.212592 0.474525 -0.981402 0.212592 0.474215 -0.984787 0.212282 0.474215 -0.984787 0.20572 -0.474525 -0.981402 -0.2575 -0.471838 -0.975841 -0.270787 -0.471528 -0.979207 -0.270477 -0.474215 -0.984787 -0.2572 0.471838 -0.975841 -0.270787 0.471528 -0.979207 -0.270477 -0.471528 -0.979207 -0.270477 -0.471838 -0.975841 -0.270787 -0.474215 -0.984787 0.212282 0.474215 -0.984787 0.212282 0.47322 -0.988247 0.211287 0.47322 -0.988247 0.20572 0.471494 -0.99158 0.209561 0.471494 -0.99158 0.20572 0.469079 -0.994554 0.207144 0.469079 -0.994554 0.20572 0.469079 -0.994554 0.20572 0.469079 -0.994554 0.207144 0.467653 -0.995712 0.20572 0.466105 -0.996969 -0.249358 0.466105 -0.996969 0.204172 0.462773 -0.998695 0.20084 0.462773 -0.998695 -0.246213 0.459312 -0.99969 0.197379 0.459312 -0.99969 -0.242944 -0.470539 -0.982649 -0.269482 -0.47322 -0.988247 -0.256231 -0.47322 -0.988247 0.20572 -0.471494 -0.99158 -0.254554 -0.471494 -0.99158 0.20572 -0.468823 -0.985961 -0.267756 -0.466421 -0.988919 -0.265341 -0.469079 -0.994554 -0.252206 -0.469079 -0.994554 0.20572 -0.467653 -0.995712 0.20572 -0.469079 -0.994554 0.207144 -0.466105 -0.996969 -0.249358 -0.462773 -0.998695 -0.246213 -0.462773 -0.998695 0.20084 -0.466105 -0.996969 0.204172 -0.460152 -0.993037 -0.259036 -0.45671 -0.994025 -0.255574 -0.459312 -0.99969 -0.242944 -0.459312 -0.99969 0.197379 0.470539 -0.982649 -0.269482 -0.470539 -0.982649 -0.269482 0.468823 -0.985961 -0.267756 -0.468823 -0.985961 -0.267756 0.466421 -0.988919 -0.265341 -0.466421 -0.988919 -0.265341 0.466421 -0.988919 -0.265341 0.463464 -0.991321 -0.262367 -0.463464 -0.991321 -0.262367 -0.466421 -0.988919 -0.265341 0.460152 -0.993037 -0.259036 0.45671 -0.994025 -0.255574 0.453345 -0.994334 -0.252189 -0.453345 -0.994334 -0.252189 -0.47322 -0.988247 0.211287 0.47322 -0.988247 0.211287 -0.471494 -0.99158 0.209561 0.471494 -0.99158 0.209561 -0.469079 -0.994554 0.207144 0.469079 -0.994554 0.207144 -0.392383 -0.89926 -0.270787 0.392383 -0.89926 -0.270787 -0.471838 -0.44408 -0.270787 -0.392383 -0.528753 -0.270787 0.471838 -0.44408 -0.270787 0.392383 -0.528753 -0.270787 -0.471838 -0.44408 -0.270787 -0.384634 -0.376474 -0.270787 0.384634 -0.376474 -0.270787 0.471838 -0.44408 -0.270787 -0.471838 0.880296 -0.270787 -0.384634 0.86001 -0.270787 -0.468389 0.908127 -0.270787 -0.383269 0.871036 -0.270787 -0.457269 0.936066 -0.270787 -0.38086 0.877086 -0.270787 -0.438435 0.960933 -0.270787 -0.376769 0.882489 -0.270787 -0.413568 0.979767 -0.270787 -0.371366 0.886581 -0.270787 -0.385629 0.990887 -0.270787 -0.365315 0.888989 -0.270787 -0.357799 0.994334 -0.270787 -0.35429 0.890355 -0.270787 0.357799 0.994334 -0.270787 0.35429 0.890355 -0.270787 0.385629 0.990887 -0.270787 0.365315 0.888989 -0.270787 0.413568 0.979767 -0.270787 0.371366 0.886581 -0.270787 0.438435 0.960933 -0.270787 0.376769 0.882489 -0.270787 0.457269 0.936066 -0.270787 0.38086 0.877086 -0.270787 0.468389 0.908127 -0.270787 0.383269 0.871036 -0.270787 0.471838 0.880296 -0.270787 0.384634 0.86001 -0.270787 -0.294497 -0.287981 -0.322613 0.294497 -0.287981 -0.322613 -0.294497 0.775756 -0.322613 -0.293451 0.785241 -0.322613 -0.291608 0.790446 -0.322613 -0.288474 0.795093 -0.322613 -0.284338 0.798615 -0.322613 -0.279705 0.800685 -0.322613 -0.271263 0.801862 -0.322613 0.271263 0.801862 -0.322613 0.279705 0.800685 -0.322613 0.284338 0.798615 -0.322613 0.288474 0.795093 -0.322613 0.291608 0.790446 -0.322613 0.293451 0.785241 -0.322613 0.294497 0.775756 -0.322613 0.471209 0.881057 0.212592 0.471209 -0.441554 0.212592 -0.474525 -0.446611 -0.2575 -0.471838 -0.44408 -0.270787 0.359837 1 -0.2575 -0.45666 0.936752 0.212592 -0.359837 1 0.20572 -0.357321 0.994943 0.212592 0.357321 0.994943 0.212592 0.359837 1 0.20572 0.45666 0.936752 0.212592 0.438435 0.960933 -0.270787 0.413568 0.979767 -0.270787 -0.438435 0.960933 -0.270787 -0.467765 0.90885 0.212592 -0.474525 0.885311 -0.2575 -0.471838 0.880296 -0.270787 0.474525 0.885311 -0.2575 0.471838 0.880296 -0.270787 -0.359837 1 -0.2575 -0.357799 0.994334 -0.270787 -0.471209 0.881057 0.212592 0.474215 -0.984787 -0.2572 -0.474215 -0.984787 0.20572 -0.474215 -0.984787 0.212282 0.47322 -0.988247 -0.256231 0.470539 -0.982649 -0.269482 0.471528 -0.979207 -0.270477 0.471494 -0.99158 -0.254554 0.468823 -0.985961 -0.267756 0.469079 -0.994554 -0.252206 0.469079 -0.994554 -0.252206 0.385629 0.990887 -0.270787 -0.47322 -0.988247 0.211287 -0.471494 -0.99158 0.209561 -0.469079 -0.994554 0.20572 -0.469079 -0.994554 0.207144 -0.469079 -0.994554 -0.252206 0.471838 -0.44408 -0.270787 0.471838 0.880296 -0.270787 0.471838 -0.975841 -0.270787 -0.457269 0.936066 -0.270787 -0.468389 0.908127 -0.270787 -0.471838 0.880296 -0.270787 0.357799 0.994334 -0.270787 0.466421 -0.988919 -0.265341 0.474525 -0.459747 0.219193 0.469801 -0.456482 0.21101 0.469801 0.879166 0.21101 0.474525 0.885311 0.219193 0.440934 0.966409 0.219193 0.415924 0.985351 0.219193 0.415924 0.985351 0.28101 0.440934 0.966409 0.28101 -0.415924 0.985351 0.219193 -0.440934 0.966409 0.219193 -0.440934 0.966409 0.28101 -0.415924 0.985351 0.28101 -0.459876 0.941399 0.219193 -0.471058 0.913302 0.219193 -0.471058 0.913302 0.28101 -0.459876 0.941399 0.28101 0.359837 1 0.219193 0.356253 0.992714 0.21101 -0.356253 0.992714 0.21101 -0.359837 1 0.219193 -0.440934 0.966409 0.28101 -0.440934 0.966409 0.219193 -0.466367 0.906878 0.21101 -0.469801 0.879166 0.21101 -0.474525 0.885311 0.219193 -0.469801 -0.456482 0.21101 -0.474525 -0.459747 0.219193 0.466367 0.906878 0.21101 0.471058 0.913302 0.219193 0.474525 0.885311 0.219193 0.469801 0.879166 0.21101 -0.383965 0.98928 0.21101 -0.387827 0.996533 0.219193 -0.359837 1 0.219193 -0.356253 0.992714 0.21101 0.440934 0.966409 0.219193 0.440934 0.966409 0.28101 0.459876 0.941399 0.28101 0.459876 0.941399 0.219193 0.387827 0.996533 0.219193 0.387827 0.996533 0.28101 0.356253 0.992714 0.21101 0.359837 1 0.219193 0.383965 0.98928 0.21101 -0.411783 0.978209 0.21101 0.471058 0.913302 0.28101 0.463056 -0.459747 0.292479 0.465144 -0.459747 0.292288 0.465144 0.884733 0.292288 0.463056 0.884605 0.292479 0.432748 0.958222 0.292479 0.434237 0.959712 0.292288 0.411274 0.977104 0.292288 0.410239 0.975269 0.292479 -0.410239 0.975269 0.292479 -0.411274 0.977104 0.292288 -0.434237 0.959712 0.292288 -0.432748 0.958222 0.292479 -0.449794 0.935714 0.292479 -0.451629 0.936749 0.292288 -0.461896 0.910952 0.292288 -0.459857 0.91043 0.292479 0.35913 0.988531 0.292479 0.359259 0.990619 0.292288 -0.359259 0.990619 0.292288 -0.35913 0.988531 0.292479 -0.432748 0.958222 0.292479 -0.434237 0.959712 0.292288 0.384955 0.985332 0.292479 0.385477 0.98737 0.292288 0.461896 0.910952 0.292288 0.459857 0.91043 0.292479 -0.384955 0.985332 0.292479 -0.385477 0.98737 0.292288 -0.463056 0.884605 0.292479 -0.465144 0.884733 0.292288 -0.465144 -0.459747 0.292288 -0.463056 -0.459747 0.292479 0.449794 0.935714 0.292479 0.451629 0.936749 0.292288 0.434237 0.959712 0.292288 0.432748 0.958222 0.292479 0.467278 -0.459747 0.291675 0.467278 0.884865 0.291675 0.469333 -0.459747 0.29061 0.469333 0.884991 0.29061 0.471167 -0.459747 0.28912 0.471167 0.885104 0.28912 0.472656 -0.459747 0.287287 0.472656 0.885197 0.287287 0.473721 -0.459747 0.285232 0.473721 0.885262 0.285232 0.474335 -0.459747 0.283098 0.474335 0.885301 0.283098 0.474525 -0.459747 0.28101 0.474525 0.885311 0.28101 0.43576 0.961235 0.291675 0.412331 0.978979 0.291675 0.437228 0.962701 0.29061 0.41335 0.980785 0.29061 0.438536 0.964011 0.28912 0.414259 0.982397 0.28912 0.439599 0.965074 0.287287 0.414997 0.983706 0.287287 0.440359 0.965834 0.285232 0.415526 0.984643 0.285232 0.440797 0.966272 0.283098 0.415829 0.985182 0.283098 0.440934 0.966409 0.28101 0.415924 0.985351 0.28101 -0.412331 0.978979 0.291675 -0.43576 0.961235 0.291675 -0.41335 0.980785 0.29061 -0.437228 0.962701 0.29061 -0.414259 0.982397 0.28912 -0.438536 0.964011 0.28912 -0.414997 0.983706 0.287287 -0.439599 0.965074 0.287287 -0.415526 0.984643 0.285232 -0.440359 0.965834 0.285232 -0.415829 0.985182 0.283098 -0.440797 0.966272 0.283098 -0.415924 0.985351 0.28101 -0.440934 0.966409 0.28101 -0.453505 0.937806 0.291675 -0.46398 0.911487 0.291675 -0.45531 0.938825 0.29061 -0.465986 0.912001 0.29061 -0.456922 0.939734 0.28912 -0.467777 0.91246 0.28912 -0.458232 0.940472 0.287287 -0.469232 0.912834 0.287287 -0.459168 0.941001 0.285232 -0.470271 0.9131 0.285232 -0.459707 0.941304 0.283098 -0.470871 0.913254 0.283098 -0.459876 0.941399 0.28101 -0.471058 0.913302 0.28101 0.35939 0.992753 0.291675 -0.35939 0.992753 0.291675 0.359517 0.994808 0.29061 -0.359517 0.994808 0.29061 0.359631 0.996641 0.28912 -0.359631 0.996641 0.28912 0.359722 0.998131 0.287287 -0.359722 0.998131 0.287287 0.359787 0.999196 0.285232 -0.359787 0.999196 0.285232 0.359826 0.999809 0.283098 -0.359826 0.999809 0.283098 0.359837 1 0.28101 -0.359837 1 0.28101 -0.43576 0.961235 0.291675 -0.437228 0.962701 0.29061 -0.438536 0.964011 0.28912 -0.439599 0.965074 0.287287 -0.440359 0.965834 0.285232 -0.440797 0.966272 0.283098 -0.440934 0.966409 0.28101 0.386012 0.989455 0.291675 0.386527 0.99146 0.29061 0.386985 0.993252 0.28912 0.387359 0.994707 0.287287 0.387625 0.995746 0.285232 0.387779 0.996345 0.283098 0.387827 0.996533 0.28101 0.46398 0.911487 0.291675 0.465986 0.912001 0.29061 0.467777 0.91246 0.28912 0.469232 0.912834 0.287287 0.470271 0.9131 0.285232 0.470871 0.913254 0.283098 0.471058 0.913302 0.28101 -0.386012 0.989455 0.291675 -0.386527 0.99146 0.29061 -0.386985 0.993252 0.28912 -0.387359 0.994707 0.287287 -0.387625 0.995746 0.285232 -0.387779 0.996345 0.283098 -0.387827 0.996533 0.28101 -0.467278 0.884865 0.291675 -0.467278 -0.459747 0.291675 -0.469333 0.884991 0.29061 -0.469333 -0.459747 0.29061 -0.471167 0.885104 0.28912 -0.471167 -0.459747 0.28912 -0.472656 0.885197 0.287287 -0.472656 -0.459747 0.287287 -0.473721 0.885262 0.285232 -0.473721 -0.459747 0.285232 -0.474335 0.885301 0.283098 -0.474335 -0.459747 0.283098 -0.474525 0.885311 0.28101 -0.474525 -0.459747 0.28101 0.453505 0.937806 0.291675 0.43576 0.961235 0.291675 0.45531 0.938825 0.29061 0.437228 0.962701 0.29061 0.456922 0.939734 0.28912 0.438536 0.964011 0.28912 0.458232 0.940472 0.287287 0.439599 0.965074 0.287287 0.459168 0.941001 0.285232 0.440359 0.965834 0.285232 0.459707 0.941304 0.283098 0.440797 0.966272 0.283098 0.459876 0.941399 0.28101 0.440934 0.966409 0.28101 0.474525 -0.459747 0.219193 0.465276 -0.458432 0.217609 0.469801 -0.456482 0.21101 0.474335 -0.459747 0.283098 0.460728 -0.456328 0.271596 0.460914 -0.456328 0.270187 0.474525 -0.459747 0.28101 0.473721 -0.459747 0.285232 0.460132 -0.456328 0.273039 0.472656 -0.459747 0.287287 0.459098 -0.456328 0.274426 0.471167 -0.459747 0.28912 0.45765 -0.456328 0.275665 0.469333 -0.459747 0.29061 0.45587 -0.456328 0.27667 0.467278 -0.459747 0.291675 0.453875 -0.456328 0.27739 0.465144 -0.459747 0.292288 0.451801 -0.456328 0.277805 0.463056 -0.459747 0.292479 0.449774 -0.456328 0.277934 -0.463056 -0.459747 0.292479 -0.449774 -0.456328 0.277934 -0.465144 -0.459747 0.292288 -0.451801 -0.456328 0.277805 -0.467278 -0.459747 0.291675 -0.453875 -0.456328 0.27739 -0.469333 -0.459747 0.29061 -0.45587 -0.456328 0.27667 -0.471167 -0.459747 0.28912 -0.45765 -0.456328 0.275665 -0.472656 -0.459747 0.287287 -0.459098 -0.456328 0.274426 -0.473721 -0.459747 0.285232 -0.460132 -0.456328 0.273039 -0.474335 -0.459747 0.283098 -0.460728 -0.456328 0.271596 -0.474525 -0.459747 0.28101 -0.460914 -0.456328 0.270187 -0.474525 -0.459747 0.219193 -0.469801 -0.456482 0.21101 -0.465276 -0.458432 0.217609 0.474525 0.885311 0.28101 0.474525 -0.459747 0.28101 0.436543 0.959456 0.21101 0.411783 0.978209 0.21101 -0.436543 0.959456 0.21101 -0.455296 0.934696 0.21101 -0.359837 1 0.28101 0.359837 1 0.28101 -0.436543 0.959456 0.21101 -0.474525 0.885311 0.28101 -0.474525 -0.459747 0.28101 0.474525 0.885311 0.28101 -0.387827 0.996533 0.28101 -0.359837 1 0.28101 0.455296 0.934696 0.21101 0.436543 0.959456 0.21101 0.359837 1 0.28101 0.462746 -0.942248 0.212592 0.462746 -0.942248 0.2807 -0.462746 -0.942248 0.2807 -0.462746 -0.942248 0.212592 -0.474525 -0.462043 0.212592 -0.474525 -0.930469 0.212592 -0.474525 -0.930469 0.2807 -0.474525 -0.462043 0.2807 0.462746 -0.930469 0.292479 0.462746 -0.462043 0.292479 -0.462746 -0.462043 0.292479 -0.462746 -0.930469 0.292479 0.474525 -0.462043 0.212592 0.474525 -0.462043 0.2807 0.474525 -0.930469 0.2807 0.474525 -0.930469 0.212592 -0.474328 -0.932613 0.212592 -0.474304 -0.932746 0.2807 -0.474525 -0.930469 0.2807 0.462746 -0.942248 0.2807 0.462746 -0.942026 0.282977 -0.462746 -0.942026 0.282977 -0.462746 -0.942248 0.2807 0.474525 -0.930469 0.2807 0.474304 -0.932746 0.2807 0.474328 -0.932613 0.212592 -0.46489 -0.462043 0.292284 -0.465023 -0.930469 0.292257 -0.462746 -0.930469 0.292479 0.462746 -0.930469 0.292479 0.465023 -0.930469 0.292257 0.46489 -0.462043 0.292284 -0.470345 -0.938068 0.286377 -0.468814 -0.938931 0.286768 -0.468423 -0.938068 0.288299 -0.4698 -0.937523 0.287753 0.470345 -0.938068 0.286377 0.471209 -0.936537 0.286768 0.470345 -0.936146 0.288299 0.4698 -0.937523 0.287753 -0.470345 -0.936146 0.288299 -0.471209 -0.936537 0.286768 -0.468814 -0.936537 0.289162 -0.466988 -0.939599 0.287053 -0.46675 -0.938473 0.288703 -0.47075 -0.938473 0.284703 -0.469099 -0.939599 0.284942 -0.470995 -0.938718 0.282788 -0.469267 -0.940044 0.282892 -0.471075 -0.938798 0.2807 -0.46931 -0.94025 0.2807 -0.464938 -0.940044 0.28722 -0.464832 -0.938718 0.288948 -0.467157 -0.940481 0.285111 -0.467247 -0.941072 0.28296 -0.467255 -0.941352 0.2807 -0.462746 -0.94025 0.287264 -0.462746 -0.938798 0.289029 -0.465006 -0.941072 0.285201 -0.465035 -0.94174 0.282989 -0.465023 -0.942026 0.2807 -0.462746 -0.941352 0.285209 -0.471877 -0.936822 0.284942 -0.470345 -0.936146 0.288299 -0.47075 -0.934473 0.288703 -0.471877 -0.934711 0.287053 -0.471209 -0.936537 0.286768 -0.470995 -0.932555 0.288948 -0.472321 -0.932659 0.28722 -0.471075 -0.930469 0.289029 -0.472527 -0.930469 0.287264 -0.472321 -0.936989 0.282892 -0.472758 -0.93488 0.285111 -0.471877 -0.936822 0.284942 -0.473349 -0.932729 0.285201 -0.473629 -0.930469 0.285209 -0.472527 -0.937033 0.2807 -0.473349 -0.93497 0.28296 -0.472321 -0.936989 0.282892 -0.474017 -0.932758 0.282989 -0.474304 -0.930469 0.282977 -0.473629 -0.934978 0.2807 -0.472527 -0.937033 0.2807 -0.469099 -0.934711 0.289832 -0.47075 -0.934473 0.288703 -0.466988 -0.936822 0.289832 -0.464938 -0.936989 0.290275 -0.462746 -0.937033 0.290483 -0.469267 -0.932659 0.290275 -0.470995 -0.932555 0.288948 -0.467157 -0.93488 0.290712 -0.465006 -0.93497 0.291303 -0.462746 -0.934978 0.291583 -0.46931 -0.930469 0.290483 -0.471075 -0.930469 0.289029 -0.467247 -0.932729 0.291303 -0.465035 -0.932758 0.291971 -0.462746 -0.932746 0.292257 -0.467255 -0.930469 0.291583 -0.465023 -0.930469 0.292257 -0.462746 -0.930469 0.292479 0.468423 -0.938068 0.288299 0.468814 -0.938931 0.286768 0.470345 -0.938068 0.286377 0.4698 -0.937523 0.287753 0.470345 -0.936146 0.288299 0.468814 -0.936537 0.289162 0.471877 -0.934711 0.287053 0.47075 -0.934473 0.288703 0.47075 -0.938473 0.284703 0.471877 -0.936822 0.284942 0.470995 -0.938718 0.282788 0.472321 -0.936989 0.282892 0.471075 -0.938798 0.2807 0.472527 -0.937033 0.2807 0.472321 -0.932659 0.28722 0.470995 -0.932555 0.288948 0.472758 -0.93488 0.285111 0.473349 -0.93497 0.28296 0.473629 -0.934978 0.2807 0.472527 -0.930469 0.287264 0.471075 -0.930469 0.289029 0.473349 -0.932729 0.285201 0.474017 -0.932758 0.282989 0.473629 -0.930469 0.285209 0.474304 -0.930469 0.282977 0.469099 -0.939599 0.284942 0.47075 -0.938473 0.284703 0.46675 -0.938473 0.288703 0.466988 -0.939599 0.287053 0.464832 -0.938718 0.288948 0.464938 -0.940044 0.28722 0.462746 -0.938798 0.289029 0.462746 -0.94025 0.287264 0.469267 -0.940044 0.282892 0.470995 -0.938718 0.282788 0.467157 -0.940481 0.285111 0.465006 -0.941072 0.285201 0.462746 -0.941352 0.285209 0.46931 -0.94025 0.2807 0.471075 -0.938798 0.2807 0.467247 -0.941072 0.28296 0.465035 -0.94174 0.282989 0.467255 -0.941352 0.2807 0.465023 -0.942026 0.2807 0.466988 -0.936822 0.289832 0.47075 -0.934473 0.288703 0.469099 -0.934711 0.289832 0.470995 -0.932555 0.288948 0.469267 -0.932659 0.290275 0.471075 -0.930469 0.289029 0.46931 -0.930469 0.290483 0.464938 -0.936989 0.290275 0.467157 -0.93488 0.290712 0.467247 -0.932729 0.291303 0.467255 -0.930469 0.291583 0.462746 -0.937033 0.290483 0.465006 -0.93497 0.291303 0.465035 -0.932758 0.291971 0.465023 -0.930469 0.292257 0.462746 -0.934978 0.291583 0.462746 -0.932746 0.292257 0.462746 -0.930469 0.292479 -0.473699 -0.934806 0.212592 -0.472606 -0.936915 0.212592 -0.472606 -0.936915 0.212592 -0.471075 -0.938798 0.212592 -0.469192 -0.940328 0.212592 -0.467083 -0.941422 0.212592 -0.46489 -0.942051 0.212592 0.473699 -0.934806 0.212592 0.472606 -0.936915 0.212592 0.471075 -0.938798 0.212592 0.469192 -0.940328 0.212592 0.471075 -0.938798 0.212592 0.467083 -0.941422 0.212592 0.46489 -0.942051 0.212592 -0.467083 -0.462043 0.291653 -0.467255 -0.930469 0.291583 -0.469192 -0.462043 0.29056 -0.46931 -0.930469 0.290483 -0.471075 -0.462043 0.289029 -0.472606 -0.462043 0.287146 -0.473699 -0.462043 0.285037 -0.474328 -0.462043 0.282844 0.467255 -0.930469 0.291583 0.467083 -0.462043 0.291653 0.46931 -0.930469 0.290483 0.469192 -0.462043 0.29056 0.471075 -0.462043 0.289029 0.472606 -0.462043 0.287146 0.473699 -0.462043 0.285037 0.474328 -0.462043 0.282844 -0.466003 -0.457821 0.272487 -0.466003 -0.457821 0.224241 -0.465809 -0.457821 0.274006 -0.46519 -0.457821 0.275559 -0.464116 -0.457821 0.277053 -0.462615 -0.457821 0.278388 -0.460766 -0.457821 0.279471 -0.462615 -0.457821 0.278388 -0.458694 -0.457821 0.280246 -0.456541 -0.457821 0.280692 -0.454436 -0.457821 0.280832 0.454436 -0.457821 0.280832 0.456541 -0.457821 0.280692 0.458694 -0.457821 0.280246 0.460766 -0.457821 0.279471 0.462615 -0.457821 0.278388 0.464116 -0.457821 0.277053 0.462615 -0.457821 0.278388 0.46519 -0.457821 0.275559 0.465809 -0.457821 0.274006 0.466003 -0.457821 0.272487 0.466003 -0.457821 0.224241 -0.453697 -0.937512 0.205841 0.453697 -0.937512 0.205841 0.455798 -0.937318 0.205841 -0.455798 -0.937318 0.205841 0.457948 -0.936701 0.205841 -0.457948 -0.936701 0.205841 0.460016 -0.935629 0.205841 -0.460016 -0.935629 0.205841 0.461863 -0.934129 0.205841 -0.461863 -0.934129 0.205841 0.461863 -0.934129 0.205841 0.463363 -0.932283 0.205841 -0.463363 -0.932283 0.205841 0.464434 -0.930214 0.205841 -0.464434 -0.930214 0.205841 -0.463363 -0.932283 0.205841 0.465053 -0.928064 0.205841 -0.465053 -0.928064 0.205841 0.465245 -0.925962 0.205841 -0.465245 -0.925962 0.205841 0.465245 -0.466697 0.205841 -0.465245 -0.466697 0.205841 0.456888 -0.462559 0.21749 -0.456888 -0.462559 0.21749 0.456888 -0.462559 0.265736 -0.456888 -0.462559 0.265736 0.456699 -0.462559 0.267254 -0.456699 -0.462559 0.267254 0.456093 -0.462559 0.268807 -0.456093 -0.462559 0.268807 0.455041 -0.462559 0.270302 -0.455041 -0.462559 0.270302 0.453567 -0.462559 0.271635 -0.453567 -0.462559 0.271635 0.453567 -0.462559 0.271635 0.451753 -0.462559 0.27272 -0.451753 -0.462559 0.27272 -0.453567 -0.462559 0.271635 0.449721 -0.462559 0.273493 -0.449721 -0.462559 0.273493 0.447611 -0.462559 0.27394 -0.447611 -0.462559 0.27394 0.445548 -0.462559 0.274079 -0.445548 -0.462559 0.274079 0.459857 0.91043 0.292479 0.449794 0.935714 0.292479 0.410239 0.975269 0.292479 0.384955 0.985332 0.292479 0.432748 0.958222 0.292479 -0.410239 0.975269 0.292479 -0.432748 0.958222 0.292479 -0.449794 0.935714 0.292479 0.35913 0.988531 0.292479 0.463056 0.884605 0.292479 -0.463056 0.884605 0.292479 -0.463056 -0.459747 0.292479 0.463056 -0.459747 0.292479 -0.384955 0.985332 0.292479 -0.459857 0.91043 0.292479 -0.35913 0.988531 0.292479 0.460914 -0.456328 0.223973 -0.460914 -0.456328 0.223973 </float_array>
          <technique_common>
            <accessor count="1899" offset="0" source="#meshId0-positions-array" stride="3">
              <param name="X" type="float" />
              <param name="Y" type="float" />
              <param name="Z" type="float" />
            </accessor>
          </technique_common>
        </source>
        <source id="meshId0-normals" name="meshId0-normals">
          <float_array id="meshId0-normals-array" count="5697"> 0 0 1 0 0 1 0 0 1 0 0 1 0 0 1 0 0 1 0 0 1 0 0 1 0.261906 -0.261906 0.928844 0.40825 -0.408219 0.816469 -0.40825 -0.408219 0.816469 -0.261906 -0.261906 0.928844 0.552813 -0.552813 0.6235 -0.552813 -0.552813 0.6235 0 0.999687 -0.0240938 0 0.998094 0.0615937 0 0.998094 0.0615937 0 0.999687 -0.0240938 0.998094 0 0.0615937 0.999406 0 -0.0335625 0.999406 0 -0.0335625 0.998094 0 0.0615937 -0.0308125 -0.0308125 0.999031 0.0308125 0.0308125 0.999031 0.0308125 -0.0308125 0.999031 -0.0308125 0.0308125 0.999031 0.0308125 -0.0308125 0.999031 -0.0308125 0.0308125 0.999031 0.0308125 0.0308125 0.999031 -0.0308125 -0.0308125 0.999031 0.0308125 0.0308125 0.999031 -0.0308125 -0.0308125 0.999031 -0.0308125 0.0308125 0.999031 0.0308125 -0.0308125 0.999031 -0.0308125 0.0308125 0.999031 0.0308125 -0.0308125 0.999031 -0.0308125 -0.0308125 0.999031 0.0308125 0.0308125 0.999031 0.998094 0 0.0615937 1 0 -0 1 0 -0 0.998094 0 0.0615937 0 0.998094 0.0615937 0 1 -0 0 1 -0 0 0.998094 0.0615937 -0.998094 0 0.0615937 -1 0 -0 -1 0 -0 -0.998094 0 0.0615937 0 -0.998094 0.0615937 0 -1 -0 0 -1 -0 0 -0.998094 0.0615937 0 -0.999687 -0.0240625 0 -0.998094 0.0615937 0 -0.998094 0.0615937 0 -0.999687 -0.0240625 -0.999406 0 -0.0335625 -0.998094 0 0.0615937 -0.998094 0 0.0615937 -0.999406 0 -0.0335625 0 -0.968656 0.248375 0 -0.968656 0.248375 -0.552813 -0.552813 0.6235 0 -0.968656 0.248375 0 -0.968656 0.248375 0.552813 -0.552813 0.6235 0.126156 0.126156 0.983938 -0.126156 0.126156 0.983938 -0.126156 -0.126156 0.983938 -0.261906 -0.261906 0.928844 -0.261906 0.261906 0.928844 -0.126156 0.126125 0.983938 -0.40825 -0.408219 0.816469 -0.40825 0.40825 0.816469 0.126156 -0.126156 0.983938 0.126156 0.126156 0.983938 0.126156 0.126125 0.983938 0.126156 -0.126156 0.983938 -0.126156 0.126156 0.983938 -0.126156 -0.126156 0.983938 -0.126156 0.126125 0.983938 0.126156 0.126125 0.983938 -0.126156 -0.126156 0.983938 0.126156 -0.126156 0.983938 0.126156 -0.126156 0.983938 -0.126156 -0.126156 0.983938 -0.552813 -0.552813 0.6235 -0.552813 0.552813 0.6235 0.571688 -0.606781 -0.552188 0.606094 -0.633375 -0.481094 -0.606094 -0.633375 -0.481094 -0.571688 -0.606781 -0.552188 0 -0.979719 -0.20025 0 -0.979719 -0.20025 0 -0.995188 -0.0977812 0 -0.995188 -0.0977812 -0.968656 0 0.248375 -0.968656 0 0.248375 -0.571688 -0.606781 -0.552188 -0.606094 -0.633375 -0.481094 -0.606094 0.633375 -0.481094 -0.571688 0.60675 -0.55225 -0.961875 0 -0.273375 -0.961875 0 -0.273375 -0.99075 0 -0.135469 -0.99075 0 -0.135469 0.261906 0.261906 0.928844 -0.261906 0.261906 0.928844 0.408219 0.408219 0.816469 -0.408219 0.408219 0.816469 0.552813 0.552813 0.6235 -0.552813 0.552813 0.6235 0 0.968656 0.248375 0 0.968656 0.248375 -0.571688 0.60675 -0.55225 -0.606094 0.633375 -0.481094 0.606094 0.633375 -0.481094 0.571688 0.60675 -0.55225 0 0.97975 -0.200188 0 0.97975 -0.200188 0 0.995188 -0.0978438 0 0.995188 -0.0978438 0.571688 0.60675 -0.55225 0.606094 0.633375 -0.481094 0.606094 -0.633375 -0.481094 0.571688 -0.606781 -0.552188 0.961875 0 -0.273375 0.961875 0 -0.273375 0.99075 0 -0.135469 0.99075 0 -0.135469 0.261906 -0.261906 0.928844 0.261906 0.261906 0.928844 0.408219 -0.408219 0.816469 0.408219 0.408219 0.816469 0.552813 -0.552813 0.6235 0.552813 0.552813 0.6235 0.968656 0 0.248375 0.968656 0 0.248375 0.261906 0.261906 0.928844 0.261906 -0.261906 0.928844 0.40825 0.40825 0.816469 0.40825 -0.408219 0.816469 0.552813 0.552813 0.6235 0.552813 -0.552813 0.6235 0.968656 0 0.248375 0.968656 0 0.248375 -0.261906 0.261906 0.928844 -0.261906 -0.261906 0.928844 -0.408219 0.408219 0.816469 -0.408219 -0.408219 0.816469 -0.552813 0.552813 0.6235 -0.552813 -0.552813 0.6235 -0.968656 0 0.248375 -0.968656 0 0.248375 -0.261906 0.261906 0.928844 0.261906 0.261906 0.928844 -0.40825 0.40825 0.816469 0.40825 0.40825 0.816469 -0.552813 0.552813 0.6235 0.552813 0.552813 0.6235 0 0.968656 0.248375 0 0.968656 0.248375 -0.261906 -0.261906 0.928844 0.261906 -0.261906 0.928844 -0.408219 -0.408219 0.816469 0.408219 -0.408219 0.816469 0.261906 0.261906 0.928844 0.40825 0.40825 0.816469 0.40825 -0.408219 0.816469 0.261906 -0.261906 0.928844 0.552813 0.552813 0.6235 0.552813 -0.552813 0.6235 -0.999687 0 -0.0240938 -0.998094 0 0.0615937 -0.998094 0 0.0615937 -0.999687 0 -0.0240938 0 0.998094 0.0615937 0 0.999406 -0.0335625 0 0.999406 -0.0335625 0 0.998094 0.0615937 0.0308125 -0.0308125 0.999031 -0.0308125 0.0308125 0.999031 0.0308125 0.0308125 0.999031 -0.0308125 -0.0308125 0.999031 0.0308125 0.0308125 0.999031 -0.0308125 -0.0308125 0.999031 -0.0308125 0.0308125 0.999031 0.0308125 -0.0308125 0.999031 -0.0308125 0.0308125 0.999031 0.0308125 -0.0308125 0.999031 -0.0308125 -0.0308125 0.999031 0.0308125 0.0308125 0.999031 -0.0308125 -0.0308125 0.999031 0.0308125 0.0308125 0.999031 0.0308125 -0.0308125 0.999031 -0.0308125 0.0308125 0.999031 0 0.998094 0.0615937 0 1 -0 0 1 -0 0 0.998094 0.0615937 -0.998094 0 0.0615937 -1 0 -0 -1 0 -0 -0.998094 0 0.0615937 0 -0.998094 0.0615937 0 -1 -0 0 -1 -0 0 -0.998094 0.0615937 0.998094 0 0.0615937 1 0 -0 1 0 -0 0.998094 0 0.0615937 0.999687 0 -0.0240938 0.998094 0 0.0615937 0.998094 0 0.0615937 0.999687 0 -0.0240938 0 -0.999406 -0.0335312 0 -0.998094 0.0615937 0 -0.998094 0.0615937 0 -0.999406 -0.0335312 0.968656 0 0.248375 0.968656 0 0.248375 0.552813 -0.552813 0.6235 0.968656 0 0.248375 0.968656 0 0.248375 0.552813 0.552813 0.6235 -0.126156 0.126156 0.983938 -0.126156 -0.126156 0.983938 0.126156 -0.126156 0.983938 0.261906 -0.261906 0.928844 -0.261906 -0.261906 0.928844 -0.126156 -0.126156 0.983938 0.40825 -0.408219 0.816469 -0.40825 -0.408219 0.816469 0.126156 0.126156 0.983938 -0.126156 0.126156 0.983938 -0.126156 0.126156 0.983938 0.126156 0.126156 0.983938 -0.126156 -0.126156 0.983938 0.126156 -0.126156 0.983938 -0.126156 -0.126156 0.983938 -0.126156 0.126156 0.983938 0.126156 -0.126156 0.983938 0.126156 0.126156 0.983938 0.126156 0.126156 0.983938 0.126156 -0.126156 0.983938 0.552813 -0.552813 0.6235 -0.552813 -0.552813 0.6235 0.60675 0.571688 -0.55225 0.633375 0.606094 -0.481094 0.633375 -0.606094 -0.481094 0.60675 -0.571688 -0.552219 0.979719 0 -0.200219 0.979719 0 -0.200219 0.995188 0 -0.0978125 0.995188 0 -0.0978125 0 -0.968656 0.248375 0 -0.968656 0.248375 0.60675 -0.571688 -0.552219 0.633375 -0.606094 -0.481094 -0.633375 -0.606094 -0.481094 -0.60675 -0.571688 -0.552219 0 -0.961875 -0.273375 0 -0.961875 -0.273375 0 -0.990781 -0.135438 0 -0.990781 -0.135438 -0.261906 0.261906 0.928844 -0.261906 -0.261906 0.928844 -0.408219 0.408219 0.816469 -0.408219 -0.40825 0.816469 -0.552813 0.552813 0.6235 -0.552813 -0.552813 0.6235 -0.968656 0 0.248375 -0.968656 0 0.248375 -0.60675 -0.571688 -0.552219 -0.633375 -0.606094 -0.481094 -0.633375 0.606094 -0.481094 -0.60675 0.571688 -0.55225 -0.979719 0 -0.200219 -0.979719 0 -0.200219 -0.995188 0 -0.0978125 -0.995188 0 -0.0978125 -0.60675 0.571688 -0.55225 -0.633375 0.606094 -0.481094 0.633375 0.606094 -0.481094 0.60675 0.571688 -0.55225 0 0.961875 -0.273375 0 0.961875 -0.273375 0 0.99075 -0.135469 0 0.99075 -0.135469 0.261906 0.261906 0.928844 -0.261906 0.261906 0.928844 0.40825 0.408219 0.816469 -0.408219 0.408219 0.816469 0.552813 0.552813 0.6235 -0.552813 0.552813 0.6235 0 0.968656 0.248375 0 0.968656 0.248375 -0.261906 0.261906 0.928844 0.261906 0.261906 0.928844 -0.40825 0.40825 0.816469 0.40825 0.40825 0.816469 -0.552813 0.552813 0.6235 0.552813 0.552813 0.6235 0 0.968656 0.248375 0 0.968656 0.248375 -0.261906 -0.261906 0.928844 0.261906 -0.261906 0.928844 -0.408219 -0.40825 0.816469 0.40825 -0.40825 0.816469 -0.552813 -0.552813 0.6235 0.552813 -0.552813 0.6235 0 -0.968656 0.248375 0 -0.968656 0.248375 -0.261906 -0.261906 0.928844 -0.261906 0.261906 0.928844 -0.40825 -0.408219 0.816469 -0.40825 0.40825 0.816469 -0.552813 -0.552813 0.6235 -0.552813 0.552813 0.6235 -0.968656 0 0.248375 -0.968656 0 0.248375 0.261906 -0.261906 0.928844 0.261906 0.261906 0.928844 0.40825 -0.40825 0.816469 0.40825 0.408219 0.816469 0.634812 -0.756531 -0.156875 0.58175 -0.693281 0.425281 0.4525 -0.783781 0.425281 0.493781 -0.855281 -0.156875 0.850438 0.309531 0.425312 0.479062 0.174344 0.86025 0.502062 0.0885 0.86025 0.891281 0.157156 0.425281 0.311687 -0.261531 -0.913469 0.420406 -0.35275 -0.835906 0.35275 -0.420406 -0.835906 0.261531 -0.311687 -0.913469 0.693281 0.58175 0.425281 0.390531 0.327688 0.86025 0.4415 0.254906 0.86025 0.783781 0.4525 0.425312 0.520688 -0.436906 -0.733469 0.436906 -0.520688 -0.733469 0.4525 0.783781 0.425312 0.254906 0.4415 0.86025 0.327688 0.390531 0.86025 0.58175 0.693281 0.425281 0.607656 -0.509875 -0.608875 0.509875 -0.607656 -0.608875 0.677375 -0.568375 -0.467 0.568375 -0.677375 -0.467 0.727281 -0.61025 -0.314063 0.61025 -0.727281 -0.314063 -0.157156 0.891281 0.425312 -0.0885 0.502062 0.86025 0 0.509812 0.86025 0 0.905031 0.425312 0.756531 -0.634812 -0.156875 -0.4525 0.783781 0.425312 -0.254906 0.4415 0.86025 -0.174344 0.479062 0.86025 -0.309531 0.850438 0.425312 0.693281 -0.58175 0.425281 0.352375 -0.203438 -0.913469 0.475281 -0.274406 -0.835938 -0.783781 0.4525 0.425312 -0.4415 0.254906 0.86025 -0.390531 0.327688 0.86025 -0.693281 0.58175 0.425281 0.588625 -0.339844 -0.733469 0.686969 -0.396625 -0.608875 0.765781 -0.442125 -0.467 -0.891281 -0.157156 0.425281 -0.502062 -0.0885312 0.86025 -0.509812 0 0.86025 -0.905031 0 0.425281 0.822187 -0.474687 -0.314063 -0.783781 -0.4525 0.425312 -0.4415 -0.254906 0.86025 -0.479062 -0.174344 0.86025 -0.850438 -0.309531 0.425312 0.855281 -0.493781 -0.156875 -0.58175 -0.693281 0.425281 -0.327688 -0.390531 0.86025 -0.390531 -0.327688 0.86025 -0.693281 -0.58175 0.425281 0.783781 -0.4525 0.425312 -0.309531 -0.850469 0.425281 -0.174344 -0.479062 0.86025 -0.254906 -0.4415 0.86025 -0.4525 -0.783781 0.425281 0.382344 -0.139156 -0.913469 0.515719 -0.187688 -0.835938 0.638687 -0.232469 -0.733469 0.157156 -0.891281 0.425281 0.0885312 -0.502062 0.86025 0 -0.509812 0.86025 0 -0.905031 0.425281 0.745406 -0.271281 -0.608875 0.830906 -0.302406 -0.467 0.892125 -0.324688 -0.314063 0.390531 -0.327688 0.86025 0.327688 -0.390531 0.86025 0.928031 -0.337781 -0.156875 0.850438 -0.309531 0.425312 0.479062 -0.174344 0.86025 0.4415 -0.254906 0.86025 0.905031 0 0.425281 0.509812 0 0.86025 0.502062 -0.0885312 0.86025 0.891281 -0.157156 0.425281 0.400719 -0.0706562 -0.913469 0.540469 -0.0952813 -0.835938 0.669375 -0.118 -0.733469 0.781187 -0.137719 -0.608875 0.309531 0.850438 0.425312 0.174344 0.479062 0.86025 0.157156 0.891281 0.425312 0.0885 0.502062 0.86025 0.870812 -0.153531 -0.467 0.934969 -0.164844 -0.314063 -0.58175 0.693281 0.425281 -0.327688 0.390531 0.86025 0.972594 -0.171469 -0.156875 -0.850438 0.309531 0.425312 -0.479062 0.174344 0.86025 -0.891281 0.157156 0.425281 -0.502062 0.0885 0.86025 0.406875 0 -0.913469 0.548813 0 -0.835938 0.679688 0 -0.733469 0.79325 0 -0.608875 -0.157156 -0.891281 0.425281 -0.0885312 -0.502062 0.86025 0.88425 0 -0.467 0.309531 -0.850469 0.425281 0.174344 -0.479062 0.86025 0.254906 -0.4415 0.86025 0.949375 0 -0.314063 0.987594 0 -0.156875 0.327938 0.0578125 -0.942906 0.400719 0.0706562 -0.913469 0.333 0 -0.942906 0.312906 0.113875 -0.942906 0.382344 0.139156 -0.913469 0.288375 0.1665 -0.942906 0.352375 0.203438 -0.913469 0.255094 0.214031 -0.942906 0.311687 0.261531 -0.913469 0.214031 0.255094 -0.942906 0.261531 0.311687 -0.913469 0.1665 0.288375 -0.942906 0.203438 0.352375 -0.913469 0.113875 0.312906 -0.942906 0.139156 0.382344 -0.913469 0.0578125 0.327938 -0.942906 0.0706562 0.400687 -0.913469 0 0.333 -0.942906 0 0.406875 -0.913469 -0.0578125 0.327938 -0.942906 -0.0706562 0.400687 -0.913469 -0.113875 0.312906 -0.942906 -0.139156 0.382344 -0.913469 -0.1665 0.288375 -0.942906 -0.203438 0.352375 -0.913469 -0.214031 0.255094 -0.942906 -0.261531 0.311687 -0.913469 -0.255094 0.214031 -0.942906 -0.311687 0.261531 -0.913469 -0.288375 0.1665 -0.942906 -0.352375 0.203438 -0.913469 -0.312906 0.113875 -0.942906 -0.382344 0.139156 -0.913469 -0.327938 0.0578125 -0.942906 -0.400719 0.0706562 -0.913469 -0.333 0 -0.942906 -0.406875 0 -0.913469 -0.327938 -0.0578125 -0.942906 -0.400719 -0.0706562 -0.913469 -0.312906 -0.113875 -0.942906 -0.382344 -0.139156 -0.913469 -0.288375 -0.1665 -0.942906 -0.352375 -0.203438 -0.913469 -0.255094 -0.214031 -0.942906 -0.311687 -0.261531 -0.913469 -0.214031 -0.255094 -0.942906 -0.261531 -0.311687 -0.913469 -0.1665 -0.288375 -0.942906 -0.203438 -0.352375 -0.913469 -0.113875 -0.312906 -0.942906 -0.139156 -0.382344 -0.913469 -0.0578125 -0.327938 -0.942906 -0.0706562 -0.400719 -0.913469 0 -0.333 -0.942906 0 -0.406875 -0.913469 0.0578125 -0.327938 -0.942906 0.0706562 -0.400719 -0.913469 0.113875 -0.312906 -0.942906 0.139156 -0.382344 -0.913469 0.1665 -0.288375 -0.942906 0.203438 -0.352375 -0.913469 0.214031 -0.255094 -0.942906 0.255094 -0.214031 -0.942906 0.288375 -0.1665 -0.942906 0.312906 -0.113875 -0.942906 0.327938 -0.0578125 -0.942906 0.540469 0.0952813 -0.835938 0.669375 0.118 -0.733469 0.781187 0.137719 -0.608875 0.870812 0.153531 -0.467 0.934969 0.164844 -0.314063 0.972594 0.171469 -0.156906 0.515719 0.187688 -0.835938 0.638687 0.232469 -0.733469 0.745406 0.271281 -0.608875 0.830906 0.302406 -0.467 0.892125 0.324688 -0.314063 0.928031 0.337781 -0.156906 0.475281 0.274406 -0.835938 0.588625 0.339844 -0.733469 0.686969 0.396625 -0.608875 0.765781 0.442125 -0.467 0.822187 0.474687 -0.314063 0.855281 0.493781 -0.156875 0.420406 0.35275 -0.835938 0.520656 0.436906 -0.733469 0.607656 0.509875 -0.608875 0.677375 0.568375 -0.467 0.727281 0.61025 -0.314063 0.756531 0.634812 -0.156875 0.35275 0.420406 -0.835938 0.436875 0.520656 -0.733469 0.509875 0.607656 -0.608875 0.568375 0.677375 -0.467 0.61025 0.727281 -0.314063 0.634812 0.756531 -0.156906 0.274406 0.475281 -0.835938 0.339844 0.588625 -0.733469 0.396625 0.686969 -0.608875 0.442125 0.765781 -0.467 0.474687 0.822187 -0.314063 0.493781 0.855281 -0.156906 0.187688 0.515719 -0.835938 0.232469 0.638687 -0.733469 0.271281 0.745406 -0.608875 0.302406 0.830906 -0.467 0.324688 0.892125 -0.314063 0.337781 0.928031 -0.156875 0.0952813 0.540469 -0.835938 0.118 0.669375 -0.733469 0.137719 0.781187 -0.608875 0.153531 0.870812 -0.467 0.164844 0.934969 -0.314063 0.171469 0.972594 -0.156875 0 0.548813 -0.835938 0 0.679688 -0.733469 0 0.79325 -0.608875 0 0.88425 -0.467 0 0.949375 -0.314063 0 0.987594 -0.156875 -0.0952813 0.540469 -0.835938 -0.118 0.669375 -0.733469 -0.137719 0.781187 -0.608875 -0.153531 0.870812 -0.467 -0.164844 0.934969 -0.314063 -0.171469 0.972594 -0.156875 -0.187688 0.515719 -0.835938 -0.232469 0.638687 -0.733469 -0.271281 0.745406 -0.608875 -0.302406 0.830906 -0.467 -0.324688 0.892125 -0.314063 -0.337781 0.928031 -0.156875 -0.274406 0.475281 -0.835938 -0.339844 0.588625 -0.733469 -0.396625 0.686969 -0.608875 -0.442125 0.765781 -0.467 -0.474687 0.822187 -0.314063 -0.493781 0.855281 -0.156906 -0.35275 0.420406 -0.835938 -0.436875 0.520656 -0.733469 -0.509875 0.607656 -0.608875 -0.568375 0.677375 -0.467 -0.61025 0.727281 -0.314063 -0.634812 0.756531 -0.156906 -0.420406 0.35275 -0.835938 -0.520656 0.436906 -0.733469 -0.607656 0.509875 -0.608875 -0.677375 0.568375 -0.467 -0.727281 0.61025 -0.314063 -0.756531 0.634812 -0.156875 -0.475281 0.274406 -0.835938 -0.588625 0.339844 -0.733469 -0.686969 0.396625 -0.608875 -0.765781 0.442125 -0.467 -0.822187 0.474687 -0.314063 -0.855281 0.493781 -0.156875 -0.515719 0.187688 -0.835938 -0.638687 0.232469 -0.733469 -0.745406 0.271281 -0.608875 -0.830906 0.302406 -0.467 -0.892125 0.324688 -0.314063 -0.928031 0.337781 -0.156875 -0.540469 0.0952813 -0.835938 -0.669375 0.118 -0.733469 -0.781187 0.137719 -0.608875 -0.870812 0.153531 -0.467 -0.934969 0.164844 -0.314063 -0.972594 0.171469 -0.156906 -0.548813 0 -0.835938 -0.679688 0 -0.733469 -0.79325 0 -0.608875 -0.88425 0 -0.467 -0.949375 0 -0.314063 -0.987594 0 -0.156875 -0.540469 -0.0952813 -0.835938 -0.669375 -0.118 -0.733469 -0.781187 -0.137719 -0.608875 -0.870812 -0.153531 -0.467 -0.934969 -0.164844 -0.314063 -0.972594 -0.171469 -0.156875 -0.515719 -0.187688 -0.835938 -0.638687 -0.232469 -0.733469 -0.745406 -0.271281 -0.608875 -0.830906 -0.302406 -0.467 -0.892125 -0.324688 -0.314063 -0.928031 -0.337781 -0.156875 -0.475281 -0.274406 -0.835938 -0.588625 -0.339844 -0.733469 -0.686969 -0.396625 -0.608875 -0.765781 -0.442125 -0.467 -0.822187 -0.474687 -0.314063 -0.855281 -0.493781 -0.156875 -0.420406 -0.35275 -0.835906 -0.520688 -0.436906 -0.733469 -0.607656 -0.509875 -0.608875 -0.677375 -0.568375 -0.467 -0.727281 -0.61025 -0.314063 -0.756531 -0.634812 -0.156875 -0.35275 -0.420406 -0.835906 -0.436906 -0.520688 -0.733469 -0.509875 -0.607656 -0.608875 -0.568375 -0.677375 -0.467 -0.61025 -0.727281 -0.314063 -0.634812 -0.756531 -0.156875 -0.274406 -0.475281 -0.835938 -0.339844 -0.588625 -0.733469 -0.396625 -0.686969 -0.608875 -0.442125 -0.765781 -0.467 -0.474687 -0.822187 -0.314063 -0.493781 -0.855281 -0.156875 -0.187688 -0.515719 -0.835938 -0.232469 -0.638687 -0.733469 -0.271281 -0.745406 -0.608875 -0.302406 -0.830906 -0.467 -0.324688 -0.892125 -0.314031 -0.337781 -0.928031 -0.156906 -0.0952813 -0.540469 -0.835938 -0.118 -0.669375 -0.733469 -0.137719 -0.781187 -0.608875 -0.153531 -0.870812 -0.467 -0.164844 -0.934969 -0.314031 -0.171469 -0.972594 -0.156906 0 -0.548813 -0.835938 0 -0.679688 -0.733469 0 -0.79325 -0.608875 0 -0.88425 -0.467 0 -0.949375 -0.314031 0 -0.987594 -0.156906 0.0952813 -0.540469 -0.835938 0.118 -0.669375 -0.733469 0.137719 -0.781187 -0.608875 0.153531 -0.870812 -0.467 0.164844 -0.934969 -0.314031 0.171469 -0.972594 -0.156906 0.187688 -0.515719 -0.835938 0.232469 -0.638687 -0.733469 0.271281 -0.745406 -0.608875 0.302406 -0.830906 -0.467 0.324688 -0.892125 -0.314031 0.337781 -0.928031 -0.156906 0.274406 -0.475281 -0.835938 0.339844 -0.588625 -0.733469 0.396625 -0.686969 -0.608875 0.442125 -0.765781 -0.467 0.474687 -0.822187 -0.314063 -0.936625 -0.340906 0.0805312 -0.939687 -0.342 -0 -0.984781 -0.173625 -0 -0.981594 -0.173063 0.0805312 -0.984781 -0.173625 -0 -0.984781 -0.173625 -0 -1 0 -0 -1 0 -0 -0.863187 -0.498375 0.0805312 -0.866 -0.5 -0 -0.984781 0.173625 -0 -0.984781 0.173625 -0 -0.763531 -0.640688 0.0805312 -0.766031 -0.642781 -0 -0.939687 0.342 -0 -0.939687 0.342 -0 -0.640688 -0.763531 0.0805312 -0.642781 -0.766031 -0 -0.866 0.5 -0 -0.866 0.5 -0 -0.498375 -0.863187 0.0805312 -0.5 -0.866 -0 -0.766031 0.642781 -0 -0.766031 0.642781 -0 -0.340906 -0.936625 0.0805312 -0.342 -0.939687 -0 -0.642781 0.766031 -0 -0.642781 0.766031 -0 -0.173063 -0.981594 0.0805312 -0.173625 -0.984781 -0 -0.499969 0.866 -0 -0.499969 0.866 -0 0 -0.99675 0.0805312 0 -1 -0 -0.342 0.939687 -0 -0.342 0.939687 -0 0.173063 -0.981594 0.0805312 0.173625 -0.984781 -0 -0.173625 0.984781 -0 -0.173625 0.984781 -0 0.340906 -0.936625 0.0805312 0.342 -0.939687 -0 0 1 -0 0 1 -0 0.498375 -0.863187 0.0805312 0.5 -0.866 -0 0.173625 0.984781 -0 0.173625 0.984781 -0 0.640688 -0.763531 0.0805312 0.642781 -0.766031 -0 0.342 0.939687 -0 0.342 0.939687 -0 0.763531 -0.640688 0.0805312 0.766031 -0.642781 -0 0.499969 0.866 -0 0.499969 0.866 -0 0.863187 -0.498375 0.0805312 0.866 -0.5 -0 0.642781 0.766031 -0 0.642781 0.766031 -0 0.936625 -0.340906 0.0805312 0.939687 -0.342 -0 0.766031 0.642781 -0 0.766031 0.642781 -0 0.981594 -0.173063 0.0805312 0.984781 -0.173625 -0 0.866 0.5 -0 0.866 0.5 -0 0.99675 0 0.0805312 1 0 -0 0.939687 0.342 -0 0.939687 0.342 -0 0.981594 0.173063 0.0805312 0.984781 0.173625 -0 0.984781 0.173625 -0 0.984781 0.173625 -0 -0.930188 -0.164 0.328375 -0.887563 -0.323031 0.328375 -0.818 -0.47225 0.328375 -0.723562 -0.607125 0.328375 -0.607125 -0.723562 0.328375 -0.47225 -0.817969 0.328375 0 -0.944531 0.328344 0.164 -0.930188 0.328344 0.323031 -0.887563 0.328375 0.47225 -0.818 0.328375 0.723562 -0.607125 0.328375 0.818 -0.47225 0.328375 0.944531 0 0.328375 0.930188 0.164 0.328375 0.936625 0.340906 0.0805312 0.887563 0.323031 0.328375 0.818 0.47225 0.328375 0.863187 0.498375 0.0805312 0.763531 0.640688 0.0805312 0.723562 0.607125 0.328344 0.607125 0.723562 0.328375 0.640688 0.763531 0.0805312 0.498344 0.863187 0.0805312 0.47225 0.818 0.328375 0.323031 0.887563 0.328375 0.340906 0.936625 0.0805312 0 0.99675 0.0805312 0 0.944531 0.328375 -0.164 0.930188 0.328375 -0.173063 0.981594 0.0805312 -0.640688 0.763531 0.0805312 -0.607125 0.723562 0.328375 -0.723562 0.607125 0.328344 -0.763531 0.640688 0.0805312 -0.863187 0.498375 0.0805312 -0.818 0.47225 0.328375 -0.887563 0.323031 0.328375 -0.936625 0.340906 0.0805312 -0.981594 0.173063 0.0805312 -0.930188 0.164 0.328375 -0.944531 0 0.328375 -0.99675 0 0.0805312 -0.323031 -0.887563 0.328375 -0.164 -0.930188 0.328344 0.607125 -0.723562 0.328375 0.887563 -0.323031 0.328375 0.930188 -0.164 0.328375 0.164 0.930188 0.328375 0.173063 0.981594 0.0805312 -0.323031 0.887563 0.328375 -0.340906 0.936625 0.0805312 -0.47225 0.818 0.328375 -0.498344 0.863187 0.0805312 -0.752844 -0.132719 0.644656 -0.718344 -0.261438 0.644656 -0.452531 -0.0797812 0.888156 -0.431781 -0.157156 0.888156 -0.083375 -0.0146875 0.996406 -0.0795313 -0.0289375 0.996406 0.273156 0.0481563 0.96075 0.260656 0.0948438 0.96075 -0.662031 -0.382219 0.644656 -0.585594 -0.491375 0.644656 -0.397938 -0.22975 0.888156 -0.352 -0.295375 0.888156 -0.0733125 -0.0423125 0.996406 -0.0648438 -0.0544063 0.996406 0.240219 0.138688 0.96075 0.212469 0.178281 0.96075 -0.491375 -0.585594 0.644656 -0.382219 -0.662031 0.644656 -0.295375 -0.352 0.888156 -0.22975 -0.397938 0.888156 -0.0544063 -0.0648438 0.996406 -0.0423125 -0.0733125 0.996406 0.178281 0.212469 0.96075 0.138688 0.240219 0.96075 0 -0.764469 0.644625 0.132719 -0.752844 0.644625 0 -0.4595 0.888156 0.0797812 -0.452531 0.888156 0 -0.0846563 0.996406 0.0146875 -0.083375 0.996406 0 0.277375 0.96075 -0.0481563 0.273156 0.96075 0.261438 -0.718344 0.644625 0.382219 -0.662031 0.644656 0.157156 -0.431812 0.888156 0.22975 -0.397938 0.888156 0.0289375 -0.0795313 0.996406 0.0423125 -0.0733125 0.996406 -0.0948438 0.260656 0.96075 -0.138688 0.240219 0.96075 0.585594 -0.491375 0.644656 0.662031 -0.382219 0.644656 0.352 -0.295375 0.888156 0.397938 -0.22975 0.888156 0.0648438 -0.0544063 0.996406 0.0733125 -0.0423125 0.996406 -0.212469 0.178281 0.96075 -0.240219 0.138688 0.96075 0.764469 0 0.644656 0.752844 0.132719 0.644656 0.4595 0 0.888156 0.452531 0.0797812 0.888156 0.0846563 0 0.996406 0.083375 0.0146875 0.996406 -0.277375 0 0.96075 -0.273156 -0.0481563 0.96075 0.718344 0.261438 0.644656 0.662031 0.382219 0.644656 0.431781 0.157156 0.888156 0.397938 0.22975 0.888156 0.0795313 0.0289375 0.996406 0.0733125 0.0423125 0.996406 -0.260656 -0.0948438 0.96075 -0.240219 -0.138688 0.96075 0.585594 0.491375 0.644656 0.491375 0.585594 0.644656 0.352 0.295375 0.888156 0.295375 0.352 0.888156 0.0648438 0.0544063 0.996406 0.0544063 0.0648438 0.996406 -0.212469 -0.178281 0.96075 -0.178281 -0.212469 0.96075 0.382219 0.662031 0.644656 0.261438 0.718344 0.644656 0.22975 0.397938 0.888156 0.157156 0.431781 0.888156 0.0423125 0.0733125 0.996406 0.0289375 0.0795313 0.996406 -0.138688 -0.240219 0.96075 -0.0948438 -0.260656 0.96075 0 0.764469 0.644656 -0.13275 0.752844 0.644656 0 0.4595 0.888156 -0.0797812 0.452531 0.888156 0 0.0846563 0.996406 -0.0146875 0.0833438 0.996406 0 -0.277375 0.96075 0.0481563 -0.273156 0.96075 -0.491375 0.585594 0.644656 -0.585594 0.491375 0.644656 -0.295375 0.352 0.888156 -0.352 0.295375 0.888156 -0.0544063 0.0648438 0.996406 -0.0648438 0.0544063 0.996406 0.178281 -0.212469 0.96075 0.212469 -0.178281 0.96075 -0.662031 0.382219 0.644656 -0.718344 0.261438 0.644656 -0.397938 0.22975 0.888156 -0.431781 0.157156 0.888156 -0.0733125 0.0423125 0.996406 -0.0795313 0.0289375 0.996406 0.240219 -0.138688 0.96075 0.260656 -0.0948438 0.96075 -0.752844 0.132719 0.644656 -0.764469 0 0.644656 -0.452531 0.0797812 0.888156 -0.4595 0 0.888156 -0.083375 0.0146875 0.996406 -0.0846563 0 0.996406 0.273156 -0.0481563 0.96075 0.277375 0 0.96075 -0.261438 -0.718344 0.644625 -0.157156 -0.431812 0.888156 -0.0289375 -0.0795313 0.996406 0.0948438 0.260656 0.96075 -0.132719 -0.752844 0.644625 -0.0797812 -0.452531 0.888156 -0.0146875 -0.083375 0.996406 0.0481563 0.273156 0.96075 0.491375 -0.585594 0.644656 0.295375 -0.352 0.888156 0.0544063 -0.0648438 0.996406 -0.178281 0.212469 0.96075 0.718344 -0.261438 0.644656 0.431781 -0.157156 0.888156 0.0795313 -0.0289375 0.996406 -0.260656 0.0948438 0.96075 0.752844 -0.132719 0.644656 0.452531 -0.0797812 0.888156 0.083375 -0.0146875 0.996406 -0.273156 0.0481563 0.96075 0.13275 0.752844 0.644656 0.0797812 0.452531 0.888156 0.0146875 0.0833438 0.996406 -0.0481563 -0.273156 0.96075 -0.261438 0.718344 0.644656 -0.157156 0.431781 0.888156 -0.0289375 0.0795313 0.996406 0.0948438 -0.260656 0.96075 -0.382219 0.662031 0.644656 -0.22975 0.397938 0.888156 -0.0423125 0.0733125 0.996406 0.138688 -0.240219 0.96075 -0.939687 -0.342 -0 -0.939687 -0.342 -0 -1 0 -0 -0.866 -0.5 -0 -0.866 -0.5 -0 -0.984781 0.173625 -0 -0.766031 -0.642781 -0 -0.766031 -0.642781 -0 -0.939687 0.342 -0 -0.642781 -0.766031 -0 -0.642781 -0.766031 -0 -0.866 0.499969 -0 -0.5 -0.866 -0 -0.5 -0.866 -0 -0.766031 0.642781 -0 -0.342 -0.939687 -0 -0.342 -0.939687 -0 -0.642781 0.766031 -0 -0.173625 -0.984781 -0 -0.173625 -0.984781 -0 -0.499969 0.866 -0 0 -1 -0 0 -1 -0 -0.342 0.939687 -0 0.173625 -0.984781 -0 0.173625 -0.984781 -0 -0.173625 0.984781 -0 0.342 -0.939687 -0 0.342 -0.939687 -0 0 1 -0 0.5 -0.866 -0 0.5 -0.866 -0 0.173625 0.984781 -0 0.642781 -0.766031 -0 0.642781 -0.766031 -0 0.342 0.939687 -0 0.766031 -0.642781 -0 0.766031 -0.642781 -0 0.499969 0.866 -0 0.866 -0.5 -0 0.866 -0.5 -0 0.642781 0.766031 -0 0.939687 -0.342 -0 0.939687 -0.342 -0 0.766031 0.642781 -0 0.984781 -0.173625 -0 0.984781 -0.173625 -0 0.866 0.499969 -0 1 0 -0 1 0 -0 0.939687 0.342 -0 0 0 1 0 0 1 0 0 1 0 0 1 0 0 1 0 0 1 0 0 1 0 0 1 0 0 1 0 0 1 0 0 1 0 0 1 0 0 1 0 0 1 0 0 1 0 0 1 0 0 1 0 0 1 0 0 1 0 0 1 0 0 1 0 0 1 0 0 1 0 0 1 0 0 1 0 0 1 0 0 1 0 0 1 0 0 1 0 0 1 0 0 1 0 0 1 0 0 1 0 0 1 0 0 1 0 0 1 0 0 1 0 0 1 0 0 1 0 0 1 0 0 1 0 0 1 0 0 1 0 0 1 0 0 1 0 0 1 0 0 1 0 0 1 0 0 1 0 0 1 0 0 1 0 0 1 0 0 1 0 0 1 0 0 1 0 0 1 0 0 1 0 0 1 0 0 1 0 0 1 0 0 1 0 0 1 0 0 1 0 0 1 0 0 1 0 0 1 0 0 1 0 0 1 0 0 1 0 0 1 0 0 1 0 0 1 0 0 1 0 0 1 0 0 1 0 0 1 0 0 1 0 0 1 0 0 1 0 0 1 0 0 1 0 0 1 0 0 1 0 0 1 0 0 1 0 0 1 0 0 1 0 0 1 0 0 1 0 0 1 0 0 1 0 0 1 0 0 1 0 0 1 0 0 1 0 0 1 0 0 1 0 0 1 0 0 1 0 0 1 0 0 1 0 0 1 0 0 1 0 0 1 0 0 1 0 0 1 0 0 1 0 0 1 0 0 1 0.461563 0.818594 0.341719 0.48025 0.851281 -0.21125 0.242625 0.946844 -0.211063 0.2335 0.913344 0.333531 0.985875 0.00078125 0.167313 0.995 0 -0.0996562 0.995 0 -0.0996562 0.974813 0 0.222969 0.997375 -0.045125 0.0560625 0.992531 -0.0508125 -0.11075 -0.997406 -0.0452188 0.0555938 -0.663188 -0.0605 0.745969 -0.749656 0.001125 0.661781 -0.985969 0.00071875 0.166844 0.192062 0.754094 0.628 0.116312 0.938937 0.323781 0.0971562 0.784312 0.612688 -0.242625 0.946844 -0.211063 -0.134 0.523281 -0.841531 -0.265312 0.470094 -0.84175 -0.48025 0.851281 -0.21125 -0.666625 0.665656 0.335312 -0.69325 0.692531 -0.199344 -0.857875 0.482969 -0.175281 -0.827875 0.465344 0.313125 0 0.97975 -0.200156 0.033625 0.546719 -0.836625 -0.033625 0.546719 -0.836625 0 0.97975 -0.200156 -0.0305 -0.999062 0.0305 0.043625 -0.979344 -0.197344 -0.0435937 -0.979344 -0.197344 0.0305 -0.999062 0.0305 0.959125 0.245219 -0.141031 0.579281 0.147656 -0.801625 0.49675 0.279156 -0.82175 0.857875 0.482969 -0.175281 0.549531 0.547719 0.630813 0.666625 0.665656 0.335312 0.376812 0.668375 0.641281 -0.376812 0.668375 0.641281 -0.461563 0.818594 0.341719 -0.549531 0.547719 0.630813 -0.959125 0.245219 -0.141031 -0.931656 0.237188 0.275187 -0.900531 0 0.434719 -0.974813 0 0.222969 -0.179688 -0.198812 -0.963406 -0.179688 0.198812 -0.963406 0.179688 0.198812 -0.963406 0.179688 -0.198812 -0.963406 0.867625 0.1075 0.485406 0.960688 0.119031 0.250688 0.931656 0.237188 0.275187 0.822875 0.20775 0.528875 -0.0971562 0.784312 0.612688 -0.116312 0.938937 0.323781 -0.2335 0.913344 0.333531 -0.192062 0.754094 0.628 -0.985125 0.122031 -0.120875 -0.960688 0.119031 0.250688 0.827875 0.465344 0.313125 0.69325 0.692531 -0.199344 0.662844 -0.060375 0.746312 0.749219 0.00125 0.662281 -0.749656 0.001125 0.661781 -0.663188 -0.0605 0.745969 0.662844 -0.060375 0.746312 0.982781 -0.184656 -0 0.982781 -0.184656 -0 -0.992531 -0.0508125 -0.11075 -0.491875 -0.0511562 -0.869125 -0.570906 -0.255375 -0.78025 -0.967188 -0.209438 -0.14375 0.491875 -0.0511562 -0.869125 0.570906 -0.255375 -0.78025 -0.570906 -0.255375 -0.78025 -0.491875 -0.0511562 -0.869125 0 -0.184656 0.982781 0 -0.184656 0.982781 0.616094 -0.490687 0.616094 0.929031 -0.369969 -0 0.518625 -0.679719 0.518625 0.836375 -0.548094 -0 0.40825 -0.816469 0.40825 0.692312 -0.721563 -0 0.692312 -0.721563 -0 0.40825 -0.816469 0.40825 0.352219 -0.867125 0.352156 0.377031 -0.899656 -0.22 0.375562 -0.895688 0.237937 0.191656 -0.962563 0.191656 0.181562 -0.961031 -0.208375 0.093125 -0.991281 0.093125 -0.0011875 -0.981438 -0.19175 -0.465 -0.48125 -0.743031 -0.886469 -0.425 -0.183062 -0.929031 -0.369969 -0 -0.750281 -0.626562 -0.210781 -0.836375 -0.548094 -0 -0.334344 -0.658906 -0.673781 -0.203812 -0.78475 -0.585312 -0.572844 -0.788875 -0.222469 -0.692312 -0.721563 -0 -0.352219 -0.867125 0.352156 -0.40825 -0.816469 0.40825 -0.377 -0.899688 -0.22 -0.1815 -0.961031 -0.208344 -0.191656 -0.962563 0.191656 -0.375562 -0.895688 0.237937 0.010625 -0.923187 -0.384125 0.0943438 -0.955531 -0.279281 0.00125 -0.981438 -0.191719 -0.093125 -0.991281 0.093125 0.465031 -0.48125 -0.743031 -0.465 -0.48125 -0.743031 0.334375 -0.658906 -0.673781 -0.334344 -0.658906 -0.673781 0.203844 -0.78475 -0.585312 -0.203812 -0.78475 -0.585312 0.203844 -0.78475 -0.585312 0.0880312 -0.868906 -0.487063 -0.0879688 -0.868906 -0.487063 -0.203812 -0.78475 -0.585312 -0.0105937 -0.923187 -0.384156 -0.0943125 -0.955531 -0.279312 -0.0885625 -0.952531 -0.291219 0.0885938 -0.952531 -0.291219 -0.616094 -0.490687 0.616094 0.616094 -0.490687 0.616094 -0.518625 -0.679719 0.518625 0.518625 -0.679719 0.518625 -0.40825 -0.816469 0.40825 0.40825 -0.816469 0.40825 -0.133312 -0.1475 -0.98 0.133312 -0.1475 -0.98 -0.407187 0 -0.913312 -0.133312 0.1475 -0.98 0.407187 0 -0.913312 0.133312 0.1475 -0.98 -0.407187 0 -0.913312 -0.13125 -0.133094 -0.982344 0.13125 -0.133094 -0.982344 0.407187 0 -0.913312 -0.622844 0.03825 -0.781406 -0.247313 0.013875 -0.968813 -0.579281 0.147656 -0.801625 -0.217344 0.051125 -0.97475 -0.49675 0.279156 -0.82175 -0.179656 0.0949062 -0.979125 -0.389156 0.388312 -0.835281 -0.142562 0.13475 -0.980563 -0.265312 0.470094 -0.84175 -0.102875 0.174063 -0.979344 -0.134 0.523281 -0.841531 -0.0566562 0.215719 -0.974781 -0.033625 0.546719 -0.836625 -0.0156562 0.249625 -0.968188 0.033625 0.546719 -0.836625 0.0156562 0.249656 -0.968188 0.134 0.523281 -0.841531 0.0566562 0.21575 -0.974781 0.265312 0.470094 -0.84175 0.102906 0.174094 -0.979312 0.389156 0.388312 -0.835281 0.142625 0.134781 -0.980531 0.49675 0.279156 -0.82175 0.179719 0.0949062 -0.979125 0.579281 0.147656 -0.801625 0.217375 0.051125 -0.974719 0.622844 0.03825 -0.781406 0.247313 0.013875 -0.968813 -0.176687 -0.179156 -0.967812 0.176687 -0.179156 -0.967812 -0.197563 0.0110937 -0.980219 -0.217344 0.051125 -0.97475 -0.239063 0.126281 -0.96275 -0.142562 0.13475 -0.980563 -0.136875 0.231594 -0.963125 -0.04525 0.172344 -0.983969 -0.0156562 0.249625 -0.968188 0.0156562 0.249656 -0.968188 0.0452813 0.172375 -0.983969 0.136906 0.231625 -0.963094 0.142625 0.134781 -0.980531 0.239094 0.126281 -0.962719 0.217375 0.051125 -0.974719 0.197563 0.0110937 -0.980219 0.900531 0 0.434719 0.749219 0.00125 0.662281 -0.995 0 -0.0996562 -0.407187 0 -0.913312 0.120281 0.970969 -0.206594 -0.701875 0.392938 0.594063 0 0.950094 0.311875 0 0.805438 0.592656 0 0.805438 0.592656 0 0.950094 0.311875 0.701875 0.392938 0.594063 0.389156 0.388312 -0.835281 0.265312 0.470094 -0.84175 -0.389156 0.388312 -0.835281 -0.822875 0.20775 0.528875 -0.995 0 -0.0996562 -0.622844 0.03825 -0.781406 0.985125 0.122031 -0.120875 0.622844 0.03825 -0.781406 -0.120281 0.970969 -0.206594 -0.033625 0.546719 -0.836625 -0.867625 0.1075 0.485406 0.967188 -0.209438 -0.14375 -0.982781 -0.184656 -0 -0.982781 -0.184656 -0 0.886469 -0.425 -0.183062 0.465031 -0.48125 -0.743031 0.570906 -0.255375 -0.78025 0.750281 -0.626562 -0.210781 0.334375 -0.658906 -0.673781 0.572875 -0.788844 -0.222438 0.572875 -0.788844 -0.222438 0.134 0.523281 -0.841531 -0.616094 -0.490687 0.616094 -0.518625 -0.679719 0.518625 -0.692312 -0.721563 -0 -0.40825 -0.816469 0.40825 -0.572844 -0.788875 -0.222469 0.407187 0 -0.913312 0.622844 0.03825 -0.781406 0.491875 -0.0511562 -0.869125 -0.49675 0.279156 -0.82175 -0.579281 0.147656 -0.801625 -0.622844 0.03825 -0.781406 0.033625 0.546719 -0.836625 0.203844 -0.78475 -0.585312 0.965906 0 -0.258844 0.865969 0 -0.500031 0.865969 0 -0.500031 0.965906 0 -0.258844 0.654969 0.653813 -0.378781 0.453187 0.803688 -0.385563 0.491188 0.871031 -0 0.707094 0.707094 -0 -0.453187 0.803688 -0.385563 -0.654969 0.653813 -0.378781 -0.707094 0.707094 -0 -0.491188 0.871031 -0 -0.814812 0.457687 -0.355781 -0.919625 0.233688 -0.315625 -0.968656 0.248375 -0 -0.871031 0.491188 -0 0 0.934531 -0.355781 0 0.746781 -0.665031 0 0.746781 -0.665031 0 0.934531 -0.355781 -0.707094 0.707094 -0 -0.654969 0.653813 -0.378781 -0.776906 0.195219 -0.598562 -0.847687 0.05125 -0.527969 -0.95975 0.0586875 -0.274531 -0.865969 0 -0.500031 -0.965906 0 -0.258844 0.776906 0.195219 -0.598562 0.919625 0.233688 -0.315625 0.949938 0.117688 -0.289344 0.826219 0.102344 -0.553937 -0.176469 0.693781 -0.698187 -0.22925 0.897125 -0.377594 -0.114312 0.922844 -0.36775 -0.0896875 0.723969 -0.683969 0.654969 0.653813 -0.378781 0.707094 0.707094 -0 0.871031 0.491188 -0 0.814812 0.457687 -0.355781 0.22925 0.897125 -0.377594 0.248375 0.968656 -0 0.0896875 0.723969 -0.683969 0.114312 0.922844 -0.36775 0.176469 0.693781 -0.698187 -0.34575 0.61325 -0.710156 0.968656 0.248375 -0 0.0913438 0 0.995812 0.184656 0 0.982781 0.183969 0.0113438 0.982844 0.091 0.00559375 0.995812 0.064 0.064 0.995875 0.129375 0.129375 0.983094 0.0899063 0.159438 0.983094 0.0444687 0.0788438 0.995875 -0.0444687 0.0788438 0.995875 -0.0899063 0.159438 0.983094 -0.129375 0.129375 0.983094 -0.064 0.064 0.995875 -0.0788438 0.0444687 0.995875 -0.159438 0.0899063 0.983094 -0.177437 0.0455 0.983063 -0.0877813 0.0225 0.995875 0.00559375 0.091 0.995812 0.0113438 0.183969 0.982844 -0.0113438 0.183969 0.982844 -0.00559375 0.091 0.995812 -0.064 0.064 0.995875 -0.129375 0.129375 0.983094 0.0225 0.0877813 0.995875 0.0455 0.177437 0.983063 0.177437 0.0455 0.983063 0.0877813 0.0225 0.995875 -0.0225 0.0877813 0.995875 -0.0455 0.177437 0.983063 -0.091 0.00559375 0.995812 -0.183969 0.0113438 0.982844 -0.184656 0 0.982781 -0.0913438 0 0.995812 0.0788438 0.0444687 0.995875 0.159438 0.0899063 0.983094 0.129375 0.129375 0.983094 0.064 0.064 0.995875 0.369969 0 0.929031 0.368656 0.02275 0.929281 0.548094 0 0.836375 0.546344 0.0336875 0.836875 0.707094 0 0.707094 0.705063 0.0435 0.70775 0.836375 0 0.548094 0.834312 0.0514687 0.548813 0.929031 0 0.369969 0.927031 0.0571875 0.370562 0.982781 0 0.184656 0.980844 0.0605313 0.185 0.995812 0 0.0913438 0.993906 0.0613125 0.0915312 0.259469 0.259469 0.930219 0.180281 0.319719 0.930188 0.385 0.385 0.83875 0.2675 0.474375 0.838656 0.497625 0.497625 0.710406 0.34575 0.613094 0.710312 0.589719 0.589719 0.551719 0.409719 0.726531 0.551594 0.656062 0.656062 0.372969 0.455781 0.808187 0.372875 0.694719 0.694719 0.186344 0.482594 0.855781 0.186281 0.704063 0.704063 0.0922187 0.489094 0.867312 0.0921875 -0.180281 0.319719 0.930188 -0.259469 0.259469 0.930219 -0.2675 0.474375 0.838656 -0.385 0.385 0.83875 -0.34575 0.613094 0.710312 -0.497625 0.497625 0.710406 -0.409719 0.726531 0.551594 -0.589719 0.589719 0.551719 -0.455781 0.808187 0.372875 -0.656062 0.656062 0.372969 -0.482594 0.855781 0.186281 -0.694719 0.694719 0.186344 -0.489094 0.867312 0.0921875 -0.704063 0.704063 0.0922187 -0.319719 0.180281 0.930188 -0.355844 0.09125 0.930062 -0.474375 0.2675 0.838656 -0.527875 0.135344 0.838437 -0.613094 0.34575 0.710312 -0.682125 0.174906 0.709969 -0.726531 0.409719 0.551594 -0.808187 0.207219 0.55125 -0.808187 0.455781 0.372875 -0.898906 0.2305 0.372562 -0.855781 0.482594 0.186281 -0.951719 0.244031 0.186125 -0.867312 0.489094 0.0921875 -0.964531 0.247313 0.0920938 0.02275 0.368656 0.929281 -0.02275 0.368656 0.929281 0.0336875 0.546344 0.836875 -0.0336875 0.546344 0.836875 0.0435 0.705094 0.70775 -0.0435 0.705094 0.70775 0.0514687 0.834312 0.548844 -0.0514687 0.834312 0.548844 0.0571875 0.927031 0.370562 -0.0571875 0.927031 0.370562 0.0605313 0.980844 0.185 -0.0605313 0.980844 0.185 0.0613125 0.993906 0.0915625 -0.0613125 0.993906 0.0915625 -0.259469 0.259469 0.930219 -0.385 0.385 0.83875 -0.497625 0.497625 0.710406 -0.589719 0.589719 0.551719 -0.656062 0.656062 0.372969 -0.694719 0.694719 0.186344 -0.704063 0.704063 0.0922187 0.09125 0.355844 0.930062 0.135344 0.527875 0.838437 0.174906 0.682125 0.709969 0.207219 0.808187 0.55125 0.2305 0.898906 0.372562 0.244031 0.951719 0.186125 0.247313 0.964531 0.092125 0.355844 0.09125 0.930062 0.527875 0.135344 0.838437 0.682125 0.174906 0.709969 0.808187 0.207219 0.55125 0.898906 0.2305 0.372562 0.951719 0.244031 0.186125 0.964531 0.247313 0.0920938 -0.09125 0.355844 0.930062 -0.135344 0.527875 0.838437 -0.174906 0.682125 0.709969 -0.207219 0.808187 0.55125 -0.2305 0.898906 0.372562 -0.244031 0.951719 0.186125 -0.247313 0.964531 0.092125 -0.368656 0.02275 0.929281 -0.369969 0 0.929031 -0.546344 0.0336875 0.836875 -0.548094 0 0.836375 -0.705063 0.0435 0.70775 -0.707094 0 0.707094 -0.834312 0.0514687 0.548813 -0.836375 0 0.548094 -0.927031 0.0571875 0.370562 -0.929031 0 0.369969 -0.980844 0.0605313 0.185 -0.982781 0 0.184656 -0.993906 0.0613125 0.0915312 -0.995812 0 0.0913438 0.319719 0.180281 0.930188 0.259469 0.259469 0.930219 0.474375 0.2675 0.838656 0.385 0.385 0.83875 0.613094 0.34575 0.710312 0.497625 0.497625 0.710406 0.726531 0.409719 0.551594 0.589719 0.589719 0.551719 0.808187 0.455781 0.372875 0.656062 0.656062 0.372969 0.855781 0.482594 0.186281 0.694719 0.694719 0.186344 0.867312 0.489094 0.0921875 0.704063 0.704063 0.0922187 -0.168687 -0.984656 -0.0444063 -0.12925 -0.989313 -0.0673125 -0.07725 -0.940531 -0.33075 -0.206844 -0.977281 -0.0454688 -0.206844 -0.977281 -0.0454688 -0.234031 -0.972125 -0.0125 -0.234031 -0.972125 -0.0125 -0.17325 -0.981438 -0.0820938 -0.17325 -0.981438 -0.0820938 -0.142469 -0.9835 -0.111469 -0.142469 -0.9835 -0.111469 -0.113844 -0.984125 -0.136031 -0.113844 -0.984125 -0.136031 -0.086625 -0.983625 -0.158 -0.086625 -0.983625 -0.158 -0.0596563 -0.981938 -0.1795 -0.0596563 -0.981938 -0.1795 -0.031375 -0.97875 -0.202594 -0.031375 -0.97875 -0.202594 -0.0083125 -0.975031 -0.221813 -0.0083125 -0.975031 -0.221813 0.0083125 -0.975031 -0.221813 0.0083125 -0.975031 -0.221813 0.0314062 -0.97875 -0.2025 0.0314062 -0.97875 -0.2025 0.0597188 -0.981969 -0.17925 0.0597188 -0.981969 -0.17925 0.0866875 -0.983656 -0.157625 0.0866875 -0.983656 -0.157625 0.113844 -0.984187 -0.135562 0.113844 -0.984187 -0.135562 0.142344 -0.983563 -0.111 0.142344 -0.983563 -0.111 0.173031 -0.9815 -0.08175 0.173031 -0.9815 -0.08175 0.206656 -0.977344 -0.0453437 0.206656 -0.977344 -0.0453437 0.233938 -0.972156 -0.0125 0.233938 -0.972156 -0.0125 0.168687 -0.984656 -0.0444063 0.07725 -0.940531 -0.33075 0.12925 -0.989313 -0.0673125 1 0 -0 1 0 -0 0.506125 0.504031 -0.699812 0.34575 0.61325 -0.710156 -0.506125 0.504031 -0.699812 -0.652719 0.364688 -0.664 0 1 -0 0 1 -0 -0.506125 0.504031 -0.699812 -0.998094 0.0615937 -0 -1 0 -0 0.992406 0.122938 -0 -0.248375 0.968656 -0 -0.122938 0.992406 -0 0.652719 0.364688 -0.664 0.506125 0.504031 -0.699812 0.122938 0.992406 -0 0.0435313 -0.946625 -0.319313 0 -1 -0 0 -1 -0 -0.0435313 -0.946625 -0.319313 -0.655719 0.621594 -0.4285 -0.887875 -0.04125 -0.458219 -1 0 -0 -0.843406 0.535656 0.0410938 0 0 1 0.0367187 0.577688 0.815406 -0.0366875 0.577688 0.815406 0 0 1 0.655719 0.621594 -0.4285 0.843344 0.53575 0.0410625 1 0 -0 0.887875 -0.04125 -0.458219 -0.867594 -0.165219 -0.469 -0.979125 -0.194875 0.0574375 -0.995313 -0.0681875 0.0681875 0.0681562 -0.99525 0.0691563 0.0574375 -0.978656 0.19725 -0.0574375 -0.978656 0.19725 -0.0681562 -0.99525 0.0691563 0.995313 -0.0681875 0.0681875 0.979125 -0.194875 0.0574375 0.867594 -0.165219 -0.469 -0.147031 0.586594 0.796406 -0.194875 -0.0574375 0.979125 -0.0681562 -0.069125 0.99525 0.0681562 -0.069125 0.99525 0.194875 -0.0574375 0.979125 0.147094 0.586625 0.796375 -0.638375 -0.639656 0.428094 -0.447906 -0.773844 0.44775 -0.428094 -0.638344 0.639656 -0.577344 -0.577344 0.577344 0.639656 -0.638344 0.428094 0.773844 -0.447906 0.44775 0.638375 -0.428094 0.639656 0.577344 -0.577344 0.577344 -0.639656 -0.428094 0.638375 -0.773844 -0.44775 0.447906 -0.44775 -0.447906 0.773844 -0.293844 -0.819062 0.492687 -0.272281 -0.679375 0.681344 -0.679406 -0.681344 0.272281 -0.49175 -0.820063 0.292688 -0.700188 -0.701125 0.134719 -0.529437 -0.8345 0.152562 -0.7065 -0.706781 0.0353125 -0.548688 -0.834875 0.0430937 -0.153187 -0.834063 0.529938 -0.134719 -0.700156 0.701125 -0.3355 -0.88025 0.3355 -0.366219 -0.912094 0.184281 -0.376969 -0.924531 0.055375 -0.0433125 -0.833406 0.550906 -0.0353438 -0.7065 0.706781 -0.184281 -0.912094 0.366219 -0.198719 -0.959687 0.198719 -0.194875 -0.979125 0.0574687 -0.055375 -0.92325 0.380156 -0.819062 -0.492656 0.293844 -0.639656 -0.428094 0.638375 -0.681344 -0.272281 0.679406 -0.820063 -0.292688 0.49175 -0.773844 -0.44775 0.447906 -0.701125 -0.134719 0.700188 -0.8345 -0.152562 0.529437 -0.706781 -0.0353438 0.7065 -0.834875 -0.043125 0.548688 -0.834063 -0.529938 0.153187 -0.88025 -0.3355 0.3355 -0.819062 -0.492656 0.293844 -0.912094 -0.184281 0.366219 -0.924531 -0.055375 0.376969 -0.834781 -0.548844 0.0432812 -0.912094 -0.366219 0.184281 -0.834063 -0.529938 0.153187 -0.959687 -0.198719 0.198719 -0.979125 -0.0574375 0.194875 -0.924531 -0.376969 0.055375 -0.834781 -0.548844 0.0432812 -0.492687 -0.293844 0.819062 -0.681344 -0.272281 0.679406 -0.292688 -0.49175 0.820063 -0.152562 -0.529437 0.8345 -0.043125 -0.55075 0.833531 -0.529938 -0.153187 0.834063 -0.701125 -0.134719 0.700188 -0.3355 -0.3355 0.88025 -0.184281 -0.366219 0.912094 -0.055375 -0.380156 0.92325 -0.548844 -0.0433125 0.834781 -0.706781 -0.0353438 0.7065 -0.366219 -0.184281 0.912094 -0.198719 -0.198719 0.959687 -0.0574375 -0.19725 0.978656 -0.376969 -0.055375 0.924531 -0.194875 -0.0574375 0.979125 -0.0681562 -0.069125 0.99525 0.428094 -0.639656 0.638375 0.44775 -0.773844 0.447906 0.639656 -0.638344 0.428094 0.577344 -0.577344 0.577344 0.638375 -0.428094 0.639656 0.447906 -0.44775 0.773844 0.819062 -0.293844 0.492656 0.679375 -0.272281 0.681344 0.681344 -0.679375 0.272281 0.820063 -0.49175 0.292688 0.701125 -0.700188 0.134719 0.8345 -0.529437 0.152562 0.706781 -0.7065 0.0353125 0.834906 -0.548688 0.0430937 0.834063 -0.153187 0.529938 0.700188 -0.134719 0.701125 0.88025 -0.3355 0.3355 0.912094 -0.366219 0.184281 0.924531 -0.376969 0.055375 0.834781 -0.0433125 0.548844 0.7065 -0.0353438 0.706781 0.912094 -0.184281 0.366219 0.959687 -0.198719 0.198719 0.924531 -0.055375 0.376969 0.979125 -0.0574375 0.194875 0.492687 -0.819062 0.293844 0.681344 -0.679375 0.272281 0.272281 -0.681344 0.679406 0.292688 -0.820063 0.49175 0.134719 -0.701125 0.700188 0.152562 -0.8345 0.529437 0.0353438 -0.706781 0.7065 0.043125 -0.833531 0.55075 0.529938 -0.834063 0.153187 0.701125 -0.700188 0.134719 0.3355 -0.88025 0.3355 0.184281 -0.912094 0.366219 0.055375 -0.92325 0.380156 0.548844 -0.834781 0.0432812 0.706781 -0.7065 0.0353125 0.366219 -0.912094 0.184281 0.198719 -0.959687 0.198719 0.376969 -0.924531 0.055375 0.194875 -0.979125 0.0574375 0.293844 -0.492687 0.819062 0.679375 -0.272281 0.681344 0.49175 -0.292688 0.820063 0.700188 -0.134719 0.701125 0.529437 -0.152562 0.8345 0.7065 -0.0353438 0.706781 0.548688 -0.043125 0.834875 0.153187 -0.529938 0.834063 0.3355 -0.3355 0.88025 0.366219 -0.184281 0.912094 0.376969 -0.055375 0.924531 0.0433125 -0.550906 0.833406 0.184281 -0.366219 0.912094 0.198719 -0.198719 0.959687 0.194875 -0.0574375 0.979125 0.055375 -0.380156 0.92325 0.0574375 -0.19725 0.978656 0.0681562 -0.069125 0.99525 -0.815531 -0.32875 -0.476187 -0.734094 -0.484719 -0.4755 -0.734094 -0.484719 -0.4755 -0.625063 -0.626125 -0.466094 -0.491688 -0.747625 -0.446375 -0.338625 -0.844875 -0.414094 -0.172312 -0.914406 -0.36625 0.815531 -0.32875 -0.476187 0.734094 -0.484719 -0.4755 0.625063 -0.626125 -0.466094 0.491688 -0.747625 -0.446375 0.625063 -0.626125 -0.466094 0.338625 -0.844875 -0.414094 0.172312 -0.914406 -0.36625 -0.292812 0.593437 0.749687 -0.376969 -0.055375 0.924531 -0.432 0.596031 0.676813 -0.548844 -0.0433125 0.834781 -0.558375 0.594375 0.578719 -0.666937 0.588063 0.457531 -0.7535 0.576031 0.316781 -0.81475 0.556687 0.162031 0.376969 -0.055375 0.924531 0.292906 0.593562 0.749563 0.548688 -0.043125 0.834875 0.432187 0.596187 0.676562 0.558531 0.594594 0.578344 0.667 0.588313 0.457125 0.753438 0.576312 0.316469 0.814625 0.556875 0.161906 0.0107187 0.999937 -0.002625 0.0594687 0.985875 -0.156563 0.0140625 0.999812 -0.0107812 0.0185312 0.999563 -0.02275 0.0219688 0.999062 -0.0367813 0.0233125 0.998312 -0.0528125 0.0220312 0.99725 -0.0705312 0.0233125 0.998312 -0.0528125 0.0177813 0.995812 -0.0895625 0.0104063 0.993875 -0.109812 0.0029375 0.992 -0.125969 -0.0029375 0.992 -0.126 -0.010375 0.993875 -0.109875 -0.0177187 0.995781 -0.0897188 -0.0219375 0.997219 -0.0708125 -0.0232813 0.998281 -0.0532187 -0.0220312 0.999062 -0.0371875 -0.0232813 0.998281 -0.0532187 -0.0187187 0.999531 -0.0230938 -0.0142812 0.999812 -0.0109375 -0.0108125 0.999937 -0.002625 -0.0595 0.985844 -0.156531 -0.0353438 -0.795187 -0.605313 0.0353438 -0.795187 -0.605313 0.131313 -0.719875 -0.681531 -0.131313 -0.719875 -0.681531 0.240344 -0.612188 -0.753281 -0.240344 -0.612188 -0.753281 0.328375 -0.50525 -0.798031 -0.328375 -0.50525 -0.798031 0.399938 -0.401844 -0.823719 -0.399938 -0.401844 -0.823719 0.399938 -0.401844 -0.823719 0.459219 -0.301469 -0.835563 -0.459219 -0.301469 -0.835563 0.509219 -0.202438 -0.836469 -0.509219 -0.202438 -0.836469 -0.459219 -0.301469 -0.835563 0.551906 -0.102719 -0.827531 -0.551906 -0.102719 -0.827531 0.579719 -0.0261875 -0.814375 -0.579719 -0.0261875 -0.814375 0.279844 0.563125 -0.777531 -0.279875 0.563125 -0.7775 -0.313937 0.923469 -0.220437 0.313906 0.9235 -0.220437 -0.445219 0.895 -0.027 0.445219 0.895 -0.027 -0.399687 0.911156 -0.100031 0.399687 0.911156 -0.100031 -0.342406 0.921156 -0.184969 0.342406 0.921156 -0.184969 -0.288844 0.921812 -0.258469 0.288844 0.921812 -0.258469 -0.236937 0.915563 -0.324875 0.236937 0.915563 -0.324875 -0.236937 0.915563 -0.324875 -0.184469 0.903219 -0.387469 0.184469 0.903219 -0.387469 0.236937 0.915563 -0.324875 -0.129094 0.88425 -0.448781 0.129094 0.88425 -0.448781 -0.0683125 0.856969 -0.510813 0.0683125 0.856969 -0.510813 -0.0180937 0.829531 -0.558125 0.0180937 0.829531 -0.558125 0 0 1 0 0 1 0 0 1 0 0 1 0 0 1 0 0 1 0 0 1 0 0 1 0 0 1 0 0 1 0 0 1 0 0 1 0 0 1 0 0 1 0 0 1 0 0 1 -0.208844 -0.972687 0.101125 0.208844 -0.972687 0.101125 </float_array>
          <technique_common>
            <accessor count="1899" offset="0" source="#meshId0-normals-array" stride="3">
              <param name="X" type="float" />
              <param name="Y" type="float" />
              <param name="Z" type="float" />
            </accessor>
          </technique_common>
        </source>
        <source id="meshId0-tangents" name="meshId0-tangents">
          <float_array id="meshId0-tangents-array" count="5697"> 0.999988 -0.00478468 0 0.999988 -0.00478179 0 0.999988 -0.00478152 0 0.999988 -0.00478442 0 0.999999 -0.00105769 0 0.999999 -0.00107923 0 0.999999 -0.00109237 0 0.999999 -0.00107083 0 0.965084 0.0664046 -0.253383 0.912865 0.178066 -0.367383 0.912865 -0.187069 0.362882 0.965084 -0.0757402 0.250751 0.833301 0.362645 -0.417251 0.833301 -0.370826 0.409997 0.999989 0.000115038 0.00477307 0.999989 -0.000293453 0.00475526 0.999989 -0.000293643 0.00475833 0.999989 0.000114994 0.00477129 0.0615936 -0.00417362 -0.998093 -0.0335631 -0.00499539 -0.999424 -0.0335632 -0.00419588 -0.999428 0.0615934 -0.00460303 -0.998091 0.999523 -0.00307844 0.0307351 0.999518 -0.00475454 -0.0306809 0.999508 -0.0049234 -0.030979 0.9995 -0.00619258 0.0310203 0.999514 -0.0038218 -0.0309441 0.999514 -0.00382676 0.0309442 0.999514 -0.00572569 -0.0306496 0.999514 -0.00571969 0.0306498 0.999515 -0.0054576 -0.0306614 0.99952 -0.00398751 0.0307046 0.999508 -0.00486851 0.0309774 0.999503 -0.0057269 -0.031006 0.999514 -0.00381516 0.0309439 0.999514 -0.00382131 -0.0309441 0.999514 -0.00572915 0.0306495 0.999514 -0.00570451 -0.0306503 0.0615937 -0.00412768 -0.998093 0 -0.00482392 -0.999988 0 -0.00501202 -0.999987 0.0615934 -0.0052102 -0.998088 0.999989 -0.000293963 0.00476352 0.999988 0 0.00478438 0.999989 0 0.00478433 0.999989 -0.000294073 0.0047653 0.0615939 -0.00283679 0.998097 0 -0.0050009 0.999987 0 -0.00476242 0.999989 0.0615932 -0.00561529 0.998085 0.999989 -0.000293718 -0.00475954 0.999989 0 -0.00478107 0.999988 0 -0.00478107 0.999989 -0.000293926 -0.00476292 0.999989 0.00011496 -0.00477605 0.999989 -0.00029423 -0.00476785 0.999989 -0.000293794 -0.00476078 0.999989 0.000114907 -0.00477386 -0.0335631 -0.00485106 0.999425 0.0615934 -0.00489434 0.998089 0.0615929 -0.00629504 0.998082 -0.0335633 -0.00318684 0.999432 0.999989 -0.00117789 -0.00459374 0.999989 -0.00117687 -0.00458974 0.833302 -0.370699 0.410111 0.999989 -0.00117743 -0.00459196 0.999989 -0.00117851 -0.00459617 0.833302 0.362785 -0.417128 0.992 -0.020713 -0.124529 0.992 0.0113836 0.125726 0.991772 0.00566425 0.127889 0.958518 0.041521 0.281992 0.957623 -0.0489543 0.283835 0.991612 -0.0120426 0.128686 0.870682 0.0945809 0.482667 0.86741 -0.105213 0.486343 0.990946 -0.0298786 -0.130892 0.991425 0.0179927 -0.12943 0.99184 0.00231745 -0.127469 0.991581 -0.0131144 -0.12882 0.991144 -0.0253897 0.130342 0.991358 0.0199048 0.129666 0.991999 0.0112979 0.125736 0.991999 -0.0207816 -0.12452 0.992 -0.0207233 0.124528 0.992 0.0113745 -0.125727 0.991999 0.0112971 -0.125737 0.991999 -0.0208002 0.124518 0.680795 0.131829 0.720513 0.676964 -0.138349 0.722897 0.820475 0.426463 0.380724 0.795388 0.486038 0.362111 0.795388 -0.479233 -0.37107 0.820474 -0.419137 -0.388775 0.999989 0.000956265 -0.00467852 0.999988 0.00095724 -0.00468329 0.999989 0.000466987 -0.00475287 0.999989 0.000466773 -0.00475069 0.248374 -0.00525375 0.96865 0.248374 -0.00494973 0.968652 -0.612837 -0.131642 0.779167 -0.526705 -0.133616 0.839481 -0.531435 0.127542 0.837443 -0.615923 0.127276 0.777457 -0.27338 -0.00436227 0.961896 -0.273379 -0.00550384 0.961891 -0.135472 -0.00440685 0.990771 -0.135472 -0.00281224 0.990777 0.965085 -0.075591 -0.250793 0.965085 0.0665541 0.253341 0.912882 -0.18686 -0.362946 0.912882 0.178233 0.36726 0.833302 -0.37069 -0.410119 0.833302 0.362797 0.417117 0.999989 -0.00117663 0.00458885 0.999989 -0.0011737 0.0045774 0.820468 0.42644 -0.380763 0.795389 0.486033 -0.362117 0.795388 -0.479235 0.371067 0.820468 -0.419106 0.388821 0.999989 0.000952259 0.0046605 0.999989 0.000955151 0.00467465 0.999989 0.000466053 0.00474032 0.999989 0.000466633 0.00474622 -0.611431 -0.133745 -0.779913 -0.526748 -0.133561 -0.839463 -0.530509 0.128735 -0.837847 -0.616228 0.126749 -0.777301 -0.27338 -0.00451764 -0.961895 -0.27338 -0.00498159 -0.961893 -0.135472 -0.00457633 -0.990771 -0.135471 -0.00571648 -0.990765 0.952621 -0.0840261 -0.292323 0.953886 0.0759481 -0.290402 0.850518 -0.15476 -0.502661 0.85453 0.143687 -0.499132 0.647936 -0.185317 -0.738808 0.652264 0.178564 -0.736659 0.248375 -0.00400229 -0.968656 0.248375 -0.00371682 -0.968657 0.958688 0.040052 -0.281626 0.957193 -0.0523632 -0.284675 0.869793 0.0975147 -0.483685 0.868167 -0.102787 -0.485511 0.681216 0.131107 -0.720247 0.677863 -0.136826 -0.722344 0.248375 -0.00457239 -0.968653 0.248375 -0.00398125 -0.968656 0.952395 -0.0854279 0.292654 0.953899 0.0758663 0.290382 0.851073 -0.153251 0.502184 0.854329 0.144251 0.499313 0.648952 -0.183738 0.73831 0.652833 0.17767 0.736371 0.248372 -0.00590109 0.968647 0.248373 -0.00513191 0.968651 0.965084 0.0664081 0.253382 0.965084 -0.075737 -0.250752 0.912863 0.178088 0.367378 0.912863 -0.187076 -0.362884 0.833301 0.362643 0.417253 0.833301 -0.370832 -0.409992 0.999989 -0.00117803 0.00459426 0.999989 -0.00117894 0.00459782 0.965085 -0.0756004 0.25079 0.965085 0.0665568 -0.253341 0.912882 -0.186866 0.362943 0.912882 0.178231 -0.367261 0.957855 0.0470677 -0.283369 0.869619 0.098083 -0.483882 0.867892 -0.103668 -0.485815 0.95864 -0.0404716 -0.28173 0.679378 0.13425 -0.721403 0.677462 -0.137506 -0.722591 -0.0240943 -0.00124899 0.999709 0.0615941 -0.000980005 0.998101 0.0615938 -0.00320302 0.998096 -0.0240943 0.000105263 0.99971 1 -6.45303e-05 0.00104568 0.999999 3.56784e-05 0.00106241 0.999999 3.61424e-05 0.00107623 0.999999 -6.53664e-05 0.00105923 0.999525 -0.000126656 -0.0308305 0.999525 -0.000115992 0.0308301 0.999525 -0.00202065 -0.0307642 0.999525 -0.0020126 0.0307645 0.999509 0.0047497 -0.0309761 0.999525 -0.00122899 0.0307898 0.999525 -0.00014742 0.0308323 0.999506 -0.00525384 -0.0309915 0.999525 -0.000129249 0.0308305 0.999525 -0.000135885 -0.0308307 0.999525 -0.00202799 0.030764 0.999525 -0.00203499 -0.0307638 0.999524 0.000260555 0.0308381 0.999524 -0.00235315 -0.0307551 0.99952 -0.00218579 -0.030895 0.999524 -0.000673081 0.0308508 0.999999 -6.59972e-05 0.00106945 0.999999 0 0.00109125 0.999999 0 0.00105762 0.999999 -6.63711e-05 0.00107551 0.0615942 -0.000864372 0.998101 0 -0.00101541 1 0 -0.00149429 0.999999 0.0615942 -0.000329462 0.998101 0.999999 -6.6019e-05 -0.0010698 0.999999 0 -0.00105819 0.999999 0 -0.00109284 0.999999 -6.576e-05 -0.00106561 0.0615941 -0.00110934 -0.998101 0 -0.00149363 -0.999999 0 -0.00101475 -1 0.0615942 -0.000102563 -0.998101 -0.0240943 -0.00116012 -0.999709 0.0615937 -0.00385165 -0.998094 0.0615941 -0.000192224 -0.998101 -0.0240944 -5.2808e-05 -0.99971 1 3.56088e-05 -0.00106133 0.999999 -6.61425e-05 -0.00107181 0.999999 -6.72219e-05 -0.0010893 0.999999 3.61888e-05 -0.00107862 0.248377 0.00136411 -0.968662 0.248377 0.00061846 -0.968663 0.650333 -0.181587 -0.737627 0.248377 0.00070103 -0.968663 0.248374 -0.00420799 -0.968655 0.650346 0.181567 -0.73762 0.991293 -0.0216623 0.129883 0.991363 0.0197675 0.129649 0.99201 0.0149725 -0.125267 0.965095 0.0700164 -0.252368 0.965095 -0.0721189 0.251775 0.99201 -0.0171195 0.124991 0.912876 0.181563 -0.36564 0.912876 -0.183575 0.364634 0.99201 -0.0171074 -0.124993 0.99201 0.0149921 0.125264 0.99201 0.0149768 0.125266 0.99201 -0.0170934 -0.124995 0.99201 -0.0170889 0.124995 0.99201 0.0149495 -0.12527 0.991775 0.00554823 0.127874 0.991743 -0.00698283 0.128054 0.991138 -0.0255395 -0.130361 0.991237 0.0230923 -0.13006 0.991836 0.00250584 -0.127492 0.991702 -0.00867415 -0.128266 0.833313 0.365813 -0.414453 0.833313 -0.367672 0.412804 -0.567781 -0.174492 -0.804473 -0.485498 -0.172867 -0.856976 -0.484278 0.174438 -0.857349 -0.569152 0.172461 -0.803942 -0.200225 0.000141912 -0.97975 -0.200225 -0.000964598 -0.97975 -0.0978138 -0.00219249 -0.995202 -0.097814 -0.000163687 -0.995205 0.999999 -0.00026855 -0.00104734 0.999999 -0.000264942 -0.00103327 0.794911 0.437306 0.420572 0.773853 0.496921 0.392709 0.773853 -0.495242 -0.394825 0.794911 -0.435471 -0.422471 0.999999 0.000295729 -0.00104053 0.999999 0.00028958 -0.00101889 0.999999 0.000143628 -0.0010507 0.999999 0.000143755 -0.00105163 0.952513 -0.0846946 0.292481 0.952969 0.0818493 0.291807 0.852904 -0.14822 0.500585 0.853139 0.147578 0.500375 0.65111 -0.180372 0.737239 0.651107 0.180377 0.737241 0.248375 -0.00310725 0.968659 0.248377 -0.000593676 0.968663 -0.565844 -0.177226 0.80524 -0.483665 -0.175225 0.857534 -0.485775 0.17251 0.856891 -0.56699 0.175631 0.804783 -0.200225 0.00098126 0.97975 -0.200224 -0.00312393 0.979745 -0.097814 0.000127264 0.995205 -0.097814 -0.000122037 0.995205 0.794903 0.437299 -0.420593 0.773853 0.496921 -0.392709 0.773853 -0.495259 0.394804 0.794903 -0.435467 0.42249 0.999999 0.00029125 0.00102477 0.999999 0.000291717 0.00102641 0.999999 0.000143985 0.00105304 0.999999 0.000146014 0.00106787 0.965095 -0.0720939 -0.251782 0.965095 0.0700688 0.252353 0.912876 -0.183521 -0.364661 0.912892 0.181575 0.365594 0.833313 -0.367631 -0.41284 0.833313 0.36586 0.414411 0.999999 -0.000262559 0.00102397 0.999999 -0.000258218 0.00100705 0.965095 0.0700461 0.25236 0.965095 -0.0721289 -0.251772 0.912873 0.181567 0.365644 0.912873 -0.183616 -0.364619 0.833313 0.365791 0.414472 0.833313 -0.367658 -0.412817 0.999999 -0.000264608 0.00103196 0.999999 -0.000264245 0.00103055 0.965095 -0.0721329 0.251771 0.965095 0.0700356 -0.252362 0.91289 -0.183558 0.364608 0.912874 0.181598 -0.365629 0.833313 -0.367638 0.412835 0.833313 0.365825 -0.414442 0.999999 -0.000270336 -0.0010543 0.999999 -0.000268255 -0.00104619 0.958361 0.0428594 0.282325 0.957715 -0.0482047 0.28365 0.869361 0.0989192 0.484175 0.868582 -0.101453 0.485049 0.67898 0.134929 0.721651 0.679377 -0.134252 0.721404 0.248377 -0.000520254 0.968663 0.248377 -0.0013631 0.968662 0.952747 -0.0832442 -0.292138 0.953771 0.0767038 -0.290582 0.851851 -0.151102 -0.501515 0.852546 0.149185 -0.500909 0.738081 0.533746 0.412737 0.604448 0.718406 0.34429 0.629638 0.618557 0.470047 0.765246 0.341739 0.54554 -0.00327421 0.811642 -0.584146 0.295603 0.890781 -0.345149 0.319636 0.905323 -0.279684 0.0658889 0.88315 -0.464441 0.797094 0.595255 0.101554 0.782372 0.607533 0.137105 0.91899 0.323807 0.224958 0.939241 0.300184 0.166483 -0.0364199 0.617689 -0.785579 0.275865 0.849892 -0.448978 0.280387 0.871577 -0.402164 -0.039601 0.719902 -0.692945 0.763106 0.62341 0.17038 0.892232 0.354351 0.279923 0.0867794 0.435978 -0.895764 0.29918 0.810004 -0.504365 0.282576 0.828365 -0.483696 0.00881616 0.517483 -0.855648 0.739382 0.643089 0.199376 0.859327 0.392404 0.327987 0.712076 0.665979 0.222305 0.821588 0.436925 0.366183 0.682653 0.690524 0.239087 0.780679 0.484722 0.394443 0.517545 0.441125 -0.733182 0.42763 0.79918 -0.422427 0.394664 0.790444 -0.468443 0.422942 0.385405 -0.820112 0.652296 0.715681 0.249622 0.62891 0.618631 -0.470923 0.468332 0.834733 -0.28963 0.452293 0.815009 -0.362203 0.627211 0.518801 -0.580906 0.552473 0.808012 0.204671 0.562712 0.825989 0.0331135 0.557288 0.829116 0.044685 0.471581 0.879313 -0.0664753 0.44203 0.896166 -0.0386886 0.463305 0.877491 -0.123927 0.552082 0.808091 -0.205415 0.55024 0.833157 0.0555469 0.541481 0.838202 0.0649209 0.531362 0.844061 0.0722205 0.0657996 0.883238 0.464286 0.319924 0.905164 0.279869 0.352195 0.912356 0.208722 0.159018 0.927468 0.338402 0.520602 0.850249 0.0777876 -0.038713 0.719148 0.693778 0.280378 0.871582 0.40216 0.296744 0.890201 0.345667 -0.00257813 0.810986 0.58506 0.50946 0.85666 0.0811451 0.00506387 0.519792 0.854278 0.283879 0.827784 0.483928 0.275321 0.850148 0.448829 -0.0374483 0.618444 0.784936 0.471773 0.879243 0.0660473 0.193883 0.381408 0.903846 0.325206 0.796625 0.509539 0.299006 0.810077 0.504351 0.0864692 0.436104 0.895732 0.267451 0.962945 -0.0347481 0.273593 0.960701 -0.0469114 0.281677 0.957738 -0.0582725 0.517845 0.441067 0.733005 0.427923 0.799078 0.422322 0.394704 0.790429 0.468434 0.421387 0.385689 0.820778 0.29165 0.954102 -0.0680469 0.303 0.949953 -0.0760318 0.315304 0.945459 -0.0817959 0.463873 0.877241 0.123574 0.470781 0.856964 0.209709 0.327984 0.940809 -0.0854699 0.371732 0.925729 -0.0695798 0.412023 0.910061 -0.0450111 0.442367 0.896009 0.0384689 0.158445 0.92801 -0.337185 0.348673 0.914182 -0.206635 0.380196 0.916059 -0.127617 0.264194 0.942331 -0.205459 -0.0577771 0.993089 -0.10216 -0.0390589 0.989654 -0.138055 -0.0139734 0.98513 -0.17124 0.0172007 0.97974 -0.199535 0.193915 0.381433 -0.903828 0.326946 0.795933 -0.509506 0.310799 0.364149 -0.877952 0.357579 0.790085 -0.497899 0.0520969 0.973451 -0.222887 0.0899314 0.966682 -0.239661 0.604571 0.718393 -0.3441 0.471141 0.856816 -0.209504 0.128875 0.95965 -0.249927 0.372301 0.925395 0.07096 0.413645 0.909272 0.0460742 0.265471 0.9413 0.208517 0.384558 0.913841 0.130424 -0.37439 0.912153 -0.16676 -0.343063 0.91191 -0.225229 -0.300775 0.912058 -0.278721 -0.25013 0.911725 -0.325873 0.311325 0.363972 0.877839 0.357832 0.789983 0.497878 -0.19201 0.911566 -0.363565 0.627391 0.518751 0.580756 0.453954 0.814388 0.361521 0.468825 0.834541 0.289385 -0.129269 0.911369 -0.390764 -0.0646123 0.911246 -0.406763 -0.66493 0.723138 -0.186922 -0.6457 0.729114 -0.226858 -0.386732 0.912022 -0.13658 -0.861158 0.452771 -0.231097 -0.84 0.464231 -0.280873 -0.954044 0.133751 -0.268163 -0.933138 0.150735 -0.326392 -0.934192 -0.196994 -0.297452 -0.914714 -0.17763 -0.362968 -0.801105 -0.506507 -0.318874 -0.786942 -0.479129 -0.388791 -0.576494 -0.747339 -0.330362 -0.565044 -0.719683 -0.403462 -0.279847 -0.900571 -0.332654 -0.276412 -0.870794 -0.40659 0.0488795 -0.944303 -0.325427 0.0504892 -0.916035 -0.397907 0.369354 -0.876249 -0.309459 0.368592 -0.849164 -0.378233 0.638681 -0.713781 -0.287409 0.634137 -0.688855 -0.351212 0.926279 -0.309728 -0.214651 0.917562 -0.297154 -0.264157 0.983843 -0.0152202 -0.178384 0.975798 -0.00344216 -0.218647 0.947174 0.290231 -0.136481 0.939226 0.300242 -0.166459 0.803149 0.589916 -0.0833786 0.797297 0.594956 -0.101709 0.565366 0.824387 -0.0273379 0.563069 0.825738 -0.033307 0.263429 0.964242 0.029032 0.26588 0.963353 0.0354679 -0.0698406 0.99391 0.08523 -0.0611937 0.992732 0.103631 -0.390543 0.910194 0.137926 -0.376885 0.910921 0.167871 -0.663253 0.724854 0.186233 -0.645651 0.729165 0.226833 -0.860457 0.454316 0.230677 -0.839418 0.46555 0.280428 -0.954013 0.134115 0.26809 -0.933155 0.150508 0.326449 -0.933107 -0.201122 0.298096 -0.914643 -0.177892 0.363019 -0.800537 -0.507344 0.318971 -0.785826 -0.480764 0.389029 -0.576638 -0.747231 0.330354 -0.567812 -0.717605 0.403277 -0.282974 -0.899575 0.332701 -0.278175 -0.870219 0.406618 0.0489371 -0.944301 0.325423 0.0504564 -0.916024 0.397937 0.372325 -0.875131 0.309064 0.368387 -0.849238 0.378266 0.638199 -0.714169 0.287514 0.634044 -0.688917 0.351256 0.925013 -0.312876 0.215543 0.917176 -0.29806 0.264478 0.983746 -0.0166212 0.178795 0.975878 -0.00250702 0.218304 0.946922 0.291204 0.13616 0.803124 0.589952 0.0833637 0.564943 0.824683 0.0271562 0.264331 0.964005 -0.028704 -0.0657462 0.994309 -0.0838304 -0.603133 0.736614 -0.305991 -0.547246 0.74604 -0.379403 -0.478923 0.757856 -0.443042 -0.400762 0.771892 -0.493531 -0.316677 0.786797 -0.52978 -0.230329 0.801596 -0.551717 -0.789649 0.482672 -0.37879 -0.722908 0.507811 -0.468543 -0.642102 0.537539 -0.546587 -0.550366 0.569822 -0.610246 -0.451194 0.606318 -0.65483 -0.349414 0.643742 -0.680813 -0.87929 0.181484 -0.440355 -0.808091 0.22247 -0.545432 -0.721628 0.27377 -0.635848 -0.623311 0.331552 -0.708207 -0.517005 0.392037 -0.760929 -0.407608 0.454374 -0.792086 -0.861254 -0.134726 -0.48999 -0.791633 -0.0746607 -0.606418 -0.706695 -0.00266543 -0.707513 -0.610178 0.0795262 -0.788263 -0.506109 0.167782 -0.845992 -0.398307 0.257093 -0.880486 -0.738839 -0.423056 -0.524538 -0.67554 -0.348507 -0.649761 -0.599959 -0.256053 -0.757949 -0.512507 -0.152545 -0.845024 -0.41923 -0.0399027 -0.907003 -0.321771 0.0742339 -0.943903 -0.524634 -0.654543 -0.544364 -0.474891 -0.565771 -0.674079 -0.414558 -0.457755 -0.786513 -0.343778 -0.336221 -0.876797 -0.268785 -0.204368 -0.941269 -0.191016 -0.0693481 -0.979134 -0.25043 -0.797817 -0.548428 -0.212615 -0.702539 -0.679142 -0.171363 -0.585099 -0.792649 -0.123699 -0.451599 -0.883605 -0.0702239 -0.308407 -0.948659 -0.0162476 -0.160902 -0.986837 0.0632854 -0.841358 -0.53676 0.0799727 -0.74265 -0.664888 0.103022 -0.622712 -0.775639 0.126462 -0.486039 -0.864739 0.151124 -0.338606 -0.928713 0.178019 -0.187205 -0.966056 0.368579 -0.77709 -0.510178 0.367358 -0.682201 -0.632179 0.37034 -0.565589 -0.736857 0.371161 -0.433644 -0.821092 0.370076 -0.291772 -0.881994 0.37054 -0.145712 -0.917316 0.627302 -0.619444 -0.471997 0.615676 -0.530217 -0.582934 0.60053 -0.423007 -0.678549 0.583488 -0.301522 -0.754073 0.563044 -0.172237 -0.80828 0.542623 -0.0396682 -0.839039 0.897875 -0.254976 -0.358898 0.873742 -0.194127 -0.445969 0.845101 -0.118297 -0.521354 0.81335 -0.0305124 -0.580975 0.779821 0.0646147 -0.622659 0.746007 0.162355 -0.645844 0.954618 0.0299742 -0.296322 0.926449 0.0753287 -0.368806 0.89192 0.131483 -0.432656 0.852689 0.197309 -0.483726 0.809848 0.268281 -0.521701 0.765056 0.341538 -0.545931 0.919222 0.322696 -0.225606 0.892271 0.354125 -0.280085 0.859306 0.392776 -0.327598 0.82158 0.436827 -0.366317 0.78063 0.484547 -0.394754 0.737982 0.533558 -0.413157 0.7829 0.606715 -0.13771 0.763337 0.62303 -0.170737 0.739286 0.643278 -0.199122 0.712181 0.665705 -0.222791 0.682719 0.690159 -0.239948 0.652249 0.715387 -0.250586 0.557516 0.828953 -0.0448685 0.550533 0.832941 -0.0558821 0.541666 0.83806 -0.0652219 0.531658 0.843812 -0.0729409 0.520743 0.850109 -0.0783693 0.509505 0.856589 -0.08161 0.272191 0.961052 0.0478552 0.280421 0.958034 0.0594597 0.290524 0.954338 0.0695311 0.302272 0.950074 0.0774056 0.314765 0.945501 0.0833692 0.327717 0.940766 0.0869582 -0.0415769 0.989328 0.139646 -0.016194 0.984753 0.173205 0.0146957 0.979148 0.202615 0.0501022 0.97275 0.226376 0.0885497 0.965886 0.243357 0.12806 0.958714 0.253906 -0.344846 0.910947 0.226399 -0.301794 0.911432 0.279665 -0.250612 0.911368 0.326501 -0.192694 0.910904 0.36486 -0.129704 0.910741 0.392081 -0.0648371 0.910597 0.408178 -0.60309 0.736663 0.305958 -0.54714 0.746179 0.379284 -0.478724 0.758174 0.442715 -0.400861 0.771676 0.493787 -0.316861 0.786109 0.53069 -0.230305 0.801734 0.551527 -0.789334 0.483483 0.378414 -0.723219 0.506828 0.469126 -0.642311 0.536606 0.547258 -0.550222 0.571161 0.609123 -0.451211 0.606854 0.654322 -0.349117 0.642276 0.682348 -0.879297 0.181255 0.440435 -0.808129 0.224118 0.5447 -0.721568 0.273161 0.636178 -0.622936 0.329582 0.709455 -0.517314 0.393063 0.760189 -0.407699 0.454584 0.791918 -0.861535 -0.133787 0.489754 -0.791995 -0.0735964 0.606075 -0.707351 -0.00110675 0.706862 -0.610286 0.0797406 0.788158 -0.505717 0.167127 0.846356 -0.398535 0.257413 0.880289 -0.738508 -0.423503 0.524643 -0.676604 -0.347074 0.64942 -0.600678 -0.255175 0.757675 -0.512688 -0.152343 0.844951 -0.418217 -0.0409355 0.907424 -0.323625 0.0759885 0.943129 -0.527536 -0.652419 0.544109 -0.476672 -0.564501 0.673885 -0.415499 -0.457106 0.786393 -0.346351 -0.334515 0.876436 -0.270089 -0.203541 0.941075 -0.189907 -0.0699837 0.979305 -0.252096 -0.797267 0.548463 -0.215372 -0.701624 0.679219 -0.173078 -0.58452 0.792704 -0.125318 -0.451041 0.883661 -0.0715691 -0.307905 0.948721 -0.016467 -0.160856 0.986841 0.0617094 -0.84136 0.536941 0.0801279 -0.742653 0.664866 0.10451 -0.622778 0.775387 0.126516 -0.486043 0.864729 0.151126 -0.338578 0.928723 0.17819 -0.187259 0.966013 0.368866 -0.776995 0.510115 0.37023 -0.681365 0.631405 0.370286 -0.565602 0.736874 0.369935 -0.433873 0.821525 0.371747 -0.291536 0.881369 0.37064 -0.145733 0.917272 0.627486 -0.619309 0.471931 0.616213 -0.529859 0.582693 0.600743 -0.422882 0.678438 0.582525 -0.30199 0.75463 0.563495 -0.172038 0.808007 0.543874 -0.0393461 0.838244 0.897982 -0.254756 0.358786 0.873714 -0.194177 0.446004 0.845402 -0.117869 0.520963 0.812997 -0.0309061 0.581447 0.779288 0.0641931 0.62337 0.746269 0.162485 0.645508 0.954765 0.0311024 0.295729 0.926547 0.0758156 0.368461 0.89207 0.131978 0.432195 0.852421 0.196721 0.484436 0.809331 0.26753 0.522886 -0.18942 0.686305 0.702215 -0.257263 0.706861 0.658911 -0.14655 0.831217 0.536285 -0.09628 0.813183 0.573989 -0.142445 0.807932 0.571799 -0.143302 0.812794 0.564651 0 0.903457 0.428679 0 0.901243 0.433314 -0.235572 0.538717 0.808882 -0.320855 0.555721 0.766959 0.166679 0.945383 0.280124 0.16657 0.944767 0.282257 -0.228118 0.3843 0.894581 -0.329692 0.392909 0.858443 0.339548 0.93295 0.119634 0.339535 0.932914 0.119947 -0.171158 0.244291 0.954477 -0.280267 0.235174 0.930668 0.49938 0.864926 -0.0502262 0.499369 0.864907 -0.0506639 -0.0656177 0.130184 0.989316 -0.175464 0.101308 0.979259 0.625991 0.746022 -0.227128 0.626038 0.746078 -0.226811 0.0730665 0.059006 0.99558 -0.0237761 0.00865344 0.99968 0.700512 0.587804 -0.404685 0.701377 0.588529 -0.402124 0.230474 0.0391337 0.972291 0.158975 -0.0280282 0.986885 0.70849 0.409034 -0.575094 0.7118 0.410945 -0.569618 0.391088 0.0741173 0.917364 0.350007 0 0.936747 0.645042 0.234764 -0.727191 0.652612 0.237519 -0.719502 0.530879 0.161844 0.83185 0.521721 0.0919842 0.848143 0.520525 0.091773 -0.8489 0.533625 0.0940827 -0.840472 0.630541 0.291354 0.719396 0.6473 0.235586 0.724916 0.351422 0 -0.936217 0.369671 0 -0.929163 0.679805 0.446758 0.581612 0.708323 0.408963 0.575351 0.167926 -0.0296067 -0.985355 0.189297 -0.0333746 -0.981352 0.671289 0.607999 0.42392 0.698731 0.586309 0.409898 -0.00841431 0.00306242 -0.99996 0.0130626 -0.00475413 -0.999903 0.606223 0.754182 0.252394 0.6244 0.744125 0.237492 -0.151059 0.0872114 -0.98467 -0.131708 0.0760392 -0.988368 0.493234 0.866568 0.0760312 0.498931 0.864148 0.065696 -0.256931 0.215592 -0.942076 -0.241496 0.202641 -0.949008 0.347875 0.932227 -0.0996759 0.340293 0.934995 -0.0999235 -0.307548 0.366519 -0.87811 -0.296785 0.353692 -0.887029 0.188644 0.943989 -0.270735 0.167798 0.951729 -0.257013 -0.306197 0.530334 -0.790562 -0.299867 0.51937 -0.800209 0.0348558 0.901479 -0.431417 0 0.914939 -0.403593 -0.2482 0.68196 -0.687988 -0.245316 0.674035 -0.696776 -0.0962354 0.813033 -0.574209 -0.146388 0.830297 -0.537753 -0.143011 0.811144 -0.567093 -0.142148 0.806246 -0.574249 0.0328995 0.853778 0.519596 -0.0422324 0.766949 0.640317 -0.0819968 0.660802 0.746068 -0.0810863 0.547212 0.833057 -0.0397145 0.44038 0.896933 0.037001 0.353826 0.934579 0.395837 0.301533 0.867405 0.506705 0.365029 0.781027 0.582144 0.459939 0.670495 0.619352 0.573019 0.536705 0.562881 0.794359 0.228384 0.477998 0.875676 0.0686288 0.13533 0.911133 -0.389259 0.0336563 0.852754 -0.521228 -0.188993 0.685375 -0.703237 -0.0407594 0.765164 -0.642543 -0.0811564 0.65994 -0.746922 -0.234644 0.537304 -0.81009 -0.229664 0.386001 -0.893453 -0.084202 0.549795 -0.831045 -0.0430253 0.442594 -0.89569 -0.171441 0.244518 -0.954368 -0.0666001 0.130736 -0.989178 0.0388141 0.35288 -0.934863 0.143653 0.296979 -0.944017 0.0720335 0.0593866 -0.995633 0.389258 0.0741798 -0.918137 0.394131 0.301799 -0.868089 0.507059 0.365035 -0.780795 0.532702 0.162067 -0.83064 0.672133 0.608491 -0.421872 0.61284 0.689451 -0.386114 0.563063 0.794346 -0.227979 0.606345 0.754261 -0.251864 0.493123 0.866541 -0.0770496 0.477761 0.87575 -0.0693239 0.369188 0.925205 0.0877287 0.347801 0.932443 0.0978977 0.188564 0.944757 0.268099 0.250317 0.937758 0.240729 0.134001 0.912952 0.385437 0.0344898 0.903647 0.426887 0.14574 0.296192 0.943944 0.268896 0.278098 0.922148 0.612062 0.689399 0.387438 0.369537 0.924952 -0.0889208 0.251135 0.93682 -0.243514 0.268872 0.278131 -0.922145 0.230208 0.0391855 -0.972352 0.580421 0.459879 -0.672028 0.630178 0.291252 -0.719755 0.620411 0.573103 -0.535391 0.680915 0.44722 -0.579955 0.204326 0.883939 0.420598 0.159801 0.839899 0.518684 0.334789 0.907933 0.252138 0.315458 0.896203 0.311941 0.393217 0.918272 0.0464385 0.384624 0.921283 0.0574557 0.376368 0.913781 -0.152809 0.362406 0.912774 -0.18843 0.134165 0.785836 0.603706 0.130714 0.727653 0.673375 0.300113 0.882263 0.362691 0.293071 0.866405 0.404293 0.374247 0.924919 0.0668127 0.369271 0.926322 0.0746107 0.350198 0.910708 -0.219025 0.346351 0.905642 -0.24465 0.15389 0.670175 0.726074 0.195022 0.624135 0.756586 0.300041 0.848436 0.436042 0.318834 0.831452 0.455008 0.369189 0.925869 0.080412 0.370613 0.924999 0.0837967 0.347468 0.89991 -0.263492 0.351136 0.89518 -0.274512 0.39597 0.591949 0.702 0.461382 0.622567 0.63209 0.395696 0.815682 0.422004 0.426708 0.820749 0.379856 0.393611 0.915977 0.0778228 0.412322 0.90835 0.069929 0.396044 0.882201 -0.254698 0.416419 0.879791 -0.229266 0.505739 0.670822 0.542426 0.529677 0.728627 0.434217 0.445633 0.833581 0.326425 0.459837 0.848688 0.261303 0.41842 0.906258 0.060184 0.427987 0.902497 0.0482284 0.42596 0.882924 -0.197492 0.437224 0.885321 -0.158244 0.503924 0.84364 0.18529 0.457783 0.887301 0.055962 0.458781 0.881545 0.111349 0.441905 0.896421 0.0338927 0.438598 0.898449 0.0205147 0.434434 0.900682 0.0062832 0.444731 0.893126 -0.0673807 0.436213 0.899603 -0.0207937 0.265371 0.911344 -0.314692 0.205089 0.883392 -0.421376 0.364766 0.911774 -0.188717 0.336542 0.907058 -0.252953 0.409432 0.911677 -0.0347859 0.394434 0.917745 -0.0465325 0.396779 0.910738 0.114553 0.375927 0.913982 0.152694 0.159817 0.839888 -0.518698 0.133798 0.786078 -0.603473 0.314123 0.896857 -0.311408 0.298505 0.883023 -0.362167 0.382628 0.922123 -0.0573207 0.374029 0.925008 -0.0668004 0.362598 0.912689 0.188474 0.351544 0.910129 0.219278 0.130294 0.727905 -0.673185 0.151855 0.671255 -0.725504 0.294036 0.865967 -0.40453 0.301169 0.847943 -0.436222 0.36735 0.927092 -0.0745277 0.367121 0.926696 -0.0803529 0.34436 0.906478 0.244365 0.34753 0.899884 0.263498 0.19487 0.624205 -0.756567 0.252361 0.593797 -0.764015 0.313246 0.833791 -0.45461 0.337844 0.821584 -0.459196 0.369227 0.925555 -0.0837787 0.373712 0.92368 -0.0845796 0.352638 0.894569 0.274576 0.361164 0.890346 0.277209 0.396186 0.591906 -0.701915 0.460424 0.622824 -0.632535 0.393991 0.816333 -0.422341 0.427152 0.820578 -0.379728 0.394056 0.915787 -0.0778067 0.412333 0.908347 -0.0699001 0.397636 0.88154 0.254507 0.416401 0.879799 0.229269 0.52862 0.788804 -0.313606 0.503894 0.84365 -0.185325 0.464934 0.865103 -0.18824 0.459212 0.88135 -0.111113 0.435373 0.899578 -0.03477 0.438768 0.898366 -0.0204991 0.443113 0.889136 0.114406 0.445001 0.892998 0.067297 0.457428 0.887455 -0.0564181 0.396532 0.915298 0.0706616 0.44185 0.896447 -0.0339241 0.416881 0.90799 0.0420029 0.434529 0.900636 -0.00627426 0.425528 0.904913 0.00768448 0.43638 0.899523 0.0207403 0.422102 0.906202 -0.0250595 0.329439 0.923923 0.194513 0.263398 0.91272 0.312352 0.389586 0.9136 0.116434 0.361637 0.913353 0.187098 0.416493 0.908886 0.0214529 0.40553 0.913432 0.0344545 0.406891 0.910788 -0.0700335 0.391195 0.913351 -0.112941 0.255922 0.592387 0.763925 0.337526 0.821699 0.459225 0.37374 0.923669 0.0845796 0.365063 0.888768 -0.277166 0.325307 0.581284 0.745845 0.365511 0.815667 0.448429 0.385784 0.918886 0.082575 0.380224 0.884448 -0.270521 0.528829 0.788748 0.313396 0.463978 0.865511 0.18872 0.43425 0.900118 0.0348664 0.443484 0.888964 -0.114299 0.397165 0.914957 -0.0715051 0.417999 0.907446 -0.0426429 0.427107 0.904167 -0.00783221 0.423524 0.905525 0.0255121 0.33177 0.922446 -0.19754 0.393156 0.911815 -0.118413 0.420362 0.907095 -0.021803 0.411528 0.908591 0.0714618 0.323811 0.581787 -0.746104 0.364265 0.81615 -0.448564 0.385426 0.919039 -0.0825537 0.379986 0.884546 0.270536 0.506125 0.670747 -0.542159 0.447245 0.832959 -0.325808 0.419039 0.905974 -0.0601434 0.427855 0.882099 0.197081 0.530017 0.728548 -0.433934 0.460231 0.848527 -0.261129 0.429466 0.9018 -0.0481143 0.438555 0.884724 0.157903 -0.245912 0.675674 0.694977 -0.248814 0.683647 0.686089 0 0.915959 0.401273 -0.299991 0.519584 0.800024 -0.306312 0.530532 0.790385 0.167909 0.952357 0.254602 -0.297875 0.354991 0.886144 -0.308712 0.367906 0.877122 0.340365 0.935193 0.097802 -0.239897 0.201299 0.949699 -0.255327 0.214246 0.942818 0.498865 0.864088 -0.0669713 -0.133385 0.0770123 0.988068 -0.152575 0.0880919 0.984358 0.624425 0.744156 -0.23733 0.0130372 -0.00474488 0.999904 -0.0085462 0.00311042 0.999959 0.69896 0.586501 -0.409232 0.18923 -0.0333628 0.981366 0.167635 -0.0295553 0.985406 0.708827 0.409229 -0.57454 0.372741 0 0.927935 0.35456 0 0.935033 0.648093 0.235874 -0.724113 0.532762 0.0939305 0.841036 0.519902 0.0916632 0.849294 0.522196 0.0920679 -0.847842 0.651747 0.237204 0.720389 0.644164 0.234444 0.728072 0.349878 0 -0.936795 0.711008 0.410513 0.570917 0.707706 0.408606 0.576362 0.157818 -0.0278242 -0.987076 0.700966 0.588185 0.403342 0.700104 0.587461 0.405888 -0.0257833 0.00938398 -0.999623 0.62604 0.74608 0.2268 0.625988 0.746018 0.227147 -0.177141 0.102269 -0.978858 0.499391 0.864945 0.0497793 0.499402 0.864964 0.0493511 -0.281118 0.235888 -0.930231 0.339416 0.932587 -0.122797 0.339426 0.932616 -0.122546 -0.33004 0.393323 -0.858121 0.166415 0.943885 -0.285283 0.166526 0.944517 -0.283118 -0.32087 0.555781 -0.766909 0 0.899763 -0.436379 0 0.902039 -0.431655 -0.257176 0.706623 -0.6592 0.413142 0.910667 0 0.417106 0.908858 0 0.431009 0.902348 0 0.427091 0.904209 0 0.441465 0.897279 0 0.437881 0.899033 0 0.448898 0.893583 0 0.44543 0.895317 0 0.451835 0.892101 0 0.44898 0.893542 0 0.447794 0.894137 0 0.445974 0.895046 0 0.437348 0.899292 0 0.436587 0.899662 0 0.421733 0.90672 0 0.422113 0.906543 0 0.403238 0.915095 0 0.404678 0.914459 0 0.384011 0.923329 0 0.386073 0.922468 0 0.367899 0.929866 0 0.369919 0.929064 0 0.357358 0.933968 0 0.358667 0.933466 0 0.3539 0.935283 0 0.354118 0.935201 0 0.356425 0.934324 0 0.355519 0.934669 0 0.364125 0.93135 0 0.362228 0.93209 0 0.375078 0.926993 0 0.372398 0.928073 0 0.388587 0.921412 0 0.38532 0.922783 0 0.403035 0.915185 0 0.399156 0.916883 0 0.419139 0.907922 0 0.414916 0.90986 0 0.399225 0.916853 0 0.402797 0.915289 0 0.385755 0.922601 0 0.388876 0.92129 0 0.373635 0.927576 0 0.376191 0.926542 0 0.363917 0.931431 0 0.365683 0.930739 0 0.357727 0.933826 0 0.358725 0.933443 0 0.355445 0.934697 0 0.355459 0.934692 0 0.359469 0.933157 0 0.35847 0.933541 0 0.369336 0.929296 0 0.367579 0.929992 0 0.385117 0.922868 0 0.383152 0.923685 0 0.403177 0.915122 0 0.401807 0.915724 0 0.42062 0.907237 0 0.420222 0.907421 0 0.435461 0.900208 0 0.436265 0.899818 0 0.445624 0.89522 0 0.44751 0.894279 0 0.449886 0.893086 0 0.452637 0.891695 0 0.447988 0.89404 0 0.451503 0.89227 0 0.440595 0.897706 0 0.444633 0.895713 0 0.428785 0.903407 0 0.4329 0.901442 0 0.8188 0.574079 0 0.818765 0.574129 0 0.818763 0.574132 0 0.818665 0.574271 0 0.818756 0.574141 0 0.818792 0.57409 0 0.818774 0.574116 0 0.818779 0.574109 0 0.81878 0.574108 0 0.818735 0.574172 0 0.81878 0.574107 0 0.818797 0.574083 0 0.818767 0.574125 0 0.818754 0.574145 0 0.818749 0.574152 0 0.818811 0.574064 0 0.818817 0.574055 0 0.818709 0.574209 0 0.818712 0.574205 0 0.818624 0.574329 0 0.818739 0.574166 0 0.818812 0.574062 0 0.818807 0.574068 0 0.818843 0.574017 0 0.818717 0.574197 0 0.818746 0.574156 0 0.818802 0.574076 0 0.818735 0.574172 0 0.818745 0.574158 0 0.818756 0.574142 0 0.818794 0.574088 0 0.81877 0.574121 0 0.818838 0.574025 0 0.81877 0.574121 0 0.818696 0.574227 0 0.818823 0.574046 0 0.818767 0.574125 0 0.870504 -0.492151 0.00316033 0.871302 -0.490736 0.00325908 0.968685 -0.248294 -0.00032599 0.96819 -0.250115 0.00710096 7.9886e-05 -0.999991 0.00419829 0.000421283 -0.999991 0.00420623 0.000411418 -0.999991 0.00410776 -0.000908139 -0.999992 0.00397038 -0.0454545 -0.998956 0.00459158 -0.0509441 -0.9987 0.00165324 -0.0451108 0.998977 0.00321572 -0.0625738 0.99772 0.0252858 0.00348074 0.999991 0.00224304 0.00122046 0.999995 0.00290423 0.96972 -0.244198 -0.00334057 0.992068 -0.125479 0.00749791 0.991867 -0.127162 0.00549792 0.968302 0.249685 0.0070043 0.968613 0.248574 0.000333204 0.868187 0.496225 0.00348303 0.870653 0.49189 0.00286769 0.707737 0.706462 0.00457478 0.706559 0.707653 0.00125721 0.490531 0.871424 0.000328056 0.49192 0.870614 0.00674879 0.999993 0.000732243 0.00358429 0.99943 -0.0158149 0.0298326 0.99943 0.0209732 -0.0264616 0.999993 0.000731804 0.00358214 0.999535 -0.0305094 0.000166012 0.998737 0.0378258 0.03306 0.998741 -0.0378137 -0.0329622 0.999535 0.0304975 -0.000556226 0.248989 -0.968461 0.00939974 0.231379 -0.97279 -0.0119807 0.476924 -0.878885 -0.0102629 0.491673 -0.870751 0.00711964 0.700634 -0.713462 0.00912446 0.706266 -0.707946 0.00129503 0.870621 -0.491952 0.00116619 0.871977 0.489543 0.00214096 0.871466 0.49045 0.00221596 0.702608 0.711554 -0.00574801 0.247793 0.968813 -0.000654856 0.249346 0.968368 0.00951668 0.00132762 0.999995 0.0027502 0.000692745 0.999995 0.00302868 0.983615 -0.0217711 -0.178965 0.983584 0.0198723 -0.179351 0.983614 -0.0217397 0.178971 0.983585 0.0198766 0.17935 0.116597 -0.993112 0.0115315 0.121477 -0.992577 0.00576662 0.246725 -0.969086 -2.42084e-05 0.232931 -0.972297 0.0195158 0.99293 0.118563 0.00567803 0.992509 0.12215 0.00231438 0.968809 0.247806 -0.000345669 0.970627 0.240451 0.00811751 0.122826 0.992428 0.000894531 0.124863 0.992146 0.00741287 0.489909 -0.871774 0.000292685 0.707503 -0.70669 0.00537377 0.748754 0.0490946 -0.661028 0.662337 -0.00636018 -0.749179 0.661845 -0.00367614 0.749631 0.748461 -0.0579639 0.660641 -0.0651588 -0.997614 -0.0228328 -0.184658 -0.982794 0.00418824 -0.184658 -0.982793 0.00431795 -0.0518999 0.998628 0.0069455 -0.0506469 0.998263 -0.0300917 -0.251384 0.959121 -0.129973 -0.210969 0.977482 -0.00469901 0.870675 0.0295383 0.490972 0.821026 0.17897 0.542112 0.821026 -0.176126 -0.543043 0.870673 -0.0267374 -0.491136 0.999995 -0.00320431 -0.000602059 0.999995 -0.00320511 -0.000602211 -0.514403 -0.843053 -0.15701 -0.36997 -0.929034 0.00424371 -0.716039 -0.676801 -0.170963 -0.548109 -0.836397 0.00405837 -0.847471 -0.505228 -0.162904 -0.721572 -0.692329 0.0038503 0.720687 0.691465 -0.0498626 0.90566 0.41836 -0.0689596 0.931094 0.362803 -0.0379161 0.925301 0.376335 0.0467952 0.925703 0.375008 -0.049431 0.981305 0.191424 -0.0199075 0.982416 0.186642 -0.00479506 0.995648 0.0930498 -0.00517252 0.998935 0.00767946 -0.0454916 -0.4998 0.835501 -0.22834 -0.425847 0.90405 -0.0367188 -0.369972 0.929038 0.00287874 -0.625456 0.776082 -0.0806376 -0.54811 0.8364 0.00322593 -0.694358 0.65566 -0.29661 -0.800968 0.477457 -0.361226 -0.782558 0.607131 -0.137823 0.720687 -0.691466 0.0498594 0.931094 -0.362803 0.0379158 0.90566 -0.41836 0.0689593 0.925145 -0.377188 -0.0428534 0.982414 -0.186648 0.00511556 0.981301 -0.191468 0.0196823 0.925697 -0.375038 0.0493085 0.999924 0.00742581 0.00980934 0.995449 0.0867773 0.0393708 0.998989 -0.00738871 0.0443354 0.995648 -0.0930382 0.00529582 0.8853 0.253952 0.389555 0.885319 -0.251556 -0.391062 0.942442 0.234736 0.23812 0.942455 -0.232742 -0.240021 0.979003 0.164188 0.120811 0.97901 -0.162531 -0.122977 0.978428 0.183793 0.0943312 0.995892 0.0871724 0.0244845 0.9961 -0.0800258 -0.0371442 0.978356 -0.185107 -0.0924897 0.999874 -0.0052467 -0.0149629 0.995439 -0.0864745 -0.0402871 0.99604 -0.0824139 -0.0333431 0.996031 0.0822079 0.0341212 0.787686 -0.386875 0.479456 0.787687 0.380731 -0.484349 0.855002 -0.414453 0.311769 0.855002 0.410149 -0.317409 0.912869 -0.3666 0.179651 0.912869 0.363675 -0.1855 0.991052 -0.0133083 -0.132808 0.991073 0.0185087 0.132028 0.91335 -4.39707e-05 -0.407175 0.991073 0.0184604 -0.132035 0.913347 0.00266492 0.407173 0.991052 -0.0132232 0.132821 0.91335 -0.00115098 -0.407175 0.991349 -0.0169018 -0.130159 0.991343 0.0211373 0.129585 0.913337 0.00533775 0.407169 0.782347 0.0317612 -0.622032 0.968934 0.00349707 -0.247293 0.815103 0.0963164 -0.571254 0.975709 -0.0166847 -0.218433 0.86784 0.148733 -0.474059 0.982701 -0.0281686 -0.183042 0.921106 0.152654 -0.358135 0.987883 -0.042033 -0.149402 0.964102 0.119298 -0.237225 0.990818 -0.0689004 -0.116326 0.990943 0.0632735 -0.118439 0.993265 -0.0866565 -0.0769075 0.999434 0.0175076 -0.0287265 0.998305 -0.0503783 -0.0291325 0.999417 -0.0134577 0.0313723 0.997738 0.0594101 0.0314537 0.990947 -0.0636056 0.118233 0.991751 0.100282 0.0798379 0.964106 -0.119653 0.237028 0.989489 0.082638 0.118666 0.921108 -0.152831 0.358054 0.986923 0.0558037 0.151225 0.867839 -0.148648 0.474087 0.981917 0.0428864 0.184388 0.815108 -0.0970765 0.571118 0.97532 0.0281963 0.218987 0.782348 -0.0312667 0.622057 0.968897 0.00520594 0.247408 0.984217 -0.0222823 -0.175558 0.984218 0.0224285 0.175531 0.979948 0.0286389 -0.197185 0.97466 0.0654988 -0.213889 0.970407 0.0658364 -0.232328 0.988942 0.0602935 -0.135495 0.989766 0.0715796 -0.123449 0.998591 0.0351477 -0.0397667 0.999863 0.0091322 -0.0138136 0.999854 -0.0106027 0.013434 0.998403 -0.0411134 0.0387435 0.989456 -0.0783586 0.121807 0.988587 -0.0679482 0.134458 0.970075 -0.074215 0.231183 0.973963 -0.0772055 0.213158 0.979805 -0.0336747 0.1971 -0.00178573 -0.999992 0.00369919 -0.00180925 -0.999991 0.00393415 -0.000326056 0.999995 0.00325545 -0.00176941 0.999998 0.000789045 0.992382 -0.123192 -0.00121274 0.479936 0.877204 -0.0131817 0.999994 -0.00110353 0.0033618 0.999993 -0.00218074 0.00296369 0.999993 -0.00218448 0.00296877 0.999994 -0.00110512 0.00336667 0.478051 -0.878186 0.0160586 0.699855 -0.71426 -0.00598854 0.869959 -0.493122 -0.00119166 0.697376 0.716657 0.00825843 0.235967 0.971652 -0.0145397 -0.000321436 0.999995 0.00320934 0.0219198 0.999265 0.031442 0.124144 -0.992213 0.0100611 0.103743 -0.994022 0.034034 0.992107 0.125003 0.00988478 0.993302 0.110876 0.0325326 0.125492 0.992084 0.0045965 -0.20962 -0.977682 0.0140644 -0.184659 0.982798 0.00300711 -0.184658 0.982794 0.00415796 -0.42352 -0.904552 0.0491539 -0.496255 -0.836778 0.231372 -0.24645 -0.959871 0.133829 -0.621868 -0.777145 0.0965709 -0.6943 -0.655702 0.296653 -0.781655 -0.607502 0.141267 0.818669 0.563921 0.108508 0.969669 -0.244409 0.00242507 -0.510676 0.844408 0.161817 -0.713227 0.678483 0.175979 -0.721572 0.692329 0.00382419 -0.845029 0.507208 0.169307 0.817382 -0.570038 -0.083323 0.00226183 -0.999997 0.00100863 0.0262648 -0.999264 -0.0279787 -0.0452236 -0.998426 0.033171 0.473951 0.880461 0.0125954 0.227234 0.973722 0.0151481 0.0948863 0.995124 -0.0269201 0.994308 -0.102981 -0.0273325 -0.80966 -0.471244 0.349829 -0.258846 0.00144625 -0.965917 -0.500047 0.00160224 -0.865997 -0.499667 -0.0390124 -0.865339 -0.25874 -0.0285792 -0.965524 0.701619 -0.712363 -0.0164274 0.853628 -0.515885 -0.0719921 0.863844 -0.487135 -0.128347 0.702085 -0.702078 -0.119014 0.856457 0.512523 0.0616593 0.701306 0.712646 0.0174579 0.701341 0.701334 0.127481 0.865935 0.488314 0.108196 -0.262177 0.256435 0.930325 -0.285181 0.155191 0.945826 0.0170581 0.0665261 0.997639 0.0410756 0.0728398 0.996497 0.999993 -0.0013337 -0.00350328 0.999992 -0.00262058 -0.00294272 0.999992 -0.00267153 -0.00299993 0.999993 -0.00136539 -0.00358651 0.0668785 0.0668791 0.995517 -0.236955 0.29828 0.924598 -0.566445 0.198283 0.79989 -0.52509 0.0602398 0.848912 -0.271169 0.0594126 0.960696 -0.500044 0.00362811 0.865992 -0.258844 0.00404904 0.965911 -0.558071 -0.226597 -0.798255 -0.292326 -0.129372 -0.947527 -0.285106 -0.0518173 -0.957094 -0.545534 -0.0998059 -0.832125 0.960439 0.276631 0.032132 0.960904 0.270474 0.0592222 0.98862 0.142118 0.0493301 0.986796 0.15759 0.0374092 -0.245624 -0.28984 -0.92502 0.0606183 -0.0606189 -0.996319 0.0428646 -0.0760124 -0.996185 -0.274306 -0.236272 -0.932165 0.960156 -0.272128 -0.0636053 0.965031 -0.247446 -0.0865222 0.987722 -0.152852 -0.0322726 0.9888 -0.141451 -0.0476015 0.957672 -0.284918 -0.0410662 0.844982 0.532589 0.0485217 0.0139974 -0.0545892 -0.998411 0.991783 -0.0899488 -0.0909742 0.981615 -0.0491478 -0.184437 0.982915 0.00366039 -0.184025 0.995839 -0.00535697 -0.0909723 0.942953 -0.330591 -0.0393531 0.934684 -0.346964 -0.0773428 0.980228 -0.188865 -0.0590141 0.985033 -0.169636 -0.0305544 0.987162 0.156545 0.0316859 0.98174 0.18034 0.060535 0.924387 0.374531 0.0723598 0.935822 0.350459 0.037618 0.977966 -0.190265 0.0859218 0.965804 -0.192038 0.174196 0.966306 -0.181209 0.1828 0.977535 -0.190372 0.0904658 0.999905 -0.0130671 -0.00442263 0.999846 -0.0152839 -0.00867918 0.999718 0.0226086 0.00730668 0.999782 0.0205334 0.00373965 0.996522 -0.0492709 0.0672083 0.986172 -0.086761 0.141199 0.997034 -0.0753026 -0.0158887 0.995965 -0.0842632 -0.0308882 0.965435 0.185744 -0.182852 0.977463 0.190742 -0.0904678 0.996907 0.076993 0.0157368 0.995791 0.086435 0.0304881 0.995836 0.0058543 0.0909693 0.982931 0.00190452 0.183964 0.982609 0.0198233 0.184624 0.994215 0.0567358 0.0911973 0.976513 0.197494 -0.0861296 0.965109 0.195333 -0.174385 0.985028 0.097148 -0.142415 0.995244 0.0693376 -0.0684158 0.928378 0.0378023 -0.369709 0.929317 0.0140711 -0.369015 0.82915 0.131419 -0.543359 0.836827 0.0197943 -0.547109 0.689679 0.220647 -0.689679 0.707532 0.023492 -0.70629 0.523075 0.298788 -0.798197 0.548356 0.0242538 -0.835893 0.345346 0.358751 -0.867199 0.369863 0.0228266 -0.928806 0.169782 0.393259 -0.903616 0.183968 0.0223237 -0.982679 0.0836031 0.402884 -0.911425 0.090411 0.0208178 -0.995687 0.90825 -0.392968 -0.143727 0.966861 -0.231404 -0.107852 0.871285 -0.451339 -0.192758 0.949085 -0.280008 -0.14434 0.827917 -0.516775 -0.21794 0.928786 -0.331284 -0.166152 0.784242 -0.581309 -0.216897 0.908312 -0.380771 -0.173154 0.746375 -0.637246 -0.191942 0.889759 -0.425044 -0.166331 0.718922 -0.67884 -0.149425 0.874856 -0.460959 -0.148807 0.709708 -0.693322 -0.124979 0.8689 -0.475298 -0.138222 0.968553 0.222564 0.111218 0.897774 0.419793 0.133323 0.950649 0.271924 0.149412 0.861304 0.47638 0.176683 0.93004 0.324298 0.172792 0.819409 0.53834 0.196875 0.909102 0.375087 0.181228 0.777897 0.598386 0.191861 0.889955 0.42097 0.175399 0.742596 0.649348 0.164005 0.874401 0.458607 0.158435 0.717921 0.685651 0.1203 0.868236 0.47405 0.146434 0.710114 0.697862 0.0934141 0.918742 -0.181093 0.350883 0.916175 -0.162281 0.366453 0.838944 -0.151243 0.522779 0.828214 -0.136648 0.543497 0.728151 -0.101441 0.677869 0.704153 -0.104587 0.702303 0.590862 -0.0372367 0.805913 0.55059 -0.0662905 0.832139 0.437653 0.041227 0.898198 0.377727 -0.0230513 0.92563 0.279409 0.128166 0.95158 0.196903 0.0203032 0.980213 0.199002 0.171009 0.964963 0.10459 0.0378385 0.993795 0.999664 -0.0199433 -0.0165613 0.999544 0.0268307 0.0138261 0.999397 -0.0254671 -0.0236038 0.999306 0.0317379 0.0195063 0.999052 -0.0319047 -0.0296191 0.999011 0.0372122 0.0243291 0.998647 -0.038925 -0.0344788 0.998675 0.0431454 0.0280658 0.998199 -0.0463614 -0.0380666 0.998311 0.0492803 0.0307816 0.997728 -0.0539683 -0.0403207 0.997932 0.0554561 0.032499 0.997485 -0.0577463 -0.0411068 0.99774 0.0585037 0.0330565 0.944055 -0.134868 0.300949 0.867598 -0.158917 0.47119 0.754875 -0.154933 0.637306 0.607454 -0.126261 0.784256 0.431635 -0.0791932 0.898565 0.238139 -0.0223046 0.970975 0.140397 0.0107229 0.990037 0.992966 -0.103267 -0.0579116 0.988796 -0.125739 -0.080451 0.983741 -0.150912 -0.0973588 0.978244 -0.176861 -0.108433 0.972698 -0.202246 -0.113825 0.967486 -0.22578 -0.113995 0.965001 -0.236638 -0.113026 0.915148 0.167678 -0.366589 0.8273 0.141363 -0.543683 0.703092 0.109806 -0.70257 0.549301 0.0722622 -0.832494 0.376475 0.0285129 -0.925988 0.195539 -0.0146965 -0.980586 0.104654 -0.0380928 -0.993779 0.992862 0.104542 0.0574134 0.988743 0.126447 0.079997 0.983723 0.15124 0.0970389 0.978245 0.176848 0.108452 0.972695 0.202207 0.113918 0.967506 0.225844 0.113697 0.965081 0.236746 0.112116 0.929432 -0.00786684 0.368909 0.927358 -0.0601948 0.369303 0.837022 -0.0137897 0.546995 0.827446 -0.145967 0.542243 0.707835 -0.0167743 0.706179 0.6888 -0.226076 0.6888 0.548724 -0.0175124 0.83582 0.523328 -0.297311 0.798583 0.370245 -0.0165235 0.928787 0.346014 -0.354017 0.868877 0.184368 -0.0160011 0.982727 0.170251 -0.387258 0.906116 0.0906262 -0.0173974 0.995733 0.0838542 -0.396582 0.914162 0.918036 0.184019 -0.351207 0.942243 0.143207 -0.30277 0.837706 0.155628 -0.523478 0.865588 0.164669 -0.472907 0.72612 0.107574 -0.679101 0.752496 0.159661 -0.638951 0.588993 0.0420729 -0.807042 0.604977 0.129963 -0.785565 0.435179 -0.0356629 -0.899637 0.429187 0.0821563 -0.899471 0.276011 -0.121415 -0.953455 0.23511 0.0255107 -0.971634 0.195692 -0.164808 -0.966718 0.131685 -0.00184716 -0.99129 0.916277 -0.140049 -0.375263 0.922677 -0.0951217 -0.373656 0.929277 0.052266 -0.365667 0.578589 -0.0847177 -0.811207 0.957657 -0.19274 -0.213878 0.926503 -0.219114 -0.305911 0.634094 -0.142881 -0.759941 0.706198 -0.0656955 -0.70496 0.963085 -0.151391 -0.222594 0.794835 -0.0465649 -0.605037 0.973482 -0.118865 -0.195456 0.859493 -0.0288865 -0.51033 0.985507 -0.0945339 -0.140854 0.907721 -0.0125745 -0.419386 0.994861 -0.077066 -0.0656686 0.943211 0.00341873 -0.332177 0.997654 -0.0647012 0.0223754 0.969822 0.0192216 -0.243056 0.990719 -0.0572738 0.123266 0.990846 0.0218589 -0.133219 0.999049 -0.017594 0.0398998 0.994649 -0.0147804 0.102247 0.999869 0.0111804 -0.0116766 0.976553 -0.0131204 0.214875 0.999215 0.035644 -0.0173113 0.950787 0.00126398 0.309842 0.996083 0.0468922 0.0749663 0.916181 0.0165769 0.400421 0.985822 0.0618852 0.155964 0.869521 0.0327007 0.492813 0.970371 0.080885 0.227678 0.808807 0.0509353 0.585864 0.95426 0.106579 0.279336 0.728205 0.0716056 0.681608 0.941354 0.140397 0.306825 0.612336 0.0930516 0.785103 0.933699 0.183153 0.30767 0.648424 0.14643 0.747064 0.911845 0.214928 0.349778 0.926599 0.143057 0.347778 0.94242 -0.039384 0.332105 0.933525 0.0985081 0.344714 0 -0.0200226 -0.9998 0 0.00175228 -0.999998 0.717517 -0.696323 0.0174041 0.843597 -0.534559 -0.0508967 0.722843 0.690544 -0.0254182 -0.549965 0.374699 0.746418 0.999991 0 -0.00417075 0.999992 0 -0.00406097 -0.521416 0.467518 0.713829 0.00259232 0.0420069 0.999114 0 0.00460825 0.999989 0.00269507 -0.0217557 -0.99976 0.964877 0.247406 0.0883356 0.990676 0.122724 0.0591675 -0.534098 -0.400085 -0.744763 -0.509045 -0.480433 -0.714183 0.990398 -0.122689 -0.063715 0.998381 0.0529379 -0.0208289 0.999995 0 -0.00305702 0.999995 0 -0.00307211 0.998216 -0.054287 0.0248509 -0.365222 0.235577 0.90062 -0.458587 -0.000678135 0.888649 0 -0.000620371 1 0.0369283 -0.0185071 0.999147 0.999995 -0.00314826 0 0.998545 0.0110365 -0.052785 0.998423 -0.0134957 0.0544838 0.999995 -0.00314822 0 -0.395901 -0.200178 -0.896209 0.0332895 0.024178 -0.999153 0 -0.00831559 -0.999965 -0.458476 0.00363727 -0.8887 -0.47358 -0.0130234 0.880655 0.0552512 0.0166464 0.998334 0.0663476 0.0289183 0.997377 0.997614 0.0672233 -0.0157521 0.998343 0.055614 -0.0147797 0.99834 -0.0571302 0.00725661 0.997657 -0.0675862 0.0105731 0.0665436 -0.0261217 -0.997442 0.0544988 -0.0204183 -0.998305 -0.472488 0.0200481 -0.881109 0.98493 0.012693 0.172487 0.978632 0.0553732 0.198025 0.995789 0.056591 0.072125 0.996526 -0.043129 -0.0712405 0.979521 -0.040112 -0.197307 0.984856 -0.0121648 -0.172947 0.764005 -0.594208 0.251424 0.892589 -0.415899 0.174104 0.898408 -0.377304 0.224731 0.807978 -0.505863 0.302115 0.416569 -0.18015 -0.891076 0.428978 -0.149418 -0.890872 0.60988 -0.225652 -0.759689 0.554159 -0.242225 -0.796388 0.758961 -0.48323 0.436425 0.614238 -0.703025 0.358424 0.882109 -0.362849 0.300372 0.954513 -0.27872 0.105927 0.959068 -0.248855 0.135128 0.731687 -0.65694 0.181835 0.870188 -0.474762 0.131813 0.713725 -0.692177 0.107182 0.848342 -0.521177 0.0932185 0.707576 -0.704646 0.0530069 0.835624 -0.546146 0.0588015 0.986895 -0.156648 0.0387313 0.988768 -0.141205 0.0489782 0.941529 -0.325045 0.0887109 0.930512 -0.360138 0.0667015 0.925954 -0.374767 0.0464597 0.998714 -0.0506716 0.00186373 0.998909 -0.0465848 0.00338544 0.982318 -0.183439 0.037435 0.98002 -0.196323 0.0319069 0.980707 -0.193601 0.0270721 0.998324 -0.0576046 0.00552088 0.564102 -0.78487 0.256453 0.628341 0.187121 0.755098 0.664031 0.160529 0.730269 0.485849 0.0979718 0.868535 0.455458 0.0979885 0.884848 0.689625 0.121431 0.713914 0.522253 0.0872457 0.848316 0.703219 0.0733961 0.707174 0.545174 0.07223 0.835205 0.549621 -0.822109 0.148505 0.332993 0.0668828 0.940554 0.304988 0.0598539 0.950473 0.360322 0.0657781 0.930506 0.373723 0.0610178 0.925531 0.550545 -0.832791 0.0579584 0.183937 0.0361708 0.982272 0.162365 0.0295587 0.986288 0.194503 0.0407309 0.980056 0.19229 0.0476561 0.98018 0.0550043 0.011763 0.998417 0.0465728 0.00793495 0.998883 0.857949 -0.321419 0.400766 0.727691 -0.352026 0.58868 0.950382 -0.244129 0.192809 0.985234 -0.147868 0.0863063 0.998484 -0.0523167 0.0170916 0.83274 -0.279933 0.477684 0.702342 -0.299913 0.645576 0.935043 -0.232265 0.267858 0.979124 -0.149387 0.137843 0.997803 -0.0547538 0.0373013 0.812887 -0.260464 0.520935 0.686267 -0.276632 0.672691 0.921261 -0.209798 0.327512 0.975739 -0.131929 0.174725 0.997824 -0.0431376 0.049868 0.912469 -0.193575 0.360456 0.976119 -0.109052 0.187879 0.997404 -0.0279388 0.0663621 0.903307 0.324482 -0.280621 0.894151 0.38822 -0.223112 0.764793 0.584294 -0.271462 0.815728 0.438552 -0.377173 0.769563 0.371532 -0.519361 0.891848 0.284802 -0.351419 0.474416 -0.135836 -0.869758 0.661225 -0.175352 -0.729406 0.27132 -0.11106 -0.95606 0.285832 -0.0911155 -0.953938 0.132283 -0.057927 -0.989518 0.150561 -0.0472348 -0.987472 0.0315619 -0.0183744 -0.999333 0.0409931 -0.0160867 -0.99903 0.5184 -0.110791 -0.847931 0.691572 -0.115979 -0.712935 0.325524 -0.0874102 -0.941485 0.179598 -0.0471468 -0.98261 0.0522782 -0.0184556 -0.998462 0.544852 -0.078182 -0.834879 0.704331 -0.0620368 -0.707156 0.358507 -0.0747973 -0.930526 0.193759 -0.0443143 -0.980048 0.373699 -0.0613323 -0.92552 0.192585 -0.0431326 -0.980332 0.8702 0.463809 -0.166235 0.729875 0.658631 -0.182999 0.961429 0.221219 -0.163454 0.955923 0.263477 -0.129578 0.990261 0.120316 -0.0700532 0.987944 0.143022 -0.0592532 0.999276 0.0349413 -0.0150348 0.999009 0.0420321 -0.0146116 0.847941 0.518553 -0.109998 0.712575 0.694842 -0.0971163 0.941915 0.319207 -0.104415 0.982758 0.176706 -0.0544241 0.998451 0.0532403 -0.0161384 0.835604 0.546494 -0.0557666 0.707401 0.705623 -0.0410009 0.930528 0.358767 -0.0735167 0.980054 0.194214 -0.0421263 0.925945 0.374737 -0.0468906 0.980624 0.193312 -0.0317304 0.954094 0.203128 -0.220101 0.731368 0.32641 -0.598796 0.867038 0.251288 -0.430231 0.706404 0.273179 -0.652968 0.840286 0.229573 -0.491137 0.691343 0.247925 -0.678659 0.820416 0.219798 -0.527831 0.987238 0.119253 -0.10555 0.939249 0.190989 -0.285193 0.925299 0.17589 -0.335984 0.916823 0.164145 -0.363994 0.998936 0.0371132 -0.0273823 0.981394 0.119457 -0.150319 0.977702 0.108029 -0.18008 0.977651 0.0916561 -0.189205 0.998274 0.0391976 -0.0437349 0.998129 0.0319179 -0.0521473 0.997547 0.0206869 -0.0668756 -0.492702 -0.0370652 0.869409 -0.515887 -0.0571866 0.854746 0.633744 -0.740561 -0.223468 0.754465 -0.637762 -0.155054 0.856112 -0.508719 -0.0909753 0.933148 -0.358008 -0.0326398 0.981353 -0.191509 0.0164307 -0.489911 0.0456784 -0.870575 -0.505788 0.0768757 -0.859225 -0.534935 0.09124 -0.839952 0.859966 0.497424 0.114139 0.762167 0.618475 0.191288 0.935403 0.349877 0.0510723 0.982482 0.186333 -0.00297534 0.947442 0.0744037 0.311155 0.923399 0.0553881 0.379825 0.88531 0.137123 0.444324 0.832974 0.0553997 0.550531 0.715217 -0.00854401 0.69885 0.442945 -0.180848 0.878119 0.307058 -0.117693 0.944385 0.156826 -0.0574487 0.985954 0.92439 -0.0402379 -0.379322 0.946827 -0.0709241 -0.313828 0.833965 -0.041653 -0.550242 0.883698 -0.13052 -0.449491 0.70571 0.0257741 -0.708032 0.44031 0.183678 -0.878857 0.30417 0.121203 -0.944876 0.152613 0.0634915 -0.986244 -0.00408379 0.00266895 0.999988 -0.108373 0.16229 0.980774 0.0360295 0.010269 0.999298 0.0716959 0.0213668 0.997198 0.108168 0.0341989 0.993544 0.13389 0.0492343 0.989772 0.99313 -0.0137215 0.11621 0.991857 -0.0164803 0.126289 0.99659 -0.0104339 0.0818504 0.999011 -0.0055856 0.0441225 0.999902 -0.00119118 0.0139399 0.999952 0.00173934 -0.00962103 0.999074 0.00571418 -0.0426539 0.996779 0.0105744 -0.079498 0.99368 0.0139512 -0.11138 0.990184 0.0156876 -0.138887 0.126414 -0.0341142 -0.991391 0.135944 -0.049579 -0.989475 0.0856384 -0.0214102 -0.996096 0.0462563 -0.0102667 -0.998877 -0.015114 -0.0027883 -0.999882 -0.150449 -0.163877 -0.974941 0.99927 -0.0193197 -0.032966 0.999375 0.0278479 0.0217689 0.991341 0.095671 0.0899496 0.991197 -0.0836295 -0.102641 0.96757 0.213234 0.135421 0.967731 -0.211643 -0.136765 0.930823 0.316604 0.182568 0.929363 -0.323711 -0.177467 0.891468 0.379331 0.247775 0.881422 -0.415033 -0.225484 -0.861644 0.141507 -0.487386 -0.850865 0.12096 -0.511271 0.829334 -0.482552 -0.281689 -0.841141 0.0886098 -0.533508 -0.845021 -0.0666702 0.53056 -0.861928 -0.0763343 0.501252 -0.827392 0.056275 -0.558799 -0.82767 -0.0535895 0.558651 -0.814311 0.0163462 -0.580199 -0.814075 -0.0238214 0.580271 -0.671039 -0.464467 -0.577907 -0.732871 0.39782 0.551942 -0.251547 -0.30479 -0.918601 -0.321714 0.321899 0.890439 -0.0774024 -0.0685097 -0.994643 -0.0580529 0.0589424 0.996572 -0.0209156 -0.118166 -0.992774 -0.0336476 0.123639 0.991757 0.0272242 -0.187061 -0.981971 0.0132332 0.192123 0.981282 0.0620868 -0.251375 -0.965896 0.0455027 0.256456 0.965484 0.0815521 -0.314481 -0.945754 0.068554 0.317815 0.945671 0.97113 0.213691 -0.106033 0.9828 0.166087 -0.0807378 0.982779 -0.165217 0.0827552 0.9711 -0.213331 0.107025 0.991565 0.120367 -0.0480651 0.991607 -0.11833 0.0520891 0.997291 0.0726608 -0.0114704 0.997422 -0.0699538 0.0160294 0.99978 0.0209395 -0.00128876 0.99983 -0.016983 0.00717086 0.999993 0.00375473 0 0.999819 -0.0190457 0 0.975471 -0.220127 0 0.998307 -0.0581743 0 0.929256 -0.369437 0 0.974242 0.225505 0 0.928086 0.372367 0 0.999667 0.0258054 0 0.999973 -0.00737436 0 0.999999 0.00134063 0 0.999979 0.00646565 0 0.999994 0.00353196 0 0.999994 0.00352175 0 0.997653 0.0684703 0 0.999873 0.0159274 0 0.999911 0.0133449 0 0.89665 -0.231738 -0.377248 0.907339 0.231309 0.351045 </float_array>
          <technique_common>
            <accessor count="1899" offset="0" source="#meshId0-tangents-array" stride="3">
              <param name="X" type="float" />
              <param name="Y" type="float" />
              <param name="Z" type="float" />
            </accessor>
          </technique_common>
        </source>
        <source id="meshId0-bitangents" name="meshId0-bitangents">
          <float_array id="meshId0-bitangents-array" count="5697"> 0.00478468 0.999988 -0 0.00478179 0.999988 -0 0.00478152 0.999988 -0 0.00478442 0.999988 -0 0.00105769 0.999999 -0 0.00107923 0.999999 -0 0.00109237 0.999999 -0 0.00107083 0.999999 -0 0.00468307 0.962775 0.270153 0.00458743 0.89531 0.445344 0.00460109 0.893472 0.44902 0.00467766 0.962086 0.272598 0.00455318 0.750225 0.661134 0.0045585 0.746215 0.665657 0.00477435 -0.0240935 -0.999676 0.00476427 0.061593 -0.998083 0.00476735 0.061593 -0.998083 0.00477256 -0.0240935 -0.999676 0.000257069 0.999984 -0.00416567 -0.000167658 0.999957 -0.00499243 -0.000140824 0.99996 -0.00419339 0.000283518 0.999982 -0.00459426 0.00212843 0.999501 0.0308927 0.00380458 0.999495 -0.0309441 0.00587318 0.999494 0.0306456 0.00714239 0.999487 -0.0306063 0.00477156 0.999499 0.0306798 0.00477652 0.999499 -0.0306796 0.00477575 0.99949 -0.0309739 0.00476975 0.99949 0.0309738 0.00450755 0.999491 -0.0309657 0.00303756 0.999498 0.0309206 0.00581828 0.999494 -0.0306473 0.00667672 0.99949 0.0306207 0.00476492 0.999499 -0.03068 0.00477107 0.999499 0.0306798 0.00477921 0.99949 0.030974 0.00475457 0.99949 -0.0309733 0.000254239 0.999984 -0.00411981 -0 0.999988 -0.00482392 -0 0.999987 -0.00501202 0.000320915 0.999979 -0.00520026 0.00477254 0.061593 -0.998083 0.00478438 -0 -0.999988 0.00478433 -0 -0.999989 0.00477433 0.061593 -0.998083 0.000174728 0.999989 0.00283138 0 0.999987 0.0050009 0 0.999989 0.00476242 0.000345866 0.999977 0.00560459 0.00476856 0.061593 0.998083 0.00478107 0 0.999989 0.00478107 0 0.999988 0.00477194 0.061593 0.998083 0.00477733 -0.0240622 0.999676 0.00477689 0.061593 0.998083 0.00476981 0.061593 0.998083 0.00477513 -0.0240622 0.999676 -0.000162814 0.999958 0.00484818 0.000301461 0.999981 0.00488501 0.000387735 0.999973 0.00628304 -0.000106958 0.999964 0.00318495 0.00474231 0.248372 0.968645 0.00473819 0.248372 0.968645 0.00441603 0.746278 0.665587 0.00474047 0.248372 0.968645 0.00474482 0.248372 0.968645 0.00439747 0.750157 0.661212 0.00467019 0.991776 -0.12776 0.00466023 0.991927 -0.126583 -0.0217072 0.991976 0.124403 -0.112422 0.964169 0.240167 0.119809 0.96382 -0.237986 0.0280797 0.99192 -0.123548 -0.274256 0.907934 0.316816 0.284453 0.906763 -0.311167 0.0459116 0.991542 0.121244 -0.034032 0.991829 -0.122804 -0.0183572 0.99199 -0.124803 0.0291552 0.991906 0.123439 0.0414253 0.991668 -0.121836 -0.0359433 0.991793 0.122555 0.00474198 0.991928 -0.126541 0.00474266 0.991775 -0.127738 0.0046805 0.991776 0.127761 0.00466939 0.991927 0.126582 0.00474681 0.991928 0.126572 0.00475743 0.991774 0.127771 -0.480504 0.822785 0.303476 0.485888 0.821714 -0.297753 0.00447214 -0.670711 0.741652 0.00447816 -0.60213 0.798364 0.00447059 -0.60756 0.794239 0.00445904 -0.675314 0.737464 0.00477513 -0.200248 0.979708 0.00477999 -0.200248 0.979708 0.00477566 -0.0977801 0.995177 0.00477347 -0.0977801 0.995177 0.0013049 0.999978 0.00508907 0.00122939 0.99998 0.00479459 -0.545475 0.783842 -0.2966 -0.595988 0.762199 -0.252618 0.591775 0.763239 0.259295 0.542011 0.784606 0.300949 -0.00119254 0.999959 0.00419596 -0.00150461 0.999954 0.005294 -0.000596991 0.999959 0.00436609 -0.000380972 0.999965 0.00278623 0.00452805 0.962097 -0.272559 0.00453328 0.962765 -0.270192 0.00440361 0.893501 -0.448935 0.00440112 0.895262 -0.445414 0.00440592 0.746283 -0.665582 0.00438349 0.750151 -0.661219 0.00473726 0.248372 -0.968645 0.00472544 0.248372 -0.968645 0.00447337 -0.670781 -0.74161 0.00447169 -0.602134 -0.798361 0.00446777 -0.607558 -0.794241 0.00446597 -0.675388 -0.737417 0.00475676 -0.200186 -0.979739 0.0047712 -0.200186 -0.979739 0.0047631 -0.0978427 -0.995177 0.00476904 -0.0978427 -0.995177 -0.547073 0.78353 0.294525 -0.59595 0.762209 0.252679 0.592605 0.763039 -0.257985 0.541641 0.784648 -0.301454 -0.00123501 0.999959 -0.00434541 -0.00136184 0.999956 -0.00479167 -0.00061995 0.999958 -0.004534 -0.000774406 0.999952 -0.0056636 0.154608 0.961398 0.22749 -0.146602 0.962069 -0.229937 0.331552 0.899618 0.284022 -0.321071 0.901452 -0.29018 0.523968 0.81241 0.255742 -0.518569 0.813921 -0.261868 0.000994069 0.999984 -0.00387684 0.000923165 0.999985 -0.00360032 -0.110962 0.964231 -0.240596 0.123195 0.963641 0.23698 -0.277082 0.907623 -0.315283 0.282117 0.907041 0.31244 -0.479907 0.8229 -0.304107 0.484632 0.821968 0.299092 0.00113567 0.999982 -0.00442907 0.000988843 0.999984 -0.00385646 0.155997 0.961274 -0.227064 -0.146521 0.962076 0.229962 0.330126 0.899876 -0.284864 -0.321605 0.901362 0.289868 0.522708 0.812769 -0.257176 -0.517852 0.814117 0.262677 0.00146568 0.999975 0.00571613 0.00127464 0.999979 0.00497106 0.00467958 0.962775 -0.270154 0.0046745 0.962086 -0.272597 0.00457837 0.895306 -0.445381 0.00459427 0.893471 -0.44905 0.00455476 0.750226 -0.661133 0.00456451 0.746212 -0.66566 0.00474285 0.248372 -0.968645 0.00474652 0.248372 -0.968645 0.00453746 0.962097 0.272562 0.00453049 0.962765 0.270193 0.00441024 0.8935 0.448938 0.00440259 0.895263 0.445413 -0.117935 0.963914 -0.238541 -0.277627 0.907562 -0.31498 0.282961 0.906941 0.311968 0.111379 0.964214 0.240474 -0.482506 0.822393 -0.301354 0.485193 0.821855 0.298495 -3.00929e-05 0.999977 0.0012486 6.03622e-05 0.999992 0.000978138 0.000197286 0.999988 0.00319691 2.53619e-06 0.999977 -0.00010523 0.00104766 0.0615937 -0.998094 0.00106298 -0.0335625 -0.999405 0.0010768 -0.0335625 -0.999405 0.00106124 0.0615937 -0.998093 0.0010765 0.999506 0.0307939 0.00106583 0.999506 -0.0307943 0.00107077 0.999504 -0.0308601 0.00106272 0.999504 0.0308599 -0.00569955 0.999495 -0.030651 0.000279086 0.999505 0.0308357 0.0010973 0.999506 -0.0307933 0.00620368 0.999492 0.0306354 0.00107909 0.999506 -0.0307939 0.00108573 0.999506 0.0307937 0.00107811 0.999504 0.0308603 0.00108511 0.999504 -0.0308606 -0.0012105 0.999506 0.0307898 0.00140323 0.999503 -0.0308703 0.00313562 0.999504 0.0307304 0.00162302 0.999506 -0.0307771 0.00107148 0.0615937 -0.998093 0.00109125 -0 -0.999999 0.00105762 -0 -0.999999 0.00107755 0.0615937 -0.998093 5.32399e-05 0.999992 0.000862724 0 1 0.00101541 0 0.999999 0.00149429 2.02928e-05 0.999993 0.000328834 0.00107183 0.0615937 0.998093 0.00105819 0 0.999999 0.00109284 0 0.999999 0.00106763 0.0615937 0.998093 6.83282e-05 0.999992 -0.00110722 -0 0.999999 -0.00149363 -0 1 -0.00101475 6.31722e-06 0.999993 -0.000102367 -2.79516e-05 0.999977 -0.00115975 0.000237237 0.999985 -0.00384431 1.18398e-05 0.999993 -0.000191857 -1.27235e-06 0.999977 -5.27915e-05 0.00106189 -0.0335312 0.999406 0.00107384 0.0615937 0.998093 0.00109136 0.0615937 0.998093 0.00107919 -0.0335312 0.999405 -0.000338812 0.999991 0.00132136 -0.00015361 0.999992 0.000599075 0.520989 0.813252 0.259129 -0.000174118 0.999992 0.000679057 0.00104516 0.999983 -0.00407609 -0.520973 0.813257 -0.259147 0.0376999 0.991756 -0.122325 -0.035806 0.991796 0.122573 0.00107112 0.99188 0.127037 0.00106238 0.962519 0.271102 0.00104584 0.962364 0.271653 0.00107609 0.991845 0.127308 0.00102085 0.894607 0.446776 0.00103262 0.894197 0.447598 0.001064 0.991845 -0.127306 0.00105154 0.991879 -0.127039 0.00106684 0.99188 -0.127037 0.00105003 0.991845 -0.127304 0.00104553 0.991845 0.127304 0.0010941 0.99188 0.127034 -0.0215912 0.991977 0.124418 0.0230255 0.991968 -0.124233 0.0415751 0.991664 0.121816 -0.0391292 0.991724 -0.122137 -0.0185495 0.991989 -0.12481 0.0247163 0.991955 0.124015 0.00103074 0.748685 0.662892 0.00103965 0.747774 0.66392 -0.556271 0.801671 0.218721 -0.602574 0.776358 0.184768 0.603555 0.776006 -0.183033 0.55484 0.802089 -0.220737 2.84135e-05 0.999968 0.000139034 -0.000193131 0.999968 -0.000945035 -0.000214453 0.999981 -0.00218194 -1.60106e-05 0.999983 -0.000162899 0.00108121 0.248375 0.968655 0.00106669 0.248375 0.968655 0.0010526 -0.694147 0.719776 0.00104727 -0.621028 0.783765 0.00104293 -0.622368 0.782702 0.00104627 -0.695299 0.718663 0.0010817 -0.273375 0.961874 0.00105921 -0.273375 0.961874 0.00106046 -0.135438 0.99078 0.0010614 -0.135438 0.99078 0.155271 0.961339 -0.227287 -0.152451 0.961585 0.228151 0.325365 0.900718 -0.287666 -0.324771 0.900824 0.28805 0.520017 0.813523 -0.26023 -0.520021 0.813521 0.260226 0.000771764 0.999987 0.00300986 0.000147454 0.999992 0.000575068 -0.558214 0.801049 -0.215954 -0.604046 0.775829 -0.182163 0.60235 0.776437 0.185162 0.557077 0.801422 0.217577 0.000196467 0.999968 -0.000961359 -0.00062547 0.999964 0.00306057 1.2448e-05 0.999983 -0.000126652 -1.19368e-05 0.999983 0.00012145 0.00105074 -0.69418 -0.719768 0.00104719 -0.621028 -0.783765 0.0010222 -0.622355 -0.782712 0.00104538 -0.695331 -0.718656 0.00106532 -0.273375 -0.961874 0.00106703 -0.273375 -0.961874 0.0010628 -0.135469 -0.990749 0.00107778 -0.135469 -0.990749 0.0010208 0.962366 -0.271646 0.00100984 0.962516 -0.271116 0.000978038 0.894208 -0.447576 0.000992283 0.89459 -0.446782 0.000994697 0.747794 -0.663897 0.000977561 0.748662 -0.662919 0.00105709 0.248375 -0.968655 0.00103962 0.248375 -0.968655 0.00103255 0.962517 -0.27111 0.00105582 0.962363 -0.271655 0.00103053 0.894607 -0.446805 0.00106074 0.894189 -0.447642 0.00105451 0.748696 -0.66288 0.00102398 0.747781 -0.663912 0.00106534 0.248375 -0.968655 0.00106388 0.248375 -0.968655 0.0010599 0.962363 0.271656 0.00104304 0.962518 0.271107 0.00101832 0.894186 0.447619 0.000999033 0.894601 0.446818 0.00100167 0.747791 0.663901 0.00101687 0.748679 0.662899 0.0010884 0.248375 0.968655 0.00108003 0.248375 0.968655 -0.113752 0.96411 0.239775 0.119064 0.963858 -0.238206 -0.278414 0.907471 0.314506 0.280855 0.907192 -0.31318 -0.483066 0.822282 0.300758 0.482508 0.822393 -0.301352 0.000129218 0.999992 0.000503947 0.000338559 0.999991 0.00132037 0.153833 0.961465 0.227728 -0.147351 0.962009 -0.229709 0.328114 0.900254 0.286081 -0.326285 0.900573 -0.287121 -0.228517 -0.377797 0.89721 -0.544214 0.0567693 0.836985 -0.631474 0.0550768 0.773395 -0.41298 -0.389425 0.823244 -0.526012 0.495387 0.691265 -0.826469 0.41964 0.375203 -0.803556 0.415385 0.426241 -0.448576 0.441969 0.77678 0.517187 -0.759773 0.393998 0.459477 -0.711629 0.531392 0.176098 -0.847543 0.500572 0.222318 -0.901508 0.371256 -0.719702 0.529138 0.449419 -0.878245 0.412653 0.241512 -0.852288 0.418759 0.313329 -0.619741 0.526274 0.582165 0.382811 -0.64843 0.658008 0.114153 -0.776725 0.619393 -0.887509 0.442241 0.129264 -0.919483 0.385935 0.0743869 -0.9015 0.401587 0.161091 -0.81328 0.501523 0.294934 0.289904 -0.571343 0.767769 0.0396218 -0.690455 0.722252 0.18466 -0.483123 0.855844 -0.0439993 -0.591811 0.80486 0.0709652 -0.388279 0.918794 -0.134638 -0.485891 0.863574 -0.841087 0.104894 -0.530603 -0.899579 0.330484 -0.285424 -0.918797 0.33951 -0.201204 -0.906144 0.179882 -0.382775 -0.0461908 -0.291176 0.95552 -0.632212 0.0543903 -0.772858 -0.845951 0.329054 -0.419547 -0.874629 0.325937 -0.358768 -0.714677 0.0869518 -0.693989 -0.462699 0.0930619 0.881581 0.747779 -0.525689 0.405535 0.680828 -0.487096 0.546986 -0.404063 0.148467 -0.90258 -0.780788 0.363175 -0.508333 -0.795471 0.350161 -0.494507 -0.463166 0.0923797 -0.881407 0.592217 -0.43628 0.677413 0.484611 -0.374293 0.790584 0.362246 -0.303451 0.881294 -0.44859 0.441793 -0.776872 -0.803445 0.415726 -0.426125 -0.784854 0.409385 -0.46513 -0.394435 0.373892 -0.839388 0.230107 -0.227458 0.946186 -0.619797 0.527305 -0.581172 -0.852292 0.418749 -0.313334 -0.82606 0.42087 -0.374726 -0.526016 0.496461 -0.690491 0.0943206 -0.149323 0.984246 -0.813312 0.49913 -0.298878 -0.90109 0.402785 -0.160391 -0.878415 0.412127 -0.241789 -0.719649 0.528255 -0.450541 -0.403839 0.148884 0.902611 -0.930898 0.362223 0.0468338 -0.929397 0.368594 0.0169073 -0.91954 0.385782 -0.0744822 -0.887525 0.442093 -0.129564 0.884456 -0.231022 0.405394 0.811891 -0.204514 0.546802 0.716018 -0.169383 0.677176 -0.840891 0.105033 0.530861 -0.899439 0.330732 0.285587 -0.91878 0.339544 0.201225 -0.906856 0.179208 0.381368 0.599388 -0.126856 0.790312 0.46662 -0.0783258 0.88095 0.323492 -0.0260531 0.945843 -0.79514 0.350787 0.494595 -0.819101 0.33627 0.464671 0.17646 0.0278662 0.983887 -0.372187 0.217275 0.902338 -0.775033 0.376006 0.507809 -0.780597 0.363562 0.50835 -0.394665 0.372546 0.839877 -0.786425 0.405291 0.466061 -0.776742 0.391135 0.493578 -0.368466 0.295478 0.881402 0.914374 0.0937151 0.393867 0.840443 0.107266 0.531156 0.742769 0.124873 0.657773 0.624019 0.145401 0.767729 -0.930878 0.362237 -0.0468474 -0.928787 0.370084 -0.0178611 -0.937379 0.270162 -0.219781 -0.929646 0.351672 -0.109605 0.488822 0.169764 0.855691 0.343106 0.195832 0.918643 -0.544077 0.0569328 -0.837063 -0.818894 0.336647 -0.464764 0.1934 0.22286 0.955448 -0.371617 0.218691 -0.90223 -0.774168 0.37791 -0.507714 -0.367547 0.298746 -0.880683 -0.774589 0.396297 -0.492838 0.833223 0.409844 0.371132 0.7623 0.410388 0.500468 0.668966 0.410053 0.619915 0.555126 0.410796 0.723226 -0.937192 0.270358 0.220278 -0.929549 0.351903 0.109716 0.425701 0.411151 0.806052 -0.71453 0.0870554 0.694146 -0.873769 0.327485 0.359456 -0.845678 0.329541 0.419716 0.286227 0.41158 0.865231 0.142952 0.411852 0.899941 0.671045 0.688265 0.275586 0.649994 0.680733 0.337793 0.859951 0.410133 0.303703 0.400604 0.884302 0.239739 0.384976 0.874704 0.294387 0.0814658 0.976905 0.197419 0.0712916 0.967405 0.242951 -0.249411 0.956734 0.149694 -0.257187 0.948695 0.183861 -0.558931 0.823616 0.095949 -0.558851 0.820528 0.119972 -0.799938 0.598585 0.0418146 -0.799578 0.59823 0.0526967 -0.953243 0.30175 -0.0149868 -0.9509 0.309073 -0.0154917 -0.997109 -0.0272751 -0.070622 -0.996206 -0.0180057 -0.0849539 -0.92927 -0.348267 -0.122995 -0.929579 -0.336697 -0.149971 -0.76728 -0.618832 -0.168182 -0.769973 -0.60408 -0.205419 -0.35921 -0.897838 -0.254568 -0.37244 -0.874924 -0.309474 -0.0657926 -0.957373 -0.281182 -0.0801901 -0.935842 -0.343147 0.238845 -0.922307 -0.303737 0.222378 -0.901488 -0.371267 0.538389 -0.778563 -0.322383 0.516874 -0.760007 -0.393958 0.772768 -0.540971 -0.331866 0.74751 -0.526083 -0.405519 0.912495 -0.239305 -0.331715 0.884929 -0.229312 -0.405331 0.942092 0.0938033 -0.321903 0.914152 0.0974256 -0.393483 0.858227 0.414175 -0.303095 0.832098 0.412575 -0.370631 0.672702 0.686458 -0.276051 0.650042 0.680678 -0.337809 0.402109 0.88351 -0.240143 0.386242 0.874003 -0.29481 0.0818212 0.976855 -0.197519 0.0710725 0.967441 -0.242875 -0.253441 0.955875 -0.148409 -0.257439 0.948646 -0.183761 -0.559745 0.823101 -0.0956249 -0.560419 0.819571 -0.119197 -0.799835 0.59872 -0.0418741 -0.797615 0.60072 -0.0540944 -0.952319 0.304704 0.013895 -0.950386 0.310688 0.0147376 -0.997106 -0.0273296 0.0706408 -0.996221 -0.0179736 0.0849416 -0.928084 -0.351067 0.123984 -0.92966 -0.33651 0.149888 -0.767681 -0.618384 0.168002 -0.77006 -0.603998 0.205397 -0.362458 -0.896745 0.253813 -0.37339 -0.874615 0.3092 -0.0672323 -0.957349 0.28092 -0.079215 -0.935845 0.343365 0.239844 -0.922001 0.303881 0.538426 -0.778536 0.322386 0.773077 -0.540519 0.331881 0.912234 -0.240258 0.331744 0.942386 0.0894837 0.322271 0.586608 0.669561 0.455584 0.502428 0.65535 0.563956 0.400425 0.637703 0.657984 0.284701 0.616928 0.733702 0.159773 0.594784 0.787833 0.0311729 0.572737 0.819122 0.33239 0.855447 0.397131 0.263542 0.829483 0.492386 0.179015 0.798389 0.574875 0.0815648 0.764078 0.639902 -0.0221933 0.725894 0.687409 -0.128959 0.68664 0.715438 0.0308732 0.944324 0.327538 -0.022187 0.913765 0.405576 -0.0855014 0.876189 0.474287 -0.158281 0.833417 0.529477 -0.238079 0.787998 0.567743 -0.319837 0.741399 0.589887 -0.285466 0.92595 0.247168 -0.319709 0.896374 0.306997 -0.362366 0.860214 0.358707 -0.41089 0.818903 0.400679 -0.463573 0.774224 0.430878 -0.518611 0.728599 0.447349 -0.574167 0.802655 0.161379 -0.593921 0.779352 0.19947 -0.616476 0.751759 0.234014 -0.643637 0.719632 0.260457 -0.672178 0.685163 0.280548 -0.702444 0.649689 0.290554 -0.805884 0.587938 0.0697378 -0.811755 0.5774 0.0872592 -0.819026 0.564364 0.103231 -0.828449 0.548198 0.114607 -0.838084 0.531224 0.123981 -0.848316 0.513449 0.129129 -0.94976 0.312278 -0.0205889 -0.94905 0.313826 -0.0275239 -0.947098 0.31937 -0.0309912 -0.945089 0.324975 -0.0337839 -0.943182 0.330073 -0.0374876 -0.941057 0.335884 -0.0392713 -0.993425 -0.00175947 -0.114369 -0.98977 0.0197993 -0.141164 -0.985073 0.0440926 -0.166239 -0.980005 0.0737065 -0.184747 -0.974661 0.10563 -0.197114 -0.968948 0.137722 -0.20524 -0.929591 -0.308109 -0.202281 -0.930057 -0.269446 -0.249689 -0.928884 -0.225491 -0.293772 -0.928563 -0.173332 -0.328199 -0.928978 -0.116227 -0.351341 -0.928794 -0.0581284 -0.365943 -0.772916 -0.569358 -0.280016 -0.7791 -0.520366 -0.349553 -0.787632 -0.459097 -0.41087 -0.797467 -0.388262 -0.461815 -0.80981 -0.310071 -0.498036 -0.822267 -0.228993 -0.52095 -0.398234 -0.817929 -0.415195 -0.427221 -0.744537 -0.512919 -0.460649 -0.655994 -0.597851 -0.496985 -0.555525 -0.66659 -0.535197 -0.447083 -0.716677 -0.573894 -0.335184 -0.747158 -0.11578 -0.879314 -0.461937 -0.161837 -0.804858 -0.570931 -0.217165 -0.71467 -0.664871 -0.278285 -0.612073 -0.740208 -0.344679 -0.501988 -0.793196 -0.413335 -0.389612 -0.822983 0.174907 -0.847995 -0.500277 0.113912 -0.776815 -0.619275 0.0400842 -0.690244 -0.722429 -0.0441361 -0.591884 -0.804799 -0.134919 -0.486066 -0.863432 -0.228848 -0.378071 -0.897015 0.458599 -0.71235 -0.531235 0.382377 -0.648779 -0.65789 0.290148 -0.571131 -0.767835 0.184255 -0.483502 -0.855717 0.070325 -0.388927 -0.918569 -0.0468488 -0.291898 -0.955268 0.680641 -0.487374 -0.546971 0.591945 -0.436693 -0.677385 0.484405 -0.374612 -0.790559 0.361811 -0.304141 -0.881235 0.229787 -0.22798 -0.946138 0.0940799 -0.149728 -0.984208 0.812362 -0.202855 -0.54672 0.716511 -0.167704 -0.677073 0.599935 -0.125064 -0.790183 0.467092 -0.0768443 -0.880831 0.324016 -0.0244803 -0.945706 0.176955 0.0292894 -0.983756 0.840323 0.11023 -0.53074 0.742724 0.127817 -0.657258 0.624083 0.149333 -0.766922 0.48903 0.173734 -0.854775 0.343465 0.199721 -0.917671 0.193965 0.226854 -0.954398 0.761495 0.412521 -0.49994 0.668507 0.411442 -0.619489 0.554909 0.411588 -0.722942 0.425392 0.412615 -0.805467 0.28603 0.412967 -0.864635 0.14285 0.413285 -0.8993 0.586652 0.669507 -0.455607 0.502543 0.655193 -0.564036 0.400663 0.637326 -0.658205 0.284561 0.617198 -0.73353 0.159407 0.595693 -0.78722 0.0312023 0.572541 -0.819252 0.333138 0.854989 -0.39749 0.262685 0.830084 -0.49183 0.178265 0.799016 -0.574236 0.0825299 0.763077 -0.640972 -0.0218604 0.725446 -0.687892 -0.129727 0.688008 -0.713977 0.03066 0.944368 -0.327432 -0.020729 0.913362 -0.40656 -0.0860027 0.876379 -0.473846 -0.159753 0.834198 -0.527803 -0.237405 0.787487 -0.568734 -0.319721 0.741271 -0.590111 -0.284594 0.926058 -0.247661 -0.318779 0.89648 -0.307707 -0.361085 0.860217 -0.359988 -0.41073 0.818882 -0.400885 -0.464 0.774366 -0.430162 -0.518436 0.728486 -0.447735 -0.574572 0.802391 -0.161082 -0.592713 0.780004 -0.200661 -0.615775 0.752057 -0.234898 -0.643493 0.719674 -0.260694 -0.672809 0.685102 -0.27918 -0.701586 0.649478 -0.293071 -0.803987 0.590294 -0.0717003 -0.81071 0.57864 -0.0887388 -0.818548 0.56489 -0.104136 -0.827377 0.54924 -0.117331 -0.837665 0.531541 -0.125446 -0.848559 0.513354 -0.127867 -0.949319 0.313677 0.0196266 -0.948428 0.315866 0.0255504 -0.946786 0.320428 0.029556 -0.944876 0.325748 0.0322696 -0.94307 0.330513 0.0361247 -0.941058 0.33592 0.0390521 -0.993525 -0.000424828 0.113518 -0.989757 0.0196828 0.141269 -0.984916 0.0431521 0.16741 -0.979998 0.0736795 0.184795 -0.974651 0.105636 0.19711 -0.968921 0.137682 0.205416 -0.929477 -0.308349 0.202438 -0.928918 -0.271552 0.251641 -0.928906 -0.225458 0.29373 -0.929052 -0.17276 0.327115 -0.928301 -0.11674 0.352927 -0.928759 -0.0581556 0.366042 -0.772768 -0.569505 0.280128 -0.778675 -0.520731 0.349954 -0.787469 -0.459211 0.411054 -0.79817 -0.387899 0.460905 -0.809487 -0.31015 0.498491 -0.821445 -0.22907 0.522222 -0.397993 -0.817997 0.415292 -0.42728 -0.744524 0.512889 -0.460096 -0.656071 0.598192 -0.497561 -0.555503 0.666178 -0.535965 -0.447121 0.716065 -0.573557 -0.335135 0.747445 -0.114555 -0.879274 0.462317 -0.161277 -0.804812 0.571154 -0.216547 -0.714579 0.66517 -0.279103 -0.612262 0.739743 -0.345889 -0.502388 0.792415 -0.294658 0.642458 -0.707385 -0.225348 0.61917 -0.752212 -0.0931125 0.528123 -0.844011 -0.164823 0.55567 -0.814878 -0.0992787 0.563097 -0.820369 -0.0980375 0.556057 -0.825305 0 0.428679 -0.903457 0 0.433314 -0.901243 -0.44651 0.679245 -0.582417 -0.383479 0.664186 -0.641682 0.0486365 0.275861 -0.959935 0.0490068 0.277961 -0.95931 -0.604096 0.66467 -0.439577 -0.551791 0.657594 -0.512901 0.0409149 0.112419 -0.992806 0.0410218 0.112712 -0.992768 -0.748446 0.597739 -0.287199 -0.712921 0.598216 -0.365859 -0.0251131 -0.0434959 -0.998716 -0.0253319 -0.0438749 -0.998694 -0.864449 0.487766 -0.121521 -0.848039 0.48963 -0.202606 -0.145993 -0.173987 -0.973851 -0.14579 -0.173744 -0.973925 -0.937237 0.345283 0.0483205 -0.939386 0.341891 -0.0253015 -0.310001 -0.260124 -0.914443 -0.30804 -0.258478 -0.915572 -0.957547 0.186828 0.219459 -0.971865 0.171348 0.161422 -0.498031 -0.287529 -0.818057 -0.493289 -0.284791 -0.821879 -0.920351 0.0314948 0.389817 -0.936747 -0 0.350007 -0.683332 -0.248699 -0.686427 -0.676107 -0.24607 -0.694482 -0.829572 -0.10121 0.549117 -0.835235 -0.147259 0.529752 -0.835981 -0.14739 -0.528537 -0.827681 -0.145927 -0.541839 -0.697267 -0.194468 0.689905 -0.681194 -0.247921 0.688829 -0.936217 0 -0.351422 -0.929163 0 -0.369671 -0.538018 -0.235115 0.809452 -0.498254 -0.287675 0.817889 -0.970359 0.171082 -0.170511 -0.966417 0.170387 -0.192211 -0.372639 -0.217541 0.902088 -0.313995 -0.263475 0.912118 -0.939649 0.341986 0.00895417 -0.939596 0.341967 -0.0139007 -0.222441 -0.143891 0.964241 -0.152655 -0.181926 0.971375 -0.852724 0.492305 0.17442 -0.855927 0.494153 0.152076 -0.107678 -0.0259085 0.993825 -0.032848 -0.0568927 0.997818 -0.721659 0.605548 0.335396 -0.72697 0.610004 0.315247 -0.0410933 0.121374 0.99174 0.0341738 0.0938968 0.994983 -0.564433 0.67266 0.478451 -0.570165 0.679492 0.461707 -0.0291663 0.280944 0.959262 0.044624 0.253102 0.966378 -0.395281 0.684627 0.612368 -0.400105 0.692981 0.599708 -0.0725972 0.432822 0.898549 0 0.403593 0.914939 -0.235292 0.646493 0.725713 -0.238297 0.654751 0.71728 -0.164849 0.55589 0.814723 -0.0933673 0.529569 0.843077 -0.0984614 0.558462 0.823629 -0.0997041 0.56551 0.818656 -0.365573 0.494125 -0.788779 -0.458689 0.554454 -0.694358 -0.569322 0.583358 -0.579259 -0.685461 0.576142 -0.445171 -0.793596 0.531509 -0.296102 -0.880644 0.453505 -0.136829 -0.918297 0.129971 0.37388 -0.846357 0.0382851 0.531196 -0.746139 -0.0254292 0.665264 -0.62719 -0.0500792 0.777238 -0.399505 0.0195862 0.916507 -0.31996 0.100824 0.942037 -0.299193 0.412106 0.860593 -0.365504 0.495892 0.787702 -0.294932 0.64345 0.706369 -0.458822 0.556913 0.692298 -0.569442 0.584333 0.578157 -0.446999 0.680363 0.580735 -0.60351 0.663684 0.441867 -0.68507 0.573665 0.448932 -0.793424 0.529667 0.299841 -0.748381 0.597646 0.287561 -0.864374 0.487587 0.12264 -0.880595 0.454235 0.134898 -0.935395 0.352119 -0.0315676 -0.937317 0.345218 -0.0472232 -0.921127 0.0313474 -0.387993 -0.91904 0.129423 -0.372269 -0.846154 0.0384551 -0.531526 -0.828403 -0.100854 -0.550945 -0.371115 -0.216161 -0.903047 -0.505776 -0.0331783 -0.862011 -0.399231 0.0199214 -0.916608 -0.222108 -0.143477 -0.96438 -0.108183 -0.0267964 -0.993747 -0.320313 0.100178 -0.941986 -0.275475 0.199097 -0.940437 -0.0417168 0.119702 -0.991917 -0.0296844 0.27835 -0.960002 -0.268457 0.306121 -0.913344 -0.299791 0.40806 -0.862312 -0.0727718 0.428277 -0.90071 -0.935072 0.35278 0.0336739 -0.949083 0.239523 0.204516 -0.506717 -0.0342377 0.861416 -0.275007 0.20027 0.940325 -0.267692 0.30898 0.912605 -0.949099 0.239523 -0.204488 -0.957611 0.186817 -0.21919 -0.74748 -0.0264902 -0.663716 -0.697596 -0.19462 -0.68953 -0.626142 -0.0491107 -0.778144 -0.536625 -0.234182 -0.810627 -0.625658 0.448364 -0.63835 -0.67705 0.47561 -0.561558 -0.826502 0.411445 -0.384158 -0.844991 0.414866 -0.337387 -0.915654 0.395676 -0.0707856 -0.919635 0.387811 -0.0621408 -0.885274 0.403337 0.23148 -0.894819 0.397297 0.203548 -0.737342 0.486163 -0.468968 -0.799966 0.47859 -0.36188 -0.866915 0.410876 -0.282135 -0.88892 0.402604 -0.218409 -0.924422 0.3778 -0.0519728 -0.927052 0.372782 -0.0399755 -0.905339 0.389067 0.170201 -0.913712 0.384737 0.130673 -0.857217 0.45598 -0.239191 -0.903236 0.414904 -0.109446 -0.90703 0.395279 -0.144992 -0.919524 0.387713 -0.0641499 -0.927756 0.372237 -0.0264335 -0.927818 0.372827 -0.0119685 -0.920572 0.380805 0.0866107 -0.925987 0.375426 0.0398011 -0.918242 0.255252 0.302707 -0.877187 0.213528 0.429975 -0.918364 0.35144 0.181822 -0.90085 0.348678 0.258579 -0.919273 0.392196 0.0333216 -0.910916 0.409813 0.0477188 -0.918221 0.380499 -0.109853 -0.907885 0.389033 -0.156115 -0.822077 0.184201 0.538673 -0.757179 0.175494 0.629158 -0.881304 0.344492 0.323432 -0.857749 0.348373 0.377973 -0.907787 0.415174 0.0595023 -0.902789 0.424409 0.0695637 -0.899747 0.39051 -0.194769 -0.888586 0.398117 -0.227813 -0.634904 0.216353 0.741646 -0.593394 0.258064 0.762394 -0.815839 0.368274 0.445816 -0.803949 0.378993 0.458248 -0.896337 0.435691 0.0821213 -0.89771 0.432412 0.0844132 -0.870084 0.412959 -0.269049 -0.867178 0.414096 -0.276599 -0.587503 0.411645 0.696694 -0.625408 0.449443 0.637837 -0.809798 0.410684 0.41896 -0.82579 0.413371 0.383622 -0.908401 0.410905 0.0771792 -0.91513 0.396896 0.0707238 -0.874992 0.41298 -0.252616 -0.885462 0.402881 -0.231556 -0.677046 0.47563 0.561546 -0.737409 0.485771 0.469268 -0.845488 0.41345 0.337879 -0.86747 0.409239 0.282807 -0.920467 0.385811 0.0622653 -0.92451 0.377582 0.0519885 -0.894741 0.397492 -0.203508 -0.904817 0.39042 -0.169875 -0.800034 0.478208 0.362234 -0.85758 0.454389 0.240913 -0.888602 0.403544 0.21797 -0.906656 0.396334 0.14445 -0.927815 0.370862 0.0401301 -0.928576 0.370174 0.0266126 -0.914464 0.382764 -0.131205 -0.920549 0.380866 -0.0865929 -0.903268 0.414798 0.109573 -0.93162 0.362428 -0.0260407 -0.921443 0.382658 0.066911 -0.927967 0.372224 -0.0167579 -0.928371 0.371444 0.0120936 -0.927088 0.374816 -0.0029928 -0.925416 0.376877 -0.0393557 -0.927656 0.37328 0.00969576 -0.918168 0.255404 -0.302872 -0.877707 0.212846 -0.429307 -0.919096 0.349926 -0.181039 -0.90064 0.349083 -0.258766 -0.919083 0.392639 -0.0333593 -0.910909 0.409825 -0.0477068 -0.917533 0.382028 0.110294 -0.907893 0.389017 0.15611 -0.692153 0.18668 -0.697155 -0.634928 0.216313 -0.741637 -0.834607 0.357332 -0.419186 -0.815597 0.36874 -0.445875 -0.8986 0.431917 -0.077174 -0.896253 0.435862 -0.0821252 -0.878545 0.405324 0.252664 -0.869945 0.413237 0.26907 -0.593667 0.257533 -0.762361 -0.571578 0.306386 -0.761167 -0.803979 0.378932 -0.458245 -0.799836 0.388391 -0.457568 -0.897664 0.432508 -0.0844139 -0.901438 0.42461 -0.0842826 -0.867093 0.41427 0.276603 -0.868257 0.412067 0.276241 -0.569797 0.358813 -0.739293 -0.58839 0.408585 -0.697746 -0.80213 0.398704 -0.444514 -0.8112 0.407161 -0.419686 -0.905304 0.416785 -0.0818956 -0.910149 0.40699 -0.0773278 -0.871667 0.410051 0.268382 -0.877502 0.407168 0.253341 -0.930628 0.364693 0.0289676 -0.928095 0.371946 0.0166129 -0.927077 0.374844 0.00299531 -0.926129 0.377021 -0.0108617 -0.936215 0.308689 0.167758 -0.927368 0.360407 0.10033 -0.922468 0.385611 0.0186686 -0.923628 0.378328 -0.0612689 -0.691994 0.186917 0.69725 -0.835138 0.356342 0.418971 -0.899143 0.430792 0.0771305 -0.878357 0.4057 -0.252712 -0.571139 0.3074 0.761088 -0.799252 0.389661 0.457509 -0.900691 0.426195 0.084269 -0.867564 0.413551 -0.276199 -0.568443 0.362594 0.73849 -0.800387 0.402769 0.443991 -0.903514 0.420669 0.0818031 -0.869488 0.414895 -0.268005 -0.936752 0.307792 -0.166547 -0.927858 0.359311 -0.099728 -0.922616 0.385253 -0.0186245 -0.923726 0.3781 0.061199 -0.821858 0.184535 -0.53893 -0.880475 0.346021 -0.324017 -0.907501 0.415793 -0.0595433 -0.898847 0.39237 0.195185 -0.756941 0.175821 -0.629353 -0.857538 0.348763 -0.378093 -0.902087 0.425887 -0.0696427 -0.887929 0.399443 0.22805 -0.237682 0.65306 -0.719024 -0.234643 0.644709 -0.727508 0 0.401273 -0.915959 -0.400012 0.69282 -0.599955 -0.395192 0.684473 -0.612597 0.0442053 0.250727 -0.967017 -0.569597 0.678814 -0.463403 -0.563797 0.671902 -0.480261 0.0334483 0.0919033 -0.995194 -0.727499 0.610448 -0.31316 -0.722228 0.606026 -0.333302 -0.0334836 -0.0579971 -0.997717 -0.855667 0.494034 -0.154018 -0.852454 0.492179 -0.176176 -0.152552 -0.181803 -0.971415 -0.939597 0.341967 0.0138737 -0.939648 0.341986 -0.00909451 -0.313485 -0.263047 -0.912417 -0.96643 0.17039 0.192143 -0.970409 0.171091 0.170215 -0.497552 -0.287252 -0.818446 -0.927935 -0 0.372741 -0.935033 -0 0.35456 -0.680439 -0.247647 -0.689673 -0.828237 -0.146025 0.540962 -0.836368 -0.147459 0.527905 -0.834938 -0.147206 -0.530234 -0.67694 -0.246373 0.693562 -0.68416 -0.249001 0.685492 -0.936795 0 -0.349878 -0.494414 -0.285458 0.82099 -0.49913 -0.288181 0.817176 -0.972054 0.171381 -0.160247 -0.308973 -0.259261 0.915036 -0.310922 -0.260897 0.91391 -0.939333 0.341871 0.0274375 -0.145783 -0.173736 0.973927 -0.146006 -0.174002 0.973846 -0.847691 0.489398 0.204536 -0.0248897 -0.0431089 0.998738 -0.0246756 -0.0427381 0.99876 -0.712586 0.597935 0.36697 0.0419965 0.115391 0.99242 0.0419106 0.115155 0.992451 -0.551584 0.657347 0.513441 0.0495323 0.280942 0.958414 0.0491564 0.278809 0.959056 -0.383431 0.664143 0.641731 0 0.436379 0.899763 0 0.431655 0.902039 -0.225446 0.619442 0.751958 -0.910667 0.413142 0 -0.908858 0.417106 0 -0.902348 0.431009 0 -0.904209 0.427091 0 -0.897279 0.441465 0 -0.899033 0.437881 0 -0.893583 0.448898 0 -0.895317 0.44543 0 -0.892101 0.451835 0 -0.893542 0.44898 0 -0.894137 0.447794 0 -0.895046 0.445974 0 -0.899292 0.437348 0 -0.899662 0.436587 0 -0.90672 0.421733 0 -0.906543 0.422113 0 -0.915095 0.403238 0 -0.914459 0.404678 0 -0.923329 0.384011 0 -0.922468 0.386073 0 -0.929866 0.367899 0 -0.929064 0.369919 0 -0.933968 0.357358 0 -0.933466 0.358667 0 -0.935283 0.3539 0 -0.935201 0.354118 0 -0.934324 0.356425 0 -0.934669 0.355519 0 -0.93135 0.364125 0 -0.93209 0.362228 0 -0.926993 0.375078 0 -0.928073 0.372398 0 -0.921412 0.388587 0 -0.922783 0.38532 0 -0.915185 0.403035 0 -0.916883 0.399156 0 -0.907922 0.419139 0 -0.90986 0.414916 0 -0.916853 0.399225 0 -0.915289 0.402797 0 -0.922601 0.385755 0 -0.92129 0.388876 0 -0.927576 0.373635 0 -0.926542 0.376191 0 -0.931431 0.363917 0 -0.930739 0.365683 0 -0.933826 0.357727 0 -0.933443 0.358725 0 -0.934697 0.355445 0 -0.934692 0.355459 0 -0.933157 0.359469 0 -0.933541 0.35847 0 -0.929296 0.369336 0 -0.929992 0.367579 0 -0.922868 0.385117 0 -0.923685 0.383152 0 -0.915122 0.403177 0 -0.915724 0.401807 0 -0.907237 0.42062 0 -0.907421 0.420222 0 -0.900208 0.435461 0 -0.899818 0.436265 0 -0.89522 0.445624 0 -0.894279 0.44751 0 -0.893086 0.449886 0 -0.891695 0.452637 0 -0.89404 0.447988 0 -0.89227 0.451503 0 -0.897706 0.440595 0 -0.895713 0.444633 0 -0.903407 0.428785 0 -0.901442 0.4329 0 -0.574079 0.8188 0 -0.574129 0.818765 0 -0.574132 0.818763 0 -0.574271 0.818665 0 -0.574141 0.818756 0 -0.57409 0.818792 0 -0.574116 0.818774 0 -0.574109 0.818779 0 -0.574108 0.81878 0 -0.574172 0.818735 0 -0.574107 0.81878 0 -0.574083 0.818797 0 -0.574125 0.818767 0 -0.574145 0.818754 0 -0.574152 0.818749 0 -0.574064 0.818811 0 -0.574055 0.818817 0 -0.574209 0.818709 0 -0.574205 0.818712 0 -0.574329 0.818624 0 -0.574166 0.818739 0 -0.574062 0.818812 0 -0.574068 0.818807 0 -0.574017 0.818843 0 -0.574197 0.818717 0 -0.574156 0.818746 0 -0.574076 0.818802 0 -0.574172 0.818735 0 -0.574158 0.818745 0 -0.574142 0.818756 0 -0.574088 0.818794 0 -0.574121 0.81877 0 -0.574025 0.818838 0 -0.574121 0.81877 0 -0.574227 0.818696 0 -0.574046 0.818823 0 -0.574125 0.818767 0 -0.170765 -0.296009 0.939748 0.100894 0.185628 0.977399 0.0527144 0.204374 0.977436 -0.0899067 -0.321263 0.942692 -0.167315 0.00412562 0.985866 0.0996553 0.00422718 0.994991 0.0996553 0.00412822 0.994991 -0.222967 0.00407286 0.974805 -0.0557968 0.00712782 0.998385 0.11069 -0.00400117 0.993829 0.0556823 -0.0006995 0.998425 0.745798 0.0299089 0.665462 0.661773 -0.003985 0.749654 0.166841 -0.00306711 0.985965 -0.150837 -0.609626 0.778161 -0.0476679 -0.320341 0.946084 -0.0822226 -0.607171 0.790287 -0.0593312 0.202673 0.977411 -0.209357 0.815073 0.540166 -0.419335 0.729872 0.539784 -0.106353 0.182548 0.9774 0.23384 -0.240362 0.942054 -0.141937 0.139977 0.979894 -0.152903 0.0856993 0.984484 0.269471 -0.15962 0.949672 -0.00365827 0.200155 0.979743 -0.00307886 0.837151 0.546939 -0.00307959 0.837038 0.547113 -0.00365607 0.200155 0.979743 -0.000764681 -0.0304909 -0.999528 0.0249125 0.198537 -0.979758 -0.0248191 0.198533 -0.979759 0.000374469 -0.0305028 -0.999527 0.134278 0.0441307 0.989932 0.781582 0.178539 0.597683 0.725088 0.386814 0.569722 0.149187 0.0922887 0.984458 -0.455059 -0.436955 0.77582 -0.238245 -0.235956 0.942064 -0.316259 -0.557874 0.767275 0.312504 -0.559989 0.767273 0.165782 -0.298819 0.939751 0.452006 -0.440056 0.775853 -0.136472 0.0355746 0.989976 0.264225 -0.077483 0.961327 0.434717 -0.00305378 0.900527 0.222968 -0.00310685 0.974808 -0.0146059 0.979778 -0.199466 0.016512 0.979818 0.199119 -0.0146375 0.979779 0.199461 0.0165077 0.979818 -0.19912 -0.483302 -0.0465916 0.874183 -0.249514 -0.024913 0.968017 -0.266674 -0.067918 0.961375 -0.518278 -0.107132 0.848471 0.0681888 -0.608908 0.790286 0.0373768 -0.321625 0.946111 0.0829668 -0.323047 0.942719 0.144882 -0.611113 0.778126 -0.120069 0.0139654 0.992654 0.247837 -0.0384231 0.968006 -0.27311 -0.15316 0.949696 0.137153 0.144762 0.979881 0.00326964 0.996962 0.0777481 0.00327575 0.999952 -0.00559309 0.00327614 0.999962 0.00201127 0.00327053 0.996458 0.0837229 -0.74591 0.0334943 0.665196 0.000773384 0.00411612 0.999969 0.000797335 0.0042436 0.999969 -0.110245 -0.0126415 0.993807 -0.869155 -0.0292171 0.493612 -0.781546 -0.12194 0.611765 -0.141497 -0.025782 0.989593 -0.000556238 0.998222 -0.0590696 -0.00119971 0.950101 -0.311845 -0.00125718 0.950632 -0.310221 -0.0018865 0.998301 -0.0576918 0.0032603 0.982776 0.184655 0.00326112 0.982776 0.184655 -0.596442 0.220188 0.77181 0.00157004 0.00394253 0.999979 -0.467213 0.28269 0.837711 0.00222437 0.00339432 0.999957 -0.339266 0.279474 0.898193 0.00277823 0.00266561 0.999967 -0.035979 -0.0345205 -0.998731 0.114492 -0.397888 -0.910239 0.0948854 -0.341245 -0.935161 -0.0406942 0.221209 -0.974343 0.0449537 -0.238823 -0.96998 0.0175254 -0.191888 -0.981256 -0.0434998 0.20384 -0.97802 0.00353784 -0.0932014 -0.995632 -0.0461197 0.1916 -0.980384 -0.730691 -0.265189 0.629036 -0.181103 -0.0454063 0.982397 0.00106505 -0.00267444 0.999984 -0.214108 -0.0713333 0.974166 0.00176811 -0.00269809 0.99996 -0.637209 -0.368675 0.676732 -0.562934 -0.395194 0.725872 -0.243793 -0.0951435 0.965132 0.0359767 -0.0345183 -0.998731 -0.0948857 -0.341245 -0.935161 -0.114492 -0.397888 -0.910239 0.0444267 0.219688 -0.974541 0.0438032 0.203751 -0.978007 -0.0177506 -0.191845 -0.98126 -0.0450704 -0.238776 -0.969986 0.00620341 0.3842 -0.923196 0.0133848 0.281725 -0.95937 0.044929 0.191581 -0.980437 -0.00341454 -0.0932129 -0.995632 -0.00122128 0.83896 -0.544146 -0.00128475 0.839664 -0.543033 -0.00126201 0.714621 -0.699471 -0.00133431 0.715258 -0.698805 -0.00129433 0.597649 -0.801741 -0.00137521 0.59809 -0.801404 -0.03355 0.591915 -0.805287 -0.0211837 0.487218 -0.873011 0.00670277 0.488431 -0.872558 0.0357639 0.591494 -0.805492 -0.011798 0.384266 -0.923127 -0.0143422 0.281838 -0.959329 -0.00775983 0.293019 -0.956058 0.00856105 0.293086 -0.956033 0.00308864 0.780679 0.624859 0.00309759 0.783693 0.621074 0.00303043 0.605117 0.796107 0.00303486 0.608042 0.793875 0.00298445 0.446022 0.894994 0.00298499 0.448409 0.8938 -0.00654702 0.988936 -0.147954 0.00133562 0.988853 -0.148651 4.01589e-05 0.99997 -1.79043e-05 0.00138403 0.988854 0.148644 -0.00243391 0.999967 -0.00108512 -0.00663228 0.988937 0.147943 0.0010512 0.999969 -0.000468664 -0.000720024 0.990929 -0.134161 -0.00351711 0.990848 -0.134716 -0.00487503 0.999956 -0.00217346 -0.00102564 0.99876 0.049707 4.31838e-05 0.999875 0.0143088 0.00713943 0.984323 0.176149 0.0274308 0.998548 0.0462568 0.010115 0.948636 0.316146 0.0449524 0.995072 0.0882038 0.0115588 0.908753 0.417083 0.061348 0.98998 0.127125 0.011099 0.874471 0.48487 0.0877253 0.982319 0.165377 0.00873023 0.84978 0.52702 0.101062 0.972573 0.209357 0.00105807 0.837117 0.546998 0.0560478 0.967003 0.248413 -0.00589276 0.837192 0.546853 -0.0653728 0.96649 0.248161 -0.008343 0.849756 0.527067 -0.114978 0.971263 0.208289 -0.0107077 0.874423 0.484966 -0.101587 0.98123 0.16376 -0.01138 0.908723 0.417152 -0.0750995 0.989277 0.125059 -0.0101926 0.94865 0.316104 -0.0594908 0.994558 0.0854825 -0.00650997 0.984248 0.17659 -0.0386792 0.998266 0.0437341 0.000638314 0.998775 0.0493991 -0.00847638 0.999868 0.012156 -0.00988709 0.983556 -0.180265 0.00974083 0.983552 -0.180291 -0.0258849 0.99952 0.0165292 -0.0529099 0.996537 0.0640652 -0.0340454 0.9898 0.138283 -0.0408637 0.989036 0.141855 -0.0403502 0.970165 0.239021 -0.0277307 0.984382 0.173692 -0.00539347 0.968271 0.249734 0.00691157 0.968257 0.249785 0.0337759 0.984152 0.173961 0.0472532 0.969615 0.23991 0.048503 0.988517 0.142934 0.0422541 0.989185 0.140246 0.0643559 0.995675 0.0665764 0.030822 0.999363 0.0175225 -0.434715 0.00410753 0.900523 -0.66228 0.00414577 0.74921 -0.0996557 -0.00327166 0.994995 -0.91331 -0.00193731 0.407186 0.0266282 0.204874 0.97839 0.526294 -0.27586 0.804273 -0.00353819 -0.311873 0.950088 -0.00367949 -0.592652 0.805432 -0.0036858 -0.592652 0.805432 -0.00354331 -0.311873 0.950088 -0.528008 -0.272721 0.804221 0.598933 0.582245 0.549721 0.415646 0.731972 0.539794 -0.601817 0.579291 0.549691 0.516903 -0.112832 0.848571 -0.0996557 -0.00322532 0.994995 -0.782035 -0.0024552 0.623225 0.118706 0.0249173 0.992603 0.775433 0.102264 0.623089 -0.0354226 0.203774 0.978341 -0.110548 0.829927 0.546785 0.481069 -0.0649027 0.874247 0.143487 -0.01653 0.989504 0.000555281 -0.00295533 0.999974 0.000767791 -0.00408636 0.999969 0.18648 -0.033957 0.981853 0.7331 -0.261138 0.627951 0.783116 -0.115889 0.610933 0.224315 -0.0586226 0.972716 0.637266 -0.368613 0.676729 0.246569 -0.0929414 0.964627 -0.0398413 0.244265 -0.968858 0.204409 0.816332 0.54016 0.599637 0.21493 0.770817 0.471495 0.27863 0.836672 0.00275939 -0.00264753 0.999967 0.345302 0.275864 0.897008 0.0610844 0.229573 -0.971355 0.913309 0.00247646 0.407186 0.781901 0.00309711 0.62339 0.869454 -0.022989 0.493414 -0.727035 0.383213 0.569675 -0.782797 0.173382 0.597611 -0.776566 0.0909117 0.623436 0.1011 0.830944 0.54707 0.550353 -0.402593 0.731441 0.000374353 0.999986 0.00139694 0.000801171 0.999965 0.00138749 -0.0195074 0.999205 -0.0337835 -0.00739756 0.999579 -0.0276049 -0.28057 -0.255 -0.925303 -0.256765 -0.296501 -0.919843 -0.111794 0.0630425 -0.99171 -0.0841541 0.0841541 -0.992875 0.247165 -0.302275 -0.920593 0.281351 -0.254207 -0.925284 0.0901408 0.0901408 -0.991823 0.0942418 0.0531444 -0.99411 0.517032 0.851317 -0.0889514 0.27001 0.959816 -0.0760742 0.247789 0.966369 -0.0686777 0.489468 0.86798 -0.0836216 -0.00374843 -0.355778 -0.934524 -0.00394033 -0.665026 -0.746775 -0.00401694 -0.665026 -0.746775 -0.00383749 -0.355778 -0.934524 0.703924 0.703924 -0.0945792 0.717497 0.695337 -0.0404394 0.274838 0.960492 -0.0434662 0.0753115 0.996843 -0.0241537 0.0726915 0.996473 -0.041107 0.00181417 0.99996 -0.00314183 0.00104807 0.999979 -0.00391099 -0.291467 0.954209 -0.0670986 -0.262259 0.963635 -0.0506607 -0.127632 0.991674 -0.0156696 -0.140449 0.989709 -0.0266294 0.215433 -0.664896 -0.715151 0.155259 -0.349255 -0.924057 0.0977877 -0.357926 -0.928588 0.134869 -0.671583 -0.728543 -0.714576 0.698897 -0.0292443 -0.704491 0.704491 -0.085726 -0.489314 0.867708 -0.0872638 -0.510701 0.857132 -0.0669707 -0.159816 -0.347968 -0.923766 -0.0838103 0.02149 -0.996242 -0.12791 -0.672677 -0.728789 -0.0959473 -0.35819 -0.928678 -0.227417 -0.661387 -0.714694 0.407977 -0.583293 -0.702328 -0.24798 0.967117 -0.0563548 0.089572 0.995939 -0.00821626 0.0483015 0.99877 -0.00907543 -0.00568513 0.999907 -0.0104766 0.00482566 0.999947 -0.00605796 0.326708 0.941582 -0.0815068 0.331092 0.928889 -0.165813 0.176263 0.968962 -0.173266 0.166528 0.982328 -0.0852073 -0.153401 0.984499 -0.084793 -0.16764 0.970585 -0.17274 -0.358838 0.918121 -0.168047 -0.346605 0.93437 -0.082322 0.193301 0.980706 -0.0284877 0.204453 0.977249 -0.0562137 0.186457 0.982375 -0.0118137 0.191622 0.981444 -0.00528346 0.0126099 0.995742 -0.0910644 0.013425 0.982791 -0.184114 -0.0208765 0.982649 -0.184174 -0.0201071 0.995616 -0.091095 0.053369 0.996712 -0.060624 0.103562 0.987767 -0.116361 0.0735972 0.993279 -0.0892153 0.0773553 0.980501 -0.180555 -0.190918 0.981528 -0.0109694 -0.191991 0.981372 -0.00524935 -0.0752941 0.993149 -0.0892422 -0.0795613 0.980312 -0.180623 -0.00532093 0.999944 -0.0061032 0.000215 0.999912 -0.0115005 -0.019482 0.999782 -0.0036605 -0.0564982 0.998382 -0.00518246 -0.20051 0.979276 -0.0278531 -0.207709 0.976596 -0.0556258 -0.113931 0.9868 -0.114869 -0.0734302 0.995518 -0.059258 -0.0351195 0.999273 0.0139857 -0.0214711 0.999636 -0.0159546 -0.109915 0.991292 0.0720298 -0.0349961 0.99923 -0.0173761 -0.156018 0.975336 0.156018 -0.0473501 0.998735 -0.0142143 -0.163764 0.954286 0.249899 -0.0563331 0.998341 -0.00798795 -0.132727 0.933422 0.333291 -0.0615748 0.998089 9.41753e-06 -0.0726176 0.919408 0.386487 -0.0636127 0.997889 0.0107603 -0.036801 0.915244 0.401197 -0.0629535 0.997895 0.0151476 0.328254 0.882164 -0.337626 0.180767 0.918806 -0.350842 0.304349 0.805002 -0.50921 0.166359 0.834566 -0.525124 0.258667 0.696609 -0.669152 0.133449 0.717175 -0.683975 0.192811 0.56059 -0.805291 0.0842289 0.571964 -0.815926 0.111747 0.404301 -0.907741 0.0240614 0.40758 -0.912819 0.0226893 0.237775 -0.971052 -0.0414785 0.234783 -0.971141 -0.0240561 0.153442 -0.987821 -0.0760647 0.147705 -0.986073 -0.171468 0.920987 -0.349789 -0.355906 0.86972 -0.341868 -0.157173 0.837235 -0.523704 -0.331541 0.790442 -0.515008 -0.124415 0.720361 -0.682328 -0.28447 0.680083 -0.67565 -0.0752282 0.575708 -0.814171 -0.216996 0.542325 -0.81162 -0.0152135 0.411786 -0.91112 -0.134589 0.384563 -0.913202 0.0501563 0.239344 -0.969617 -0.0441926 0.217355 -0.975088 0.0833027 0.151661 -0.984886 0.00141349 0.131255 -0.991304 0.231708 0.966787 -0.107733 0.18437 0.9825 -0.0258544 0.266684 0.951579 -0.152672 0.18813 0.981304 -0.0399609 0.306428 0.932812 -0.189566 0.19709 0.978986 -0.0518195 0.350737 0.911437 -0.215034 0.208978 0.976037 -0.0605177 0.394009 0.889102 -0.232793 0.221946 0.972781 -0.0663451 0.435352 0.866392 -0.244523 0.235423 0.969536 -0.0673734 0.456193 0.85527 -0.245649 0.242294 0.968178 -0.0623629 0.0124275 0.929345 -0.368986 -0.0198362 0.929172 -0.369098 0.008417 0.837165 -0.546872 -0.0159035 0.836951 -0.547034 0.0016963 0.708367 -0.705813 -0.00918264 0.708108 -0.706015 -0.00740236 0.549876 -0.835187 -0.000264417 0.549561 -0.835427 -0.0181092 0.372072 -0.928013 0.010274 0.371696 -0.928283 -0.0295642 0.18702 -0.981883 0.0216171 0.186585 -0.982173 -0.0355689 0.0938525 -0.994947 0.0274983 0.0933823 -0.995246 0.203543 0.956265 -0.209959 0.314699 0.909106 -0.272842 0.427205 0.853407 -0.298546 0.532151 0.797635 -0.283769 0.619051 0.750501 -0.231224 0.678711 0.718931 -0.149944 0.69606 0.709996 -0.106398 0.075437 0.928805 -0.362764 0.0629562 0.839932 -0.538979 0.0407317 0.715455 -0.69743 0.00986046 0.561727 -0.827253 -0.0269694 0.388627 -0.920981 -0.0664677 0.207892 -0.975872 -0.0872166 0.116853 -0.989297 -0.189402 0.981593 -0.0238401 -0.192109 0.980636 -0.0373479 -0.200842 0.978414 -0.0480738 -0.212343 0.975613 -0.0554243 -0.224063 0.972636 -0.061147 -0.236558 0.969637 -0.0617045 -0.242266 0.968168 -0.0626239 -0.0768005 0.928662 -0.362843 -0.063789 0.839825 -0.539046 -0.0411828 0.715385 -0.697474 -0.00983793 0.561731 -0.827251 0.0270671 0.388647 -0.92097 0.0661725 0.207823 -0.975907 0.0863289 0.116636 -0.989401 0.0157032 0.999704 -0.0182444 0.0559228 0.998175 0.0222702 0.0299672 0.999331 -0.0206633 0.122083 0.989255 0.0800037 0.0425908 0.998871 -0.0189639 0.159857 0.974092 0.159857 0.0526296 0.998482 -0.0136313 0.162954 0.954747 0.248663 0.059238 0.998213 -0.00585559 0.130975 0.935228 0.328892 0.0624459 0.99801 0.00453455 0.0715095 0.921951 0.38059 0.0626433 0.99796 0.0117349 0.0362253 0.917993 0.394921 -0.234488 0.966234 -0.10667 -0.211773 0.955052 -0.207325 -0.270549 0.950872 -0.15026 -0.320185 0.908081 -0.269854 -0.31121 0.932124 -0.185103 -0.431382 0.852536 -0.295009 -0.353868 0.911226 -0.210754 -0.534966 0.79704 -0.280125 -0.39674 0.889343 -0.227169 -0.620751 0.750182 -0.227674 -0.437514 0.867364 -0.237106 -0.679766 0.718824 -0.145612 -0.457623 0.856486 -0.238652 -0.69776 0.710074 -0.0940154 0.363286 -0.103991 0.925842 0.36326 -0.110403 0.925111 0.361208 -0.335606 0.869976 0.788926 -0.194101 0.582967 0.200255 -0.0877829 0.975767 0.294645 -0.083174 0.951956 0.736972 -0.185776 0.649857 0.686482 -0.180109 0.704471 0.206034 -0.117628 0.971437 0.589863 -0.174798 0.788354 0.178981 -0.13636 0.974355 0.498299 -0.175016 0.849137 0.125758 -0.150095 0.980624 0.410531 -0.179749 0.893946 0.0524168 -0.162877 0.985246 0.326791 -0.189123 0.925971 -0.0335852 -0.177744 0.983494 0.241785 -0.204106 0.94861 -0.13225 -0.196846 0.971464 0.134742 -0.22089 0.965923 -0.0428061 -0.22127 0.97425 -0.102972 -0.221476 0.969691 0.0138651 -0.221687 0.974997 -0.212966 -0.2045 0.95539 0.0241614 -0.201797 0.979101 -0.304029 -0.188932 0.933719 -0.0652092 -0.183025 0.980923 -0.391264 -0.179125 0.902644 -0.14366 -0.16891 0.975075 -0.480587 -0.173978 0.859494 -0.213112 -0.157465 0.964235 -0.570581 -0.173172 0.802763 -0.262914 -0.145685 0.953746 -0.663145 -0.17747 0.727124 -0.289672 -0.130046 0.948232 -0.763096 -0.190012 0.617692 -0.292395 -0.105919 0.950395 -0.724432 -0.182872 0.664625 -0.337352 -0.0932244 0.936735 -0.336089 -0.0998124 0.936513 -0.325381 -0.33736 0.883333 -0.334399 -0.107392 0.93628 -0 0.9998 -0.0200226 0 0.999998 0.00175228 -0.478523 -0.510936 -0.714078 -0.410833 -0.581488 -0.70216 0.47044 -0.518719 -0.713837 0.52101 0.852378 -0.0440077 -0.00417075 0 -0.999991 -0.00406097 0 -0.999992 0.686967 0.72618 0.0261876 0.0615391 0.99721 -0.0420865 0 0.999989 -0.00460825 -0.122908 0.992168 -0.0219218 0.0855668 0.0219404 -0.996083 0.0587181 0.00727393 -0.99824 -0.537262 0.840762 -0.066364 -0.696183 0.717702 0.0134154 -0.0632311 0.00783299 -0.99796 0.0366209 -0.317889 0.947396 0.00305702 0 0.999995 0.00307211 0 0.999995 -0.040859 -0.317662 0.947299 0.660765 0.747051 0.0725476 -0.0369675 0.999143 -0.0183146 0 1 0.000620371 0.535959 0.844204 -0.00417188 0.00314826 0.999995 -0 -0.0394925 0.816158 -0.576442 0.0424791 0.816119 -0.576282 0.00314822 0.999995 -0 -0.642855 0.757305 0.114829 -0.536289 0.843997 0.00255558 -0 0.999965 -0.00831559 0.0383255 0.999136 -0.0156827 -0.151609 0.98616 -0.0669453 -0.195506 0.980667 -0.00553183 -0.0699805 0.997227 -0.0242587 0.0110284 0.0700649 0.997457 0.0034944 0.197772 0.980229 0.0041672 0.197339 0.980313 -0.00584885 0.0697149 0.997525 0.0697942 0.997304 -0.0214618 0.195717 0.980596 -0.00937166 0.154979 0.986042 -0.0606704 0.0910711 0.809765 -0.57962 -0.0655914 0.996793 0.0454193 -0.0613078 0.995975 0.0649769 0.0478486 0.996648 0.0659454 0.0506075 0.997523 0.0484444 -0.0917671 0.809754 -0.579531 0.0935521 0.487568 0.868028 0.0514892 0.477639 0.877009 0.0978891 0.670878 0.735015 0.117633 0.640906 0.758538 0.645934 0.748313 0.15068 0.465929 0.88147 0.0765153 0.469558 0.87508 0.117035 0.599637 0.779731 0.180094 0.121651 0.763664 0.634008 0.154404 0.552485 0.819056 0.14625 0.817107 0.557568 0.0505605 0.501402 0.863705 0.0777538 0.690248 0.719325 0.0549799 0.322764 0.944859 0.0308619 0.319513 0.947073 0.0181014 0.1712 0.985064 0.00172094 0.178778 0.983872 -0.0125815 0.0624357 0.997934 -0.0255565 0.0682738 0.997305 0.0507094 0.528926 0.847129 0.0647098 0.699848 0.711315 0.0309647 0.345645 0.937833 0.00552845 0.195903 0.980603 -0.0222007 0.0687886 0.997349 0.0263621 0.550278 0.834529 0.0305335 0.706129 0.707375 0.0330344 0.366642 0.929771 0.00839235 0.201089 0.979526 -0.015381 0.0616356 0.997962 0.0168016 0.379825 0.924893 0.104287 0.375809 0.920766 -0.442706 0.88412 0.149296 -0.307903 0.948711 0.0714277 -0.302387 0.951169 0.0618591 -0.44008 0.888737 0.128104 -0.181202 0.98341 0.00776751 -0.175612 0.98442 0.00686933 -0.0768485 0.996642 -0.0270205 -0.0756499 0.996423 -0.0367924 0.0472378 0.208058 0.976956 -0.337995 0.939642 0.0528455 -0.485844 0.868115 0.10123 -0.195564 0.980666 0.00640469 -0.0742531 0.996564 -0.035718 0.00423408 0.0722108 0.997362 -0.366392 0.929821 0.03437 -0.527199 0.847499 0.0613895 -0.20285 0.979198 -0.000437517 -0.0655861 0.997192 -0.0356166 -0.377024 0.926113 0.00985965 -0.548575 0.835865 0.0189372 0.145499 0.900166 0.410462 0.0788821 0.895491 0.437987 0.105387 0.835806 0.538804 0.0777019 0.835345 0.544178 0.0341944 0.833005 0.552171 0.160307 0.9477 0.275912 0.123024 0.944401 0.304895 0.114585 0.912938 0.391632 0.0857741 0.918455 0.386103 0.0363711 0.923287 0.382353 0.194868 0.964495 0.178162 0.171665 0.960292 0.219773 0.131001 0.960217 0.246603 0.0918894 0.971125 0.220115 0.0323804 0.979391 0.199298 0.159005 0.979487 0.1235 0.0959841 0.992356 0.0773174 0.0232188 0.99719 0.0708498 -0.0276402 0.696781 0.716714 -0.00123197 0.500394 0.865759 -0.0768465 0.501046 0.861948 -0.0354367 0.688714 0.724151 -0.0153172 0.823803 0.566622 -0.0630446 0.847554 0.526889 0.322494 0.946109 0.0281458 0.318078 0.946062 0.0609095 0.679763 0.725281 0.108658 0.495768 0.865949 0.0658375 0.700652 0.711597 0.0520088 0.53001 0.847015 0.0402949 0.706678 0.707424 0.00931183 0.548849 0.835863 0.00906154 0.188604 0.981948 -0.0129942 0.177362 0.984067 0.0119606 0.345194 0.937955 0.0322703 0.368539 0.929329 0.0227699 0.377411 0.926004 0.0026445 0.0790704 0.99598 -0.0416659 0.06884 0.997413 -0.0189353 0.19887 0.980019 -0.00215606 0.20356 0.979043 -0.00402426 0.074371 0.996545 -0.03601 0.0647133 0.997397 -0.0311706 -0.000130415 0.337605 0.94126 -0.055008 0.323416 0.944613 -0.0389288 0.697706 0.715297 -0.0233025 0.508001 0.861034 -0.0351276 0.702806 0.710506 -0.0262745 0.532094 0.846259 -0.0140597 0.70652 0.707504 -0.01097 0.550835 0.834518 0.0123094 0.188185 0.982037 -0.0256087 0.164088 0.986108 -0.0151828 0.351044 0.936215 -0.0150732 0.369934 0.928931 -0.00533982 0.380461 0.924768 0.0229 0.0667731 0.997486 0.00404986 0.0539588 0.998499 0.000940248 0.198402 0.980116 0.00183417 0.203127 0.979139 0.0226007 0.0689505 0.997329 0.0199647 0.0625081 0.997825 -0.0579338 0.846137 0.529757 -0.0593565 0.905121 0.420892 -0.0801488 0.922592 0.377343 -0.103566 0.952478 0.286443 -0.11665 0.961245 0.24974 -0.151242 0.968101 0.199593 -0.160741 0.97456 0.155981 -0.0435299 0.839587 0.541443 -0.072436 0.922456 0.379195 -0.098513 0.967003 0.234929 -0.131601 0.984846 0.112647 -0.0158453 0.833705 0.551927 -0.0539062 0.922825 0.381419 -0.0678884 0.974073 0.215755 -0.0788753 0.994113 0.0740153 -0.0195631 0.924078 0.38167 -0.0209506 0.97982 0.198714 -0.0159659 0.997366 0.0703654 -0.303468 0.943648 -0.131748 -0.441504 0.872768 -0.20808 -0.243817 -0.465392 0.850829 -0.200174 -0.44857 0.871031 -0.159064 -0.426879 0.890182 -0.120672 -0.397464 0.909624 -0.0851646 -0.356589 0.930355 0.307953 0.94327 -0.123806 0.453037 0.871255 -0.188731 0.568441 0.774353 -0.277906 0.136705 -0.439988 0.88751 0.168497 -0.474808 0.863797 0.101732 -0.404639 0.908775 0.070965 -0.359321 0.930495 0.128871 0.801395 -0.584034 -0.0722408 0.996893 0.0302536 0.172024 0.791137 -0.586909 -0.0700915 0.997507 0.0056724 0.420324 0.80413 -0.420337 0.599133 0.788311 -0.139865 0.581278 0.808865 -0.0881936 0.558176 0.828717 -0.0404968 0.0582061 0.997619 0.0360196 -0.133114 0.801629 -0.582775 0.0585043 0.998168 0.0131102 -0.179676 0.792141 -0.583258 -0.435898 0.803601 -0.405215 -0.601007 0.787474 -0.136527 -0.5829 0.808166 -0.0839777 -0.559494 0.828128 -0.0332646 0.999932 -0.0107079 0.00411214 0.992329 -0.0413581 0.116494 0.999221 -0.0144411 -0.0358783 0.997248 -0.0201104 -0.0712686 0.99387 -0.0258056 -0.107316 0.990702 -0.0301451 -0.132516 0.114923 -0.0726069 -0.990701 0.125205 -0.0553265 -0.990567 0.0805731 -0.0907125 -0.992602 0.0432389 -0.110162 -0.99295 0.0136783 -0.125998 -0.991906 -0.0093249 -0.126022 -0.991958 -0.0417648 -0.110216 -0.993014 -0.0782139 -0.0908384 -0.992761 -0.110082 -0.0728084 -0.991223 -0.137813 -0.0559298 -0.988847 -0.991729 -0.0265426 -0.125544 -0.990413 -0.030271 -0.134556 -0.996123 -0.0206233 -0.0851974 -0.998801 -0.0147711 -0.0461009 -0.999826 -0.0107715 0.0151432 -0.986791 -0.034459 0.15807 0.0145196 -0.606036 0.795289 -0.000453701 -0.605704 0.795674 0.000450306 -0.687441 0.726204 0.0168925 -0.689009 0.724519 0.0777215 -0.7614 0.643584 -0.0757005 -0.761844 0.6433 0.160417 -0.802776 0.574263 -0.168666 -0.799937 0.57586 0.212895 -0.833414 0.50994 -0.251261 -0.816224 0.520181 0.312415 0.904677 -0.289652 0.255202 0.945736 -0.200962 -0.318282 -0.822318 0.471616 0.182122 0.97526 -0.125157 -0.163173 0.977005 -0.137115 -0.214894 0.950379 -0.22479 0.103969 0.993097 -0.0539304 -0.101731 0.993245 -0.055441 0.0285059 0.999507 -0.0118486 -0.0345954 0.999356 -0.00750887 -0.686572 0.683478 0.2479 0.620117 0.724282 0.301358 -0.915486 -0.232932 0.327981 0.893279 -0.208597 0.398148 -0.892055 -0.440744 0.0997769 0.893523 -0.442125 0.0781997 -0.916392 -0.394706 0.0662867 0.916013 -0.393026 0.0800752 -0.939149 -0.341268 0.0389731 0.93945 -0.338444 0.0535943 -0.955348 -0.295041 0.0153759 0.956281 -0.290635 0.0321309 -0.968065 -0.250578 -0.000153914 0.969072 -0.246336 0.0125367 -0.027657 -0.340619 -0.939762 -0.00857046 -0.395698 -0.918322 0.0107297 -0.396062 -0.918142 0.0286821 -0.340844 -0.939649 0.0115167 -0.451201 -0.89233 -0.00704465 -0.451739 -0.892104 0.0272863 -0.510213 -0.859611 -0.0219966 -0.510591 -0.859538 0.0106178 -0.558025 -0.829727 -0.0035302 -0.55816 -0.829697 -0.00375473 0.999993 0 0.0190457 0.999819 -0 0.220127 0.975471 -0 0.0581743 0.998307 -0 0.369437 0.929256 -0 -0.225505 0.974242 0 -0.372367 0.928086 0 -0.0258054 0.999667 0 0.00737436 0.999973 -0 -0.00134063 0.999999 0 -0.00646565 0.999979 0 -0.00353196 0.999994 0 -0.00352175 0.999994 0 -0.0684703 0.997653 0 -0.0159274 0.999873 0 -0.0133449 0.999911 0 0.390378 0.0118878 0.920557 -0.364848 0.018441 0.930864 </float_array>
          <technique_common>
            <accessor count="1899" offset="0" source="#meshId0-bitangents-array" stride="3">
              <param name="X" type="float" />
              <param name="Y" type="float" />
              <param name="Z" type="float" />
            </accessor>
          </technique_common>
        </source>
        <source id="meshId0-tex0" name="meshId0-tex0">
          <float_array id="meshId0-tex0-array" count="3798"> 0.477892 0.0902272 0.691423 0.0912489 0.691287 0.119622 0.477756 0.118601 0.806911 0.333676 0.806866 0.375573 0.778492 0.375542 0.778537 0.333646 0.477403 0.121294 0.477549 0.121114 0.691469 0.122137 0.691613 0.122318 0.47766 0.120933 0.69136 0.121955 0.474738 0.130118 0.474767 0.124292 0.694216 0.12534 0.694189 0.131166 0.69714 0.0883169 0.702967 0.0883445 0.702805 0.122637 0.696978 0.122609 0.473236 0.087908 0.474863 0.08955 0.474721 0.119249 0.473079 0.120875 0.693743 0.086593 0.6921 0.0882193 0.477245 0.0871917 0.475618 0.0855494 0.695943 0.121941 0.694317 0.120299 0.694458 0.0906008 0.6961 0.0889744 0.475435 0.123257 0.477077 0.12163 0.691934 0.122657 0.693561 0.124299 0.475897 0.0902176 0.477892 0.0902272 0.477756 0.118601 0.475761 0.118591 0.691433 0.0892539 0.691423 0.0912489 0.477892 0.0902272 0.477901 0.0882322 0.693282 0.119632 0.691287 0.119622 0.691423 0.0912489 0.693418 0.0912584 0.477746 0.120596 0.477756 0.118601 0.691287 0.119622 0.691278 0.121617 0.694439 0.0797316 0.694411 0.0855585 0.474963 0.0845089 0.474991 0.0786824 0.466374 0.0872127 0.472201 0.0872403 0.472038 0.121533 0.466212 0.121505 0.477726 0.120759 0.691297 0.12178 0.475045 0.0848467 0.474982 0.0846721 0.69439 0.085721 0.694324 0.0858954 0.693721 0.124463 0.475273 0.123419 0.694154 0.120137 0.69398 0.119974 0.694118 0.0909233 0.694294 0.0907617 0.6938 0.119828 0.693937 0.0910667 0.696263 0.0888133 0.696106 0.122104 0.475024 0.0897125 0.474885 0.119088 0.472915 0.121036 0.473074 0.0877455 0.691938 0.0883816 0.477406 0.0873554 0.475458 0.0853858 0.693906 0.086431 0.47724 0.121468 0.691774 0.122494 0.693619 0.119718 0.693756 0.0911753 0.694227 0.0789599 0.694319 0.079143 0.475117 0.0780951 0.475211 0.0779128 0.694386 0.0793372 0.475048 0.0782884 0.694427 0.0795354 0.475005 0.0784861 0.693445 0.119652 0.693581 0.0912391 0.465584 0.0873636 0.465778 0.0872974 0.465617 0.121415 0.465423 0.121347 0.465977 0.0872494 0.465816 0.121465 0.466178 0.087221 0.466016 0.121495 0.693883 0.124638 0.475108 0.123593 0.694026 0.12482 0.474964 0.123773 0.694134 0.125002 0.474853 0.123954 0.694197 0.125177 0.474787 0.124129 0.47495 0.13089 0.474857 0.130707 0.694063 0.131753 0.693969 0.131935 0.47479 0.130513 0.694133 0.13156 0.474751 0.130314 0.694174 0.131362 0.703595 0.122486 0.703401 0.122552 0.703563 0.0884349 0.703756 0.0885026 0.703201 0.1226 0.703364 0.0883852 0.703002 0.122628 0.703164 0.0883548 0.696439 0.0886519 0.69628 0.122267 0.696621 0.0885082 0.69646 0.122412 0.696802 0.0883999 0.696641 0.122523 0.696978 0.0883362 0.696815 0.122588 0.475198 0.0898758 0.47506 0.118927 0.475378 0.0900208 0.475242 0.118783 0.475559 0.0901313 0.475424 0.118674 0.475734 0.0901967 0.475599 0.11861 0.47274 0.121198 0.4729 0.0875823 0.472558 0.121341 0.472719 0.0874372 0.472376 0.12145 0.472539 0.0873264 0.472202 0.121514 0.472364 0.087261 0.691775 0.0885552 0.477567 0.087531 0.69163 0.0887358 0.477711 0.0877125 0.691519 0.0889167 0.477818 0.0878944 0.691453 0.0890909 0.477883 0.0880691 0.475297 0.0852104 0.694069 0.0862567 0.475154 0.0850286 0.694214 0.0860763 0.775842 0.333304 0.776024 0.333449 0.775978 0.375733 0.775797 0.375877 0.776205 0.333559 0.77616 0.375625 0.767008 0.330673 0.772835 0.33068 0.772784 0.378496 0.766957 0.37849 0.809819 0.38128 0.809812 0.387107 0.77552 0.38707 0.775526 0.381244 0.809213 0.329012 0.807576 0.330645 0.777878 0.330613 0.776246 0.328977 0.81153 0.377875 0.809898 0.376239 0.809944 0.333017 0.81158 0.331384 0.77619 0.380207 0.777826 0.378574 0.807525 0.378606 0.809157 0.380243 0.773872 0.331344 0.775506 0.332979 0.775458 0.376202 0.773822 0.377834 0.806913 0.331682 0.806911 0.333676 0.778537 0.333646 0.778539 0.331651 0.808861 0.375575 0.806866 0.375573 0.806911 0.333676 0.808906 0.333679 0.778489 0.377537 0.778492 0.375542 0.806866 0.375573 0.806863 0.377567 0.776543 0.333643 0.778537 0.333646 0.778492 0.375542 0.776497 0.37554 0.818394 0.378545 0.812567 0.378539 0.812619 0.330723 0.818445 0.33073 0.809883 0.322149 0.809877 0.327975 0.775584 0.327938 0.77559 0.322112 0.776379 0.333623 0.776334 0.37556 0.812282 0.330808 0.812456 0.330743 0.812404 0.378518 0.812229 0.378453 0.773659 0.377996 0.77371 0.331182 0.777988 0.378411 0.77815 0.378237 0.807201 0.378268 0.807363 0.378443 0.778295 0.378055 0.807057 0.378086 0.809318 0.380406 0.776028 0.38037 0.807415 0.330807 0.77804 0.330776 0.776084 0.328814 0.809375 0.32885 0.809735 0.376077 0.809781 0.333179 0.811743 0.331223 0.811693 0.378036 0.775668 0.333142 0.775621 0.376041 0.778405 0.377874 0.806947 0.377905 0.819165 0.37833 0.818982 0.378423 0.819033 0.330852 0.819216 0.330946 0.818788 0.378492 0.81884 0.330784 0.81859 0.378532 0.818642 0.330743 0.778469 0.3777 0.806884 0.377731 0.809729 0.321359 0.809796 0.321553 0.775678 0.321516 0.775746 0.321322 0.809845 0.321752 0.77563 0.321715 0.809874 0.321952 0.7756 0.321916 0.773484 0.378159 0.773536 0.331019 0.773303 0.378302 0.773355 0.330875 0.773121 0.378412 0.773173 0.330765 0.772947 0.378477 0.772998 0.3307 0.766238 0.330888 0.766421 0.330795 0.766369 0.378367 0.766187 0.378274 0.766615 0.330727 0.766562 0.378436 0.766812 0.330686 0.76676 0.378477 0.775673 0.38786 0.775607 0.387666 0.809724 0.387703 0.809657 0.387897 0.775558 0.387467 0.809773 0.387503 0.775529 0.387267 0.809802 0.387304 0.80948 0.38058 0.775866 0.380544 0.809625 0.380761 0.775721 0.380725 0.809734 0.380943 0.775611 0.380906 0.809798 0.381117 0.775547 0.381081 0.807253 0.330982 0.778202 0.330951 0.807108 0.331164 0.778346 0.331132 0.806998 0.331345 0.778456 0.331314 0.806934 0.331519 0.77852 0.331489 0.775922 0.328638 0.809537 0.328676 0.775777 0.328457 0.809683 0.328494 0.775669 0.328276 0.809792 0.328313 0.775604 0.328101 0.809856 0.328139 0.80956 0.375914 0.809606 0.333341 0.809379 0.375769 0.809425 0.333485 0.809198 0.37566 0.809243 0.333595 0.809023 0.375595 0.809068 0.333659 0.811919 0.331061 0.811868 0.378199 0.8121 0.330917 0.812048 0.378344 0.784955 0.199109 0.785066 0.199353 0.780493 0.201989 0.78034 0.201754 0.819075 0.205199 0.810359 0.214295 0.807935 0.21234 0.815009 0.201921 0.789484 0.195585 0.78956 0.195878 0.78434 0.19775 0.784215 0.197474 0.825304 0.213541 0.814089 0.219249 0.812429 0.216619 0.82254 0.209108 0.789637 0.196174 0.784466 0.19803 0.828383 0.223479 0.815943 0.225113 0.815266 0.222112 0.827266 0.218378 0.789715 0.196469 0.784592 0.198308 0.789791 0.196759 0.784717 0.198583 0.789864 0.197043 0.784838 0.198851 0.824002 0.2436 0.813456 0.236714 0.814834 0.234053 0.82641 0.238901 0.789936 0.197315 0.816663 0.251261 0.809334 0.241018 0.811587 0.239051 0.820716 0.247797 0.790004 0.197574 0.794998 0.19466 0.795022 0.194961 0.801991 0.256547 0.800908 0.244057 0.803904 0.243569 0.807154 0.255681 0.795047 0.195266 0.795073 0.195569 0.795097 0.195869 0.78216 0.251302 0.789226 0.240888 0.791929 0.242409 0.786714 0.253851 0.795122 0.196162 0.774632 0.244121 0.784735 0.236613 0.786805 0.238936 0.778095 0.248028 0.795145 0.196442 0.769909 0.234856 0.7819 0.231125 0.783076 0.233986 0.77187 0.23969 0.795168 0.19671 0.768534 0.224542 0.78105 0.225083 0.781225 0.228129 0.768792 0.22976 0.800571 0.194674 0.800545 0.194975 0.800518 0.195279 0.773152 0.209646 0.783693 0.216534 0.782314 0.219194 0.770744 0.214342 0.800492 0.195582 0.800466 0.195881 0.80044 0.196172 0.793245 0.209685 0.790407 0.210715 0.800415 0.196452 0.800392 0.196718 0.799295 0.209218 0.796241 0.2092 0.810453 0.199369 0.805229 0.210815 0.802321 0.209762 0.805535 0.197616 0.806058 0.195633 0.805981 0.195924 0.805903 0.196218 0.805826 0.196512 0.828617 0.228697 0.816095 0.228164 0.827976 0.233893 0.81574 0.231175 0.80575 0.196803 0.805676 0.197085 0.81209 0.253898 0.806744 0.242539 0.805603 0.197358 0.796768 0.256542 0.797851 0.244041 0.791626 0.255624 0.794828 0.243478 0.811301 0.197502 0.811178 0.197775 0.811051 0.198053 0.810925 0.19833 0.769176 0.219348 0.781408 0.222071 0.810801 0.198603 0.77644 0.205451 0.785562 0.214198 0.787815 0.212233 0.81068 0.198869 0.810564 0.199125 0.816323 0.199978 0.816158 0.200221 0.811424 0.197233 0.820696 0.203502 0.820493 0.203714 0.824421 0.207705 0.824185 0.207881 0.827393 0.212476 0.827131 0.212611 0.829506 0.217684 0.829225 0.217771 0.830709 0.223173 0.830417 0.223212 0.830966 0.22879 0.830671 0.228778 0.830273 0.234387 0.829985 0.234325 0.828605 0.239776 0.82833 0.239667 0.826109 0.24484 0.825846 0.244687 0.822827 0.24982 0.822558 0.24956 0.817998 0.25331 0.817833 0.253053 0.813064 0.256047 0.812942 0.255778 0.807748 0.257954 0.807674 0.257668 0.802185 0.258891 0.802161 0.258598 0.796557 0.258878 0.796584 0.258584 0.791021 0.25789 0.791097 0.257606 0.78574 0.255985 0.785861 0.255718 0.780847 0.253244 0.781012 0.253 0.776476 0.249724 0.776679 0.249511 0.772752 0.245523 0.772988 0.245347 0.769783 0.240755 0.770045 0.240622 0.767671 0.235551 0.767952 0.235464 0.766466 0.23007 0.766757 0.230031 0.766187 0.224453 0.766481 0.224464 0.76688 0.218854 0.767169 0.218916 0.768551 0.213466 0.768825 0.213576 0.771047 0.208406 0.771311 0.208559 0.774329 0.203431 0.774598 0.203689 0.779157 0.19994 0.779323 0.200196 0.784093 0.197204 0.789409 0.1953 0.794974 0.194366 0.800598 0.194381 0.806132 0.195348 0.815989 0.200471 0.815819 0.200723 0.815649 0.200975 0.81548 0.201223 0.815317 0.201466 0.815159 0.201699 0.820285 0.203932 0.820074 0.204152 0.819864 0.204373 0.819657 0.20459 0.819455 0.204801 0.819261 0.205005 0.823944 0.208061 0.8237 0.208243 0.823456 0.208425 0.823215 0.208605 0.82298 0.20878 0.822755 0.208948 0.826862 0.212747 0.826591 0.212885 0.82632 0.213023 0.826052 0.213159 0.825793 0.213292 0.825542 0.21342 0.828937 0.217861 0.828646 0.217951 0.828356 0.218041 0.828069 0.21813 0.827789 0.218216 0.827521 0.2183 0.830119 0.223251 0.829817 0.22329 0.829514 0.22333 0.829217 0.223369 0.828928 0.223407 0.828648 0.223444 0.83037 0.228767 0.830064 0.228755 0.82976 0.228742 0.82946 0.228731 0.829166 0.228719 0.828885 0.228708 0.82969 0.234261 0.82939 0.234197 0.829093 0.234133 0.828798 0.234069 0.828513 0.234008 0.828237 0.233949 0.828048 0.239554 0.827764 0.239441 0.827478 0.239328 0.827198 0.239215 0.826925 0.239106 0.826661 0.239001 0.825575 0.244529 0.8253 0.244368 0.825027 0.244207 0.824758 0.244048 0.824496 0.243892 0.824244 0.243743 0.822283 0.249298 0.822009 0.249036 0.821737 0.248775 0.821469 0.248519 0.821209 0.248269 0.820957 0.248028 0.817663 0.252791 0.81749 0.252524 0.817317 0.252259 0.817145 0.251997 0.816977 0.251741 0.816816 0.251495 0.812817 0.255501 0.812691 0.255223 0.812564 0.254943 0.812439 0.254669 0.812318 0.2544 0.812201 0.254143 0.807598 0.257375 0.80752 0.257081 0.807444 0.256785 0.807367 0.256494 0.807293 0.256211 0.807221 0.255939 0.802136 0.258296 0.80211 0.257991 0.802086 0.257688 0.80206 0.257387 0.802036 0.257096 0.802013 0.256815 0.796611 0.258284 0.796638 0.25798 0.796665 0.257678 0.796692 0.257379 0.796718 0.257088 0.796744 0.256808 0.791174 0.257315 0.791253 0.25702 0.791332 0.256726 0.791409 0.256436 0.791484 0.256154 0.791557 0.255882 0.785987 0.255445 0.786113 0.255168 0.78624 0.25489 0.786365 0.254617 0.786486 0.254351 0.786603 0.254095 0.78118 0.252751 0.78135 0.252498 0.781521 0.252247 0.781689 0.251998 0.781853 0.251757 0.78201 0.251524 0.776887 0.249293 0.777098 0.249073 0.777308 0.248853 0.777515 0.248636 0.777716 0.248424 0.777911 0.248221 0.77323 0.245167 0.773474 0.244985 0.773717 0.244802 0.773958 0.244624 0.774193 0.244449 0.774417 0.24428 0.770312 0.240485 0.770583 0.240347 0.770854 0.240208 0.771122 0.240072 0.771382 0.239939 0.771632 0.239812 0.768239 0.235375 0.76853 0.235285 0.76882 0.235194 0.769107 0.235105 0.769386 0.235019 0.769654 0.234936 0.767056 0.22999 0.767358 0.229951 0.76766 0.22991 0.767958 0.229871 0.768248 0.229831 0.768527 0.229795 0.766782 0.224475 0.767087 0.224486 0.767392 0.224498 0.767692 0.224509 0.767985 0.22452 0.768266 0.224531 0.767463 0.21898 0.767763 0.219043 0.76806 0.219108 0.768354 0.219172 0.76864 0.219233 0.768914 0.219292 0.769107 0.213688 0.769391 0.213802 0.769676 0.213916 0.769956 0.214028 0.77023 0.214137 0.770493 0.214243 0.771581 0.208717 0.771854 0.208878 0.772128 0.209039 0.772397 0.209198 0.77266 0.209353 0.772912 0.209503 0.774872 0.203951 0.775146 0.204213 0.775419 0.204474 0.775686 0.20473 0.775947 0.204979 0.776199 0.20522 0.779492 0.20046 0.779665 0.200726 0.779839 0.200992 0.780011 0.201254 0.780178 0.201509 0.8093 0.215405 0.807169 0.21764 0.805336 0.216154 0.807074 0.213608 0.804575 0.21726 0.80432 0.21763 0.802531 0.216591 0.802723 0.216188 0.811203 0.217542 0.808743 0.2194 0.800619 0.215854 0.800744 0.215431 0.812725 0.219955 0.810008 0.22138 0.798642 0.215441 0.798695 0.21501 0.813818 0.222576 0.810927 0.223523 0.796661 0.215363 0.79664 0.214937 0.814451 0.225322 0.811473 0.225764 0.794738 0.215623 0.794643 0.215217 0.814606 0.228111 0.811631 0.228034 0.792931 0.21622 0.792766 0.215844 0.814279 0.23086 0.811395 0.230265 0.791297 0.217132 0.791067 0.2168 0.81347 0.233484 0.81077 0.232386 0.78989 0.218336 0.789599 0.218058 0.812207 0.235902 0.809772 0.234332 0.788749 0.219795 0.788408 0.219578 0.810522 0.238035 0.808431 0.236041 0.787911 0.221464 0.787529 0.221316 0.808469 0.239819 0.806787 0.23746 0.787398 0.223292 0.786989 0.223216 0.806112 0.241195 0.804891 0.238546 0.787224 0.225221 0.786799 0.22522 0.803525 0.242121 0.802803 0.239267 0.787393 0.227193 0.786966 0.227264 0.800792 0.242568 0.800588 0.239599 0.787897 0.229143 0.787481 0.229287 0.797997 0.242532 0.798314 0.239537 0.788722 0.231014 0.78833 0.231224 0.795228 0.242014 0.796051 0.239084 0.789846 0.232747 0.789489 0.23302 0.792566 0.241033 0.793868 0.238257 0.791236 0.234293 0.790924 0.234618 0.790088 0.239624 0.791829 0.237081 0.792848 0.235607 0.792592 0.235976 0.807199 0.213423 0.809454 0.215243 0.811381 0.217407 0.812924 0.219852 0.81403 0.222507 0.814669 0.225291 0.81367 0.233567 0.81239 0.23602 0.810676 0.238183 0.808594 0.239993 0.80358 0.242332 0.800808 0.242785 0.792473 0.241234 0.789961 0.239809 0.787864 0.237827 0.787709 0.237988 0.785783 0.235825 0.785962 0.235691 0.784438 0.233278 0.78424 0.233382 0.783134 0.230729 0.783344 0.23066 0.782707 0.227919 0.78249 0.22795 0.782327 0.225126 0.782545 0.225133 0.783677 0.219762 0.783478 0.21968 0.784758 0.217227 0.78494 0.217346 0.791038 0.21206 0.790946 0.211863 0.79357 0.210923 0.793625 0.211135 0.796359 0.210686 0.796342 0.210468 0.799174 0.210499 0.799152 0.210718 0.801924 0.211228 0.801983 0.211014 0.804685 0.211998 0.80459 0.212202 0.814824 0.228118 0.814492 0.230905 0.806204 0.24139 0.797976 0.242752 0.79517 0.242228 0.782657 0.22234 0.782869 0.222385 0.786472 0.215067 0.786627 0.215214 0.788554 0.213259 0.78868 0.213434 0.807345 0.213208 0.809633 0.215054 0.807503 0.212977 0.809827 0.214852 0.80766 0.212743 0.810021 0.214648 0.807808 0.212528 0.810201 0.21446 0.811589 0.217251 0.813154 0.219733 0.811813 0.217082 0.813404 0.219603 0.812039 0.216913 0.813654 0.219473 0.812247 0.216756 0.813886 0.219354 0.814274 0.22243 0.814921 0.225255 0.814539 0.222344 0.815194 0.225217 0.814805 0.222259 0.815468 0.22518 0.815051 0.222181 0.815721 0.225144 0.813899 0.233663 0.812598 0.236157 0.814148 0.233767 0.812828 0.236305 0.814399 0.233871 0.813057 0.236454 0.814631 0.233967 0.813269 0.236593 0.810856 0.238355 0.808739 0.240196 0.811051 0.238541 0.808899 0.240415 0.811246 0.238727 0.809057 0.240635 0.811428 0.2389 0.809205 0.240839 0.803644 0.242576 0.800827 0.243037 0.803712 0.24284 0.800848 0.243309 0.803783 0.243106 0.800871 0.243582 0.803847 0.243353 0.80089 0.243835 0.792365 0.241467 0.789815 0.240022 0.792248 0.241719 0.789658 0.240254 0.792131 0.241972 0.7895 0.240485 0.792023 0.242206 0.789353 0.240701 0.78753 0.238176 0.785575 0.235981 0.787336 0.238379 0.785351 0.23615 0.787142 0.238583 0.785126 0.23632 0.786962 0.238772 0.784917 0.236476 0.784011 0.233502 0.78289 0.230808 0.783761 0.233631 0.782625 0.230893 0.783511 0.233761 0.78236 0.230978 0.783279 0.233881 0.782115 0.231057 0.782241 0.227985 0.782076 0.225118 0.781969 0.228024 0.781802 0.225109 0.781697 0.228063 0.781528 0.225099 0.781445 0.228098 0.781273 0.225091 0.783249 0.219584 0.784549 0.217091 0.782999 0.21948 0.784322 0.216943 0.782749 0.219377 0.784093 0.216794 0.782517 0.21928 0.783879 0.216655 0.79084 0.211637 0.793507 0.210679 0.790725 0.211391 0.793437 0.210415 0.790609 0.211144 0.793368 0.210148 0.790501 0.210915 0.793303 0.209902 0.796322 0.210218 0.799197 0.210246 0.796301 0.209945 0.799224 0.209972 0.796279 0.209673 0.79925 0.209696 0.796258 0.20942 0.799274 0.209441 0.80205 0.210767 0.804792 0.211765 0.802123 0.210499 0.80491 0.211511 0.802195 0.21023 0.805026 0.211257 0.802263 0.209981 0.805135 0.211021 0.815075 0.228127 0.815347 0.228137 0.815621 0.228146 0.815874 0.228155 0.814737 0.230958 0.815005 0.231016 0.815273 0.231073 0.815522 0.231128 0.806309 0.241617 0.806425 0.241863 0.806541 0.242109 0.806649 0.242338 0.797951 0.243007 0.797924 0.243283 0.797897 0.24356 0.797873 0.243816 0.795101 0.242475 0.795028 0.242742 0.794954 0.243011 0.794887 0.24326 0.78241 0.222287 0.782143 0.22223 0.781875 0.222173 0.781625 0.222118 0.786292 0.214896 0.786098 0.214709 0.785902 0.214523 0.785722 0.21435 0.788409 0.213056 0.788251 0.212837 0.788092 0.212617 0.787945 0.212412 0.806242 0.218613 0.805932 0.218939 0.803294 0.214983 0.807675 0.220211 0.807319 0.220484 0.801109 0.214161 0.808832 0.222005 0.808439 0.222216 0.798843 0.213714 0.809677 0.223944 0.80926 0.224087 0.796566 0.213657 0.810187 0.225968 0.80976 0.22604 0.794348 0.21399 0.81035 0.228016 0.809923 0.228015 0.792257 0.214709 0.810156 0.230024 0.809746 0.229948 0.790358 0.215794 0.809613 0.231929 0.809231 0.231779 0.788714 0.21721 0.808735 0.23367 0.808393 0.233453 0.787372 0.218916 0.807544 0.235194 0.807253 0.234916 0.786376 0.220859 0.806078 0.236455 0.805846 0.236123 0.785752 0.222977 0.804382 0.237414 0.804216 0.237039 0.785519 0.225204 0.802508 0.238041 0.802414 0.237635 0.785682 0.227471 0.800515 0.23832 0.800494 0.237895 0.786232 0.22971 0.798464 0.238244 0.798518 0.237814 0.787154 0.231851 0.796419 0.237816 0.796545 0.237393 0.788421 0.233832 0.794442 0.237052 0.794636 0.23665 0.789995 0.235592 0.805336 0.216154 0.804575 0.21726 0.802723 0.216188 0.803294 0.214983 0.800744 0.215431 0.801109 0.214161 0.798695 0.21501 0.798843 0.213714 0.79664 0.214937 0.796566 0.213657 0.794643 0.215217 0.794348 0.21399 0.792766 0.215844 0.792257 0.214709 0.791067 0.2168 0.790358 0.215794 0.789599 0.218058 0.788714 0.21721 0.788408 0.219578 0.787372 0.218916 0.787529 0.221316 0.786376 0.220859 0.786989 0.223216 0.785752 0.222977 0.786799 0.22522 0.785519 0.225204 0.786966 0.227264 0.785682 0.227471 0.787481 0.229287 0.786232 0.22971 0.78833 0.231224 0.787154 0.231851 0.789489 0.23302 0.788421 0.233832 0.790924 0.234618 0.789995 0.235592 0.792592 0.235976 0.791829 0.237081 0.807169 0.21764 0.806242 0.218613 0.808743 0.2194 0.807675 0.220211 0.810008 0.22138 0.808832 0.222005 0.810927 0.223523 0.809677 0.223944 0.811473 0.225764 0.810187 0.225968 0.811631 0.228034 0.81035 0.228016 0.811395 0.230265 0.810156 0.230024 0.81077 0.232386 0.809613 0.231929 0.809772 0.234332 0.808735 0.23367 0.808431 0.236041 0.807544 0.235194 0.806787 0.23746 0.806078 0.236455 0.804891 0.238546 0.804382 0.237414 0.802803 0.239267 0.802508 0.238041 0.800588 0.239599 0.800515 0.23832 0.798314 0.239537 0.798464 0.238244 0.796051 0.239084 0.796419 0.237816 0.793868 0.238257 0.794442 0.237052 0.911703 0.36866 0.896908 0.372635 0.910788 0.36615 0.909452 0.363839 0.912169 0.371289 0.907734 0.361795 0.91217 0.37396 0.905686 0.360079 0.911709 0.37659 0.903373 0.358746 0.910797 0.3791 0.900864 0.357834 0.909463 0.381413 0.898233 0.357372 0.907749 0.38346 0.895563 0.357374 0.905704 0.385178 0.892933 0.357839 0.903392 0.386514 0.890425 0.358755 0.900883 0.38743 0.888113 0.360092 0.898254 0.387895 0.886068 0.361809 0.895583 0.387897 0.884353 0.363856 0.892954 0.387435 0.883019 0.36617 0.890443 0.386523 0.882108 0.36868 0.888129 0.38519 0.881647 0.37131 0.886083 0.383474 0.881647 0.37398 0.884366 0.38143 0.882114 0.376609 0.883028 0.379119 0.58276 0.975037 0.582395 0.883649 0.576446 0.883664 0.576801 0.975067 0.869812 0.97388 0.869427 0.88236 0.606277 0.883473 0.606663 0.974988 0.975474 0.973434 0.975088 0.881915 0.024835 0.977001 0.0248395 0.978359 0.131517 0.97816 0.130511 0.976656 0.576536 0.976836 0.571238 0.975115 0.570811 0.97684 0.423227 0.884239 0.423349 0.881315 0.417127 0.881335 0.417278 0.884268 0.411415 0.975684 0.411102 0.884284 0.404923 0.884289 0.405229 0.975715 0.570893 0.883646 0.57056 0.880753 0.42909 0.881284 0.42878 0.88418 0.727377 0.489447 0.727377 0.613268 0.987685 0.613268 0.987685 0.489448 0.60071 0.883531 0.601562 0.880759 0.595413 0.880732 0.59475 0.883578 0.589198 0.976794 0.588944 0.975014 0.582747 0.976837 0.417626 0.97746 0.417599 0.97566 0.411174 0.977466 0.398962 0.884285 0.399264 0.975749 0.392894 0.977342 0.393694 0.975794 0.0396895 0.189911 0.039715 0.277072 0.242307 0.276967 0.242277 0.189806 0.607474 0.97653 0.606663 0.974988 0.601094 0.974986 0.6018 0.976603 0.429562 0.977372 0.429122 0.97565 0.423559 0.975644 0.423837 0.977412 0.393395 0.884269 0.393694 0.975794 0.595129 0.974997 0.588571 0.883619 0.991733 0.688704 0.990284 0.842564 0.721683 0.841684 0.721242 0.687818 0.97548 0.974793 0.976151 0.974729 0.976146 0.973431 0.0245383 0.885469 0.0256036 0.882774 0.0249076 0.882822 0.0238797 0.885535 0.276808 0.157458 0.276738 0.156473 0.00508877 0.156814 0.00500086 0.157788 0.721334 0.68685 0.991648 0.687735 0.976863 0.974529 0.976858 0.973428 0.977603 0.974185 0.977601 0.973425 0.978359 0.973704 0.978358 0.973422 0.991733 0.485953 0.991649 0.485488 0.991176 0.485979 0.990645 0.61605 0.990674 0.486461 0.989662 0.487473 0.989648 0.615093 0.988653 0.48848 0.988659 0.614151 0.0241567 0.882976 0.023179 0.885718 0.0234492 0.977005 0.0224343 0.886019 0.022706 0.977007 0.0233469 0.88323 0.0224808 0.883568 0.0216407 0.886424 0.723328 0.485953 0.723885 0.485979 0.723413 0.485488 0.724417 0.61605 0.725414 0.615093 0.7254 0.487472 0.724388 0.486461 0.726052 0.619094 0.727079 0.618091 0.726403 0.614151 0.726408 0.48848 0.276474 0.155429 0.00537232 0.155782 0.276003 0.154339 0.00586499 0.154705 0.275338 0.153223 0.00655568 0.153604 0.990886 0.621236 0.989996 0.620148 0.725065 0.620148 0.724175 0.621236 0.98901 0.619094 0.987982 0.618091 0.986968 0.617164 0.728094 0.617164 0.721621 0.685824 0.991368 0.686708 0.722116 0.684756 0.990879 0.685637 0.722808 0.683666 0.990195 0.684542 0.0279809 0.179866 0.253867 0.179599 0.00517776 0.311761 0.0281206 0.287279 0.277011 0.311432 0.254019 0.287011 0.383431 0.426803 0.408574 0.446357 0.632013 0.445976 0.657165 0.426312 0.38233 0.808089 0.407555 0.802026 0.383303 0.816506 0.40831 0.805417 0.386656 0.824957 0.409269 0.807364 0.392348 0.832485 0.41067 0.809132 0.399849 0.838181 0.412426 0.810547 0.408238 0.841535 0.414366 0.811521 0.416549 0.842564 0.417757 0.812285 0.624591 0.842456 0.62333 0.812182 0.632919 0.841406 0.626729 0.811397 0.641318 0.838021 0.628677 0.810407 0.648818 0.832292 0.630443 0.808978 0.654497 0.82473 0.631856 0.807199 0.657826 0.816255 0.632831 0.805242 0.658812 0.807862 0.633598 0.801846 0.436577 0.473607 0.60428 0.473538 0.436647 0.776856 0.436897 0.779353 0.43735 0.780698 0.438169 0.78191 0.439253 0.782822 0.440452 0.783325 0.442679 0.78359 0.598535 0.783399 0.600753 0.783147 0.60195 0.782651 0.603031 0.781746 0.603849 0.780541 0.604302 0.779204 0.604552 0.776719 0.607474 0.97653 0.868819 0.975391 0.130213 0.885124 0.130705 0.882444 0.570893 0.883646 0.404739 0.977434 0.429122 0.97565 0.429562 0.977372 0.570811 0.97684 0.571238 0.975115 0.595633 0.976712 0.588982 0.880713 0.582524 0.880715 0.41067 0.881381 0.39857 0.977372 0.393395 0.884269 0.392428 0.881557 0.606277 0.883473 0.607223 0.880755 0.42878 0.88418 0.42909 0.881284 0.392894 0.977342 0.975747 0.881976 0.0241622 0.977003 0.0241668 0.978301 0.976449 0.882154 0.97545 0.879419 0.974699 0.879271 0.977196 0.882449 0.976262 0.879668 0.977993 0.882848 0.991648 0.616985 0.576302 0.880741 0.0234533 0.978107 0.022709 0.977768 0.0219473 0.97701 0.0219485 0.977292 0.723414 0.616985 0.868915 0.879683 0.607223 0.880755 0.974002 0.879228 0.404239 0.881448 0.39809 0.88152 0.392428 0.881557 0.57056 0.880753 0.977131 0.879999 0.316345 0.402429 0.319052 0.403359 0.319899 0.785803 0.317004 0.787457 0.292731 0.83646 0.283414 0.83718 0.28182 0.81924 0.291058 0.817997 0.0431082 0.838133 0.0337682 0.837463 0.0353416 0.818954 0.044604 0.82015 0.0104778 0.80569 0.00974491 0.796835 0.0273464 0.795662 0.028419 0.804033 0.266297 0.838382 0.265494 0.841694 0.0610895 0.842564 0.0602718 0.839238 0.0296942 0.813262 0.0112517 0.815006 0.00657709 0.7955 0.00633066 0.786873 0.00923544 0.788511 0.00500086 0.404363 0.00770375 0.403418 0.3197 0.794429 0.31654 0.795781 0.317004 0.787457 0.319899 0.785803 0.0523449 0.842243 0.0519629 0.838774 0.0602718 0.839238 0.0610895 0.842564 0.315133 0.813955 0.296688 0.81231 0.297913 0.803078 0.315856 0.804637 0.274581 0.83787 0.273446 0.820293 0.265494 0.841694 0.266297 0.838382 0.274218 0.841333 0.0429198 0.841618 0.298939 0.794706 0.293884 0.403519 0.29445 0.403573 0.295663 0.787013 0.295173 0.786973 0.288609 0.809893 0.289111 0.810823 0.280568 0.81474 0.280374 0.81414 0.0460262 0.815025 0.0458358 0.815629 0.0372627 0.811745 0.0377634 0.81081 0.0335036 0.802571 0.0329049 0.802766 0.031103 0.795362 0.0316062 0.795328 0.265714 0.816575 0.265753 0.817063 0.0607031 0.817846 0.0607414 0.81735 0.0377634 0.81081 0.0368367 0.81131 0.273117 0.815983 0.273151 0.816493 0.295183 0.794428 0.29468 0.794397 0.0533136 0.816815 0.0532809 0.81733 0.0310723 0.787899 0.0305818 0.787942 0.0291899 0.404486 0.029709 0.404452 0.292824 0.801643 0.293423 0.801835 0.289537 0.81039 0.288609 0.809893 0.295054 0.403578 0.296186 0.787046 0.295683 0.403523 0.296732 0.787071 0.296321 0.403401 0.29729 0.78709 0.296949 0.403219 0.297849 0.7871 0.29755 0.402985 0.298393 0.787104 0.298117 0.402724 0.298914 0.787101 0.298648 0.40246 0.299403 0.787091 0.289579 0.811805 0.280764 0.815376 0.29 0.812828 0.280959 0.816035 0.290359 0.813877 0.28115 0.816707 0.290649 0.814937 0.281332 0.817375 0.290863 0.815987 0.281504 0.818027 0.290997 0.817011 0.281666 0.818652 0.291058 0.817997 0.28182 0.81924 0.0456422 0.816267 0.0367971 0.812732 0.0454499 0.816929 0.0363796 0.81376 0.0452627 0.817604 0.036023 0.814816 0.0450836 0.818276 0.0357372 0.815879 0.0449142 0.818931 0.0355284 0.816934 0.0447546 0.819559 0.0353978 0.817964 0.044604 0.82015 0.0353416 0.818954 0.0322713 0.802965 0.0305695 0.795402 0.0316132 0.803162 0.0300153 0.795447 0.0309442 0.803355 0.0294523 0.795493 0.0302779 0.80354 0.0288931 0.795539 0.0296278 0.803713 0.0283493 0.795583 0.0290053 0.803878 0.0278311 0.795625 0.028419 0.804033 0.0273464 0.795662 0.265786 0.817585 0.0606711 0.818375 0.265811 0.81813 0.0606458 0.818929 0.265829 0.818688 0.0606269 0.819495 0.265841 0.819248 0.0606146 0.82006 0.265845 0.819793 0.0606087 0.820612 0.265843 0.820315 0.0606091 0.82114 0.265833 0.820805 0.0606158 0.821636 0.0358587 0.811777 0.03484 0.812197 0.0337949 0.812557 0.0327409 0.812848 0.0316956 0.813062 0.0306757 0.813199 0.0296942 0.813262 0.273191 0.817035 0.273236 0.817595 0.273281 0.818164 0.273327 0.81873 0.27337 0.81928 0.27341 0.819803 0.273446 0.820293 0.295716 0.794465 0.29627 0.794506 0.296833 0.79455 0.297393 0.794592 0.297936 0.794633 0.298454 0.794672 0.298939 0.794706 0.0532423 0.817875 0.0531999 0.81844 0.0531559 0.819014 0.0531122 0.819585 0.0530704 0.820137 0.0530317 0.820665 0.0529969 0.82116 0.0300585 0.787978 0.0286373 0.404475 0.0295118 0.788007 0.0280641 0.404407 0.0289527 0.788029 0.0274861 0.404278 0.0283942 0.788044 0.0269197 0.404095 0.0278488 0.788051 0.0263807 0.403864 0.0273274 0.788052 0.0258754 0.403607 0.0268383 0.788045 0.0254036 0.403348 0.294057 0.80203 0.290517 0.810853 0.294716 0.802225 0.291537 0.811268 0.295386 0.802413 0.292584 0.811624 0.296052 0.802594 0.293639 0.811909 0.296703 0.802765 0.294685 0.812119 0.297326 0.802926 0.295706 0.812251 0.297913 0.803078 0.296688 0.81231 0.308506 0.378387 0.305144 0.376205 0.307986 0.374192 0.298117 0.402724 0.294702 0.396781 0.29494 0.396131 0.298648 0.40246 0.29755 0.402985 0.294311 0.397323 0.296949 0.403219 0.293787 0.397772 0.296321 0.403401 0.293151 0.398136 0.295683 0.403523 0.292443 0.398434 0.295054 0.403578 0.291698 0.398677 0.29445 0.403573 0.290949 0.39888 0.293884 0.403519 0.290222 0.39906 0.029709 0.404452 0.0332491 0.400072 0.0291899 0.404486 0.0324733 0.399997 0.0286373 0.404475 0.0317045 0.399896 0.0280641 0.404407 0.0309627 0.399756 0.0274861 0.404278 0.0302744 0.399569 0.0269197 0.404095 0.0296666 0.399329 0.0263807 0.403864 0.0291708 0.399024 0.0258754 0.403607 0.0288022 0.398657 0.0254036 0.403348 0.0285762 0.39823 0.0180236 0.383683 0.0185699 0.38033 0.0207895 0.382034 0.299403 0.787091 0.298648 0.40246 0.293187 0.840012 0.283622 0.840658 0.0333317 0.841024 0.00712313 0.804857 0.0606158 0.821636 0.265833 0.820805 0.00773775 0.814394 0.0268383 0.788045 0.0254036 0.403348 0.299403 0.787091 0.0529969 0.82116 0.0606158 0.821636 0.319205 0.803787 0.318643 0.813323 0.265833 0.820805 0.67466 0.198516 0.674603 0.217923 0.410861 0.217113 0.410925 0.19771 0.385802 0.355511 0.386032 0.222601 0.405387 0.222613 0.405002 0.355765 0.674698 0.223141 0.674259 0.356737 0.410231 0.355906 0.410668 0.22231 0.698518 0.356486 0.679347 0.356566 0.680189 0.2234 0.699578 0.223561 0.38602 0.222008 0.405381 0.221957 0.405387 0.222613 0.674603 0.217923 0.674602 0.218561 0.410854 0.217744 0.410861 0.217113 0.680189 0.2234 0.680193 0.222737 0.699588 0.222969 0.409637 0.355894 0.410012 0.222346 0.410668 0.22231 0.674698 0.223141 0.675382 0.223168 0.674833 0.356724 0.408514 0.219003 0.409062 0.219011 0.409156 0.219534 0.408676 0.219478 0.678376 0.220848 0.678303 0.221406 0.677741 0.221434 0.677883 0.22095 0.408361 0.219912 0.408013 0.219347 0.40895 0.220041 0.409627 0.219014 0.409666 0.219581 0.408382 0.218459 0.408988 0.218437 0.408289 0.21786 0.408935 0.217822 0.408232 0.217221 0.408901 0.217183 0.410214 0.219018 0.410212 0.219623 0.4096 0.218412 0.40958 0.217785 0.409566 0.217148 0.410819 0.219026 0.410792 0.219658 0.410218 0.218393 0.410221 0.217759 0.410221 0.217124 0.41084 0.218385 0.407758 0.218689 0.407792 0.220745 0.407889 0.221265 0.407296 0.221264 0.407258 0.220687 0.407967 0.221839 0.407332 0.221872 0.408022 0.222455 0.407363 0.222504 0.4076 0.217974 0.406677 0.221269 0.406673 0.220643 0.406685 0.221905 0.406701 0.222548 0.407538 0.217247 0.406035 0.221278 0.406047 0.220618 0.406032 0.221934 0.406039 0.222585 0.405385 0.221291 0.405396 0.220618 0.408763 0.220633 0.408109 0.220481 0.409537 0.220147 0.410141 0.220233 0.410762 0.220298 0.408597 0.22129 0.407893 0.22111 0.409415 0.220773 0.410073 0.220882 0.410729 0.220961 0.408438 0.221997 0.407696 0.221787 0.409302 0.221449 0.410006 0.221565 0.410696 0.221635 0.409195 0.222169 0.409947 0.222276 0.410668 0.22231 0.676291 0.220439 0.676415 0.219899 0.676999 0.21991 0.676798 0.220418 0.677033 0.220901 0.676457 0.220966 0.678239 0.222002 0.677616 0.221983 0.678931 0.220769 0.678903 0.221386 0.679537 0.220722 0.679533 0.22138 0.680178 0.220711 0.680184 0.221385 0.678187 0.222636 0.677518 0.222592 0.678879 0.222023 0.679532 0.222045 0.680191 0.222063 0.678148 0.223296 0.677459 0.223248 0.678858 0.222678 0.679529 0.222712 0.678837 0.223342 0.67952 0.223377 0.676506 0.219297 0.677147 0.219328 0.675767 0.22046 0.675828 0.21988 0.675212 0.22048 0.675228 0.219867 0.674627 0.220497 0.674614 0.219859 0.676562 0.218657 0.677239 0.218692 0.675871 0.219261 0.675239 0.21923 0.674606 0.21921 0.676591 0.217997 0.677271 0.218023 0.675898 0.218616 0.675244 0.218583 0.675915 0.217964 0.67525 0.217937 0.675868 0.221036 0.677236 0.221451 0.676602 0.221558 0.677412 0.222058 0.676732 0.222199 0.677573 0.22271 0.676858 0.222883 0.675263 0.221095 0.67596 0.22166 0.676045 0.222325 0.676128 0.223024 0.674641 0.221141 0.67531 0.221744 0.675356 0.222418 0.675401 0.223113 0.674659 0.221803 0.674679 0.222474 0.674698 0.223141 0.38596 0.221376 0.385843 0.220711 0.407757 0.197426 0.408428 0.197588 0.409089 0.197689 0.409732 0.197734 0.410346 0.197737 0.699645 0.222338 0.699757 0.221675 0.699927 0.220991 0.676536 0.198457 0.677215 0.198337 0.675877 0.198519 0.67525 0.198533 0.409007 0.355936 0.409344 0.222383 0.408349 0.356046 0.408676 0.222419 0.407679 0.356223 0.406977 0.356009 0.406287 0.355868 0.405624 0.355792 0.676079 0.223194 0.675447 0.356764 0.676776 0.223221 0.676088 0.356868 0.676742 0.357038 0.677426 0.356825 0.678097 0.356683 0.678741 0.356601 0.402425 0.358811 0.388069 0.35795 0.402939 0.358867 0.403465 0.35905 0.403985 0.359369 0.404477 0.359823 0.410529 0.359801 0.40993 0.360074 0.411181 0.359617 0.411849 0.359516 0.412502 0.359485 0.671972 0.360292 0.672625 0.360322 0.67329 0.360422 0.673939 0.360603 0.674537 0.360872 0.680352 0.360144 0.679863 0.36059 0.680867 0.359834 0.681388 0.359657 0.681898 0.359606 0.696209 0.358878 0.413426 0.195286 0.672145 0.1961 0.672797 0.196046 0.412749 0.195217 0.673476 0.195937 0.412045 0.195105 0.674164 0.195757 0.411332 0.194935 0.674833 0.195495 0.410635 0.194691 0.703756 0.222039 0.703392 0.222738 0.409978 0.194366 0.703142 0.223456 0.38256 0.222553 0.38233 0.221893 0.702986 0.22416 0.382688 0.223217 0.702909 0.22483 0.38273 0.223857 0.70144 0.356669 0.382861 0.355658 0.698998 0.360911 0.385232 0.359958 0.684185 0.362761 0.400101 0.361961 0.683693 0.362856 0.400594 0.362063 0.683184 0.363068 0.401103 0.362282 0.682684 0.363409 0.401602 0.362631 0.682226 0.363881 0.402058 0.363113 0.671804 0.363357 0.67124 0.363064 0.413227 0.362263 0.412664 0.362555 0.670626 0.362853 0.41384 0.362052 0.670005 0.362723 0.41446 0.361925 0.669416 0.362668 0.415046 0.361873 0.29468 0.794397 0.292824 0.801643 0.280374 0.81414 0.273117 0.815983 0.288609 0.809893 0.0460262 0.815025 0.0377634 0.81081 0.0335036 0.802571 0.265714 0.816575 0.295173 0.786973 0.0310723 0.787899 0.029709 0.404452 0.293884 0.403519 0.0533136 0.816815 0.0316062 0.795328 0.0607414 0.81735 0.302254 0.378014 0.023059 0.383528 </float_array>
          <technique_common>
            <accessor count="1899" offset="0" source="#meshId0-tex0-array" stride="2">
              <param name="S" type="float" />
              <param name="T" type="float" />
            </accessor>
          </technique_common>
        </source>
        <vertices id="meshId0-vertices">
          <input semantic="POSITION" source="#meshId0-positions" />
          <input semantic="NORMAL" source="#meshId0-normals" />
          <input semantic="TANGENT" source="#meshId0-tangents" />
          <input semantic="BINORMAL" source="#meshId0-bitangents" />
          <input semantic="TEXCOORD" source="#meshId0-tex0"  />
        </vertices>
        <polylist count="2716" material="defaultMaterial">
          <input offset="0" semantic="VERTEX" source="#meshId0-vertices" />
          <vcount>3 3 3 3 3 3 3 3 3 3 3 3 3 3 3 3 3 3 3 3 3 3 3 3 3 3 3 3 3 3 3 3 3 3 3 3 3 3 3 3 3 3 3 3 3 3 3 3 3 3 3 3 3 3 3 3 3 3 3 3 3 3 3 3 3 3 3 3 3 3 3 3 3 3 3 3 3 3 3 3 3 3 3 3 3 3 3 3 3 3 3 3 3 3 3 3 3 3 3 3 3 3 3 3 3 3 3 3 3 3 3 3 3 3 3 3 3 3 3 3 3 3 3 3 3 3 3 3 3 3 3 3 3 3 3 3 3 3 3 3 3 3 3 3 3 3 3 3 3 3 3 3 3 3 3 3 3 3 3 3 3 3 3 3 3 3 3 3 3 3 3 3 3 3 3 3 3 3 3 3 3 3 3 3 3 3 3 3 3 3 3 3 3 3 3 3 3 3 3 3 3 3 3 3 3 3 3 3 3 3 3 3 3 3 3 3 3 3 3 3 3 3 3 3 3 3 3 3 3 3 3 3 3 3 3 3 3 3 3 3 3 3 3 3 3 3 3 3 3 3 3 3 3 3 3 3 3 3 3 3 3 3 3 3 3 3 3 3 3 3 3 3 3 3 3 3 3 3 3 3 3 3 3 3 3 3 3 3 3 3 3 3 3 3 3 3 3 3 3 3 3 3 3 3 3 3 3 3 3 3 3 3 3 3 3 3 3 3 3 3 3 3 3 3 3 3 3 3 3 3 3 3 3 3 3 3 3 3 3 3 3 3 3 3 3 3 3 3 3 3 3 3 3 3 3 3 3 3 3 3 3 3 3 3 3 3 3 3 3 3 3 3 3 3 3 3 3 3 3 3 3 3 3 3 3 3 3 3 3 3 3 3 3 3 3 3 3 3 3 3 3 3 3 3 3 3 3 3 3 3 3 3 3 3 3 3 3 3 3 3 3 3 3 3 3 3 3 3 3 3 3 3 3 3 3 3 3 3 3 3 3 3 3 3 3 3 3 3 3 3 3 3 3 3 3 3 3 3 3 3 3 3 3 3 3 3 3 3 3 3 3 3 3 3 3 3 3 3 3 3 3 3 3 3 3 3 3 3 3 3 3 3 3 3 3 3 3 3 3 3 3 3 3 3 3 3 3 3 3 3 3 3 3 3 3 3 3 3 3 3 3 3 3 3 3 3 3 3 3 3 3 3 3 3 3 3 3 3 3 3 3 3 3 3 3 3 3 3 3 3 3 3 3 3 3 3 3 3 3 3 3 3 3 3 3 3 3 3 3 3 3 3 3 3 3 3 3 3 3 3 3 3 3 3 3 3 3 3 3 3 3 3 3 3 3 3 3 3 3 3 3 3 3 3 3 3 3 3 3 3 3 3 3 3 3 3 3 3 3 3 3 3 3 3 3 3 3 3 3 3 3 3 3 3 3 3 3 3 3 3 3 3 3 3 3 3 3 3 3 3 3 3 3 3 3 3 3 3 3 3 3 3 3 3 3 3 3 3 3 3 3 3 3 3 3 3 3 3 3 3 3 3 3 3 3 3 3 3 3 3 3 3 3 3 3 3 3 3 3 3 3 3 3 3 3 3 3 3 3 3 3 3 3 3 3 3 3 3 3 3 3 3 3 3 3 3 3 3 3 3 3 3 3 3 3 3 3 3 3 3 3 3 3 3 3 3 3 3 3 3 3 3 3 3 3 3 3 3 3 3 3 3 3 3 3 3 3 3 3 3 3 3 3 3 3 3 3 3 3 3 3 3 3 3 3 3 3 3 3 3 3 3 3 3 3 3 3 3 3 3 3 3 3 3 3 3 3 3 3 3 3 3 3 3 3 3 3 3 3 3 3 3 3 3 3 3 3 3 3 3 3 3 3 3 3 3 3 3 3 3 3 3 3 3 3 3 3 3 3 3 3 3 3 3 3 3 3 3 3 3 3 3 3 3 3 3 3 3 3 3 3 3 3 3 3 3 3 3 3 3 3 3 3 3 3 3 3 3 3 3 3 3 3 3 3 3 3 3 3 3 3 3 3 3 3 3 3 3 3 3 3 3 3 3 3 3 3 3 3 3 3 3 3 3 3 3 3 3 3 3 3 3 3 3 3 3 3 3 3 3 3 3 3 3 3 3 3 3 3 3 3 3 3 3 3 3 3 3 3 3 3 3 3 3 3 3 3 3 3 3 3 3 3 3 3 3 3 3 3 3 3 3 3 3 3 3 3 3 3 3 3 3 3 3 3 3 3 3 3 3 3 3 3 3 3 3 3 3 3 3 3 3 3 3 3 3 3 3 3 3 3 3 3 3 3 3 3 3 3 3 3 3 3 3 3 3 3 3 3 3 3 3 3 3 3 3 3 3 3 3 3 3 3 3 3 3 3 3 3 3 3 3 3 3 3 3 3 3 3 3 3 3 3 3 3 3 3 3 3 3 3 3 3 3 3 3 3 3 3 3 3 3 3 3 3 3 3 3 3 3 3 3 3 3 3 3 3 3 3 3 3 3 3 3 3 3 3 3 3 3 3 3 3 3 3 3 3 3 3 3 3 3 3 3 3 3 3 3 3 3 3 3 3 3 3 3 3 3 3 3 3 3 3 3 3 3 3 3 3 3 3 3 3 3 3 3 3 3 3 3 3 3 3 3 3 3 3 3 3 3 3 3 3 3 3 3 3 3 3 3 3 3 3 3 3 3 3 3 3 3 3 3 3 3 3 3 3 3 3 3 3 3 3 3 3 3 3 3 3 3 3 3 3 3 3 3 3 3 3 3 3 3 3 3 3 3 3 3 3 3 3 3 3 3 3 3 3 3 3 3 3 3 3 3 3 3 3 3 3 3 3 3 3 3 3 3 3 3 3 3 3 3 3 3 3 3 3 3 3 3 3 3 3 3 3 3 3 3 3 3 3 3 3 3 3 3 3 3 3 3 3 3 3 3 3 3 3 3 3 3 3 3 3 3 3 3 3 3 3 3 3 3 3 3 3 3 3 3 3 3 3 3 3 3 3 3 3 3 3 3 3 3 3 3 3 3 3 3 3 3 3 3 3 3 3 3 3 3 3 3 3 3 3 3 3 3 3 3 3 3 3 3 3 3 3 3 3 3 3 3 3 3 3 3 3 3 3 3 3 3 3 3 3 3 3 3 3 3 3 3 3 3 3 3 3 3 3 3 3 3 3 3 3 3 3 3 3 3 3 3 3 3 3 3 3 3 3 3 3 3 3 3 3 3 3 3 3 3 3 3 3 3 3 3 3 3 3 3 3 3 3 3 3 3 3 3 3 3 3 3 3 3 3 3 3 3 3 3 3 3 3 3 3 3 3 3 3 3 3 3 3 3 3 3 3 3 3 3 3 3 3 3 3 3 3 3 3 3 3 3 3 3 3 3 3 3 3 3 3 3 3 3 3 3 3 3 3 3 3 3 3 3 3 3 3 3 3 3 3 3 3 3 3 3 3 3 3 3 3 3 3 3 3 3 3 3 3 3 3 3 3 3 3 3 3 3 3 3 3 3 3 3 3 3 3 3 3 3 3 3 3 3 3 3 3 3 3 3 3 3 3 3 3 3 3 3 3 3 3 3 3 3 3 3 3 3 3 3 3 3 3 3 3 3 3 3 3 3 3 3 3 3 3 3 3 3 3 3 3 3 3 3 3 3 3 3 3 3 3 3 3 3 3 3 3 3 3 3 3 3 3 3 3 3 3 3 3 3 3 3 3 3 3 3 3 3 3 3 3 3 3 3 3 3 3 3 3 3 3 3 3 3 3 3 3 3 3 3 3 3 3 3 3 3 3 3 3 3 3 3 3 3 3 3 3 3 3 3 3 3 3 3 3 3 3 3 3 3 3 3 3 3 3 3 3 3 3 3 3 3 3 3 3 3 3 3 3 3 3 3 3 3 3 3 3 3 3 3 3 3 3 3 3 3 3 3 3 3 3 3 3 3 3 3 3 3 3 3 3 3 3 3 3 3 3 3 3 3 3 3 3 3 3 3 3 3 3 3 3 3 3 3 3 3 3 3 3 3 3 3 3 3 3 3 3 3 3 3 3 3 3 3 3 3 3 3 3 3 3 3 3 3 3 3 3 3 3 3 3 3 3 3 3 3 3 3 3 3 3 3 3 3 3 3 3 3 3 3 3 3 3 3 3 3 3 3 3 3 3 3 3 3 3 3 3 3 3 3 3 3 3 3 3 3 3 3 3 3 3 3 3 3 3 3 3 3 3 3 3 3 3 3 3 3 3 3 3 3 3 3 3 3 3 3 3 3 3 3 3 3 3 3 3 3 3 3 3 3 3 3 3 3 3 3 3 3 3 3 3 3 3 3 3 3 3 3 3 3 3 3 3 3 3 3 3 3 3 3 3 3 3 3 3 3 3 3 3 3 3 3 3 3 3 3 3 3 3 3 3 3 3 3 3 3 3 3 3 3 3 3 3 3 3 3 3 3 3 3 3 3 3 3 3 3 3 3 3 3 3 3 3 3 3 3 3 3 3 3 3 3 3 3 3 3 3 3 3 3 3 3 3 3 3 3 3 3 3 3 3 3 3 3 3 3 3 3 3 3 3 3 3 3 3 3 3 3 3 3 3 3 3 3 3 3 3 3 3 3 3 3 3 3 3 3 3 3 3 3 3 3 3 3 3 3 3 3 3 3 3 3 3 3 3 3 3 3 3 3 3 3 3 3 3 3 3 3 3 3 3 3 3 3 3 3 3 3 3 3 3 3 3 3 3 3 3 3 3 3 3 3 3 3 3 3 3 3 3 3 3 3 3 3 3 3 3 3 3 3 3 3 3 3 3 3 3 3 3 3 3 3 3 3 3 3 3 3 3 3 3 3 3 3 3 3 3 3 3 3 3 3 3 3 3 3 3 3 3 3 3 3 3 3 3 3 3 3 3 3 3 3 3 3 3 3 3 3 3 3 3 3 3 3 3 3 3 3 3 3 3 3 3 3 3 3 3 3 3 3 3 3 3 3 3 3 3 3 3 3 3 3 3 3 3 3 3 3 3 3 3 3 3 3 3 3 3 3 3 3 3 3 3 3 3 3 3 3 3 3 3 3 3 3 3 3 3 3 3 3 3 3 3 3 3 3 3 3 3 3 3 3 3 3 3 3 3 3 3 3 3 3 3 3 3 3 3 3 3 3 3 3 3 3 3 3 3 3 3 3 3 3 3 3 3 3 3 3 3 3 3 3 3 3 3 3 3 3 3 3 3 3 3 3 3 3 3 3 3 3 3 3 3 3 3 3 3 3 3 3 3 3 3 3 3 3 3 3 3 3 3 3 3 3 3 3 3 3 3 3 3 3 3 3 3 3 3 3 3 3 3 3 3 3 3 3 3 3 3 3 3 3 3 3 3 3 3 3 3 3 3 3 3 3 3 3 3 3 3 3 3 3 3 3 3 3 3 3 3 3 3 3 3 3 3 3 3 3 3 3 3 3 3 3 3 3 3 3 3 3 3 3 3 3 3 3 3 3 3 3 3 3 3 3 3 3 3 3 3 3 3 3 3 3 3 3 3 3 3 3 3 3 3 3 3 3 3 3 3 3 3 3 3 3 3 3 3 3 3 3 3 3 3 3 3 3 3 3 3 3 3 3 3 3 3 3 3 3 3 3 3 3 3 3 3 3 3 3 3 3 3 3 3 3 3 3 3 3 3 3 3 3 3 3 3 3 3 3 3 3 3 3 3 3 3 3 3 3 3 3 3 3 3 3 3 3 3 3 3 3 3 3 3 3 3 3 3 3 3 3 3 3 3 3 3 3 3 3 3 3 3 3 3 3 3 3 3 3 3 3 3 3 3 3 3 3 3 3 3 3 3 3 3 3 3 3 3 3 3 3 3 3 3 3 3 3 3 3 3 3 3 3 3 3 3 3 3 3 3 3 3 3 3 3 3 3 3 3 3 3 3 3 3 3 3 3 3 3 3 3 3 3 3 3 3 3 3 3 3 3 3 3 3 3 3 3 3 3 3 3 3 3 3 3 3 3 3 3 3 3 3 3 3 3 3 3 3 3 3 3 3 3 3 3 3 3 3 3 3 3 3 3 3 3 3 3 3 3 3 3 3 3 3 3 3 3 3 3 3 3 3 3 3 3 3 3 3 3 </vcount>
          <p>3 0 1 1 2 3 7 4 5 5 6 7 11 8 9 9 10 11 10 9 12 12 13 10 17 14 15 15 16 17 21 18 19 19 20 21 25 22 23 23 24 25 29 26 27 27 28 29 33 30 31 31 32 33 37 34 35 35 36 37 41 38 39 39 40 41 45 42 43 43 44 45 49 46 47 47 48 49 53 50 51 51 52 53 57 54 55 55 56 57 61 58 59 59 60 61 13 12 62 62 63 13 63 62 50 50 53 63 67 64 65 65 66 67 66 65 56 56 55 66 34 37 68 68 69 34 73 70 71 71 72 73 72 71 74 74 75 72 30 33 76 76 77 30 24 23 78 78 79 24 22 25 80 80 81 22 28 27 82 82 83 28 26 29 84 84 85 26 32 31 70 70 73 32 36 35 86 86 87 36 75 74 88 88 89 75 93 90 91 91 92 93 92 91 94 94 95 92 95 94 96 96 97 95 97 96 54 54 57 97 89 88 98 98 99 89 103 100 101 101 102 103 102 101 104 104 105 102 105 104 106 106 107 105 107 106 58 58 61 107 69 68 108 108 109 69 109 108 110 110 111 109 111 110 112 112 113 111 113 112 114 114 115 113 115 114 16 16 15 115 99 98 46 46 49 99 119 116 117 117 118 119 118 117 120 120 121 118 121 120 122 122 123 121 123 122 14 14 17 123 87 86 8 8 11 87 127 124 125 125 126 127 126 125 128 128 129 126 129 128 130 130 131 129 131 130 20 20 19 131 77 76 132 132 133 77 133 132 134 134 135 133 135 134 136 136 137 135 137 136 138 138 139 137 139 138 18 18 21 139 79 78 140 140 141 79 141 140 142 142 143 141 143 142 144 144 145 143 145 144 146 146 147 145 147 146 38 38 41 147 81 80 148 148 149 81 149 148 150 150 151 149 151 150 152 152 153 151 153 152 154 154 155 153 155 154 60 60 59 155 83 82 156 156 157 83 157 156 158 158 159 157 159 158 160 160 161 159 161 160 162 162 163 161 163 162 42 42 45 163 85 84 164 164 165 85 165 164 166 166 167 165 167 166 64 64 67 167 171 168 169 169 170 171 170 169 172 172 173 170 177 174 175 175 176 177 181 178 179 179 180 181 185 182 183 183 184 185 189 186 187 187 188 189 193 190 191 191 192 193 197 194 195 195 196 197 201 198 199 199 200 201 205 202 203 203 204 205 209 206 207 207 208 209 213 210 211 211 212 213 217 214 215 215 216 217 221 218 219 219 220 221 173 172 222 222 223 173 223 222 210 210 213 223 227 224 225 225 226 227 226 225 216 216 215 226 194 197 228 228 229 194 233 230 231 231 232 233 232 231 234 234 235 232 190 193 236 236 237 190 184 183 238 238 239 184 182 185 240 240 241 182 188 187 242 242 243 188 186 189 244 244 245 186 192 191 230 230 233 192 196 195 246 246 247 196 235 234 248 248 249 235 253 250 251 251 252 253 252 251 254 254 255 252 255 254 256 256 257 255 257 256 214 214 217 257 249 248 258 258 259 249 263 260 261 261 262 263 262 261 264 264 265 262 265 264 266 266 267 265 267 266 218 218 221 267 229 228 268 268 269 229 269 268 270 270 271 269 271 270 272 272 273 271 273 272 274 274 275 273 275 274 176 176 175 275 259 258 206 206 209 259 279 276 277 277 278 279 278 277 280 280 281 278 281 280 282 282 283 281 283 282 174 174 177 283 247 246 168 168 171 247 287 284 285 285 286 287 286 285 288 288 289 286 289 288 290 290 291 289 291 290 180 180 179 291 237 236 292 292 293 237 293 292 294 294 295 293 295 294 296 296 297 295 297 296 298 298 299 297 299 298 178 178 181 299 239 238 300 300 301 239 301 300 302 302 303 301 303 302 304 304 305 303 305 304 306 306 307 305 307 306 198 198 201 307 241 240 308 308 309 241 309 308 310 310 311 309 311 310 312 312 313 311 313 312 314 314 315 313 315 314 220 220 219 315 243 242 316 316 317 243 317 316 318 318 319 317 319 318 320 320 321 319 321 320 322 322 323 321 323 322 202 202 205 323 245 244 324 324 325 245 325 324 326 326 327 325 327 326 224 224 227 327 331 328 329 329 330 331 335 332 333 333 334 335 339 336 337 337 338 339 343 340 341 341 342 343 338 337 344 344 345 338 349 346 347 347 348 349 345 344 350 350 351 345 351 350 352 352 353 351 353 352 354 354 355 353 359 356 357 357 358 359 355 354 360 360 328 355 364 361 362 362 363 364 328 360 365 365 329 328 336 366 367 367 337 336 371 368 369 369 370 371 337 367 372 372 344 337 344 372 373 373 350 344 350 373 374 374 352 350 378 375 376 376 377 378 352 374 379 379 354 352 383 380 381 381 382 383 354 379 384 384 360 354 388 385 386 386 387 388 360 384 389 389 365 360 393 390 391 391 392 393 366 394 395 395 367 366 367 395 396 396 372 367 400 397 398 398 399 400 372 396 401 401 373 372 373 401 402 402 374 373 374 402 403 403 379 374 329 365 404 404 405 329 379 403 406 406 384 379 389 407 408 408 409 389 384 406 407 407 389 384 413 410 411 411 412 413 410 335 334 334 411 410 394 414 415 415 395 394 332 343 342 342 333 332 395 415 416 416 396 395 340 349 348 348 341 340 396 416 417 417 401 396 346 418 419 419 347 346 418 420 421 421 419 418 420 359 358 358 421 420 401 417 422 422 402 401 356 364 363 363 357 356 402 422 423 423 403 402 361 424 425 425 362 361 424 371 370 370 425 424 403 423 426 426 406 403 368 427 428 428 369 368 427 429 430 430 428 427 429 378 377 377 430 429 406 426 413 413 407 406 375 383 382 382 376 375 414 431 432 432 415 414 380 388 387 387 381 380 415 432 433 433 416 415 385 393 392 392 386 385 416 433 434 434 417 416 390 435 436 436 391 390 435 400 399 399 436 435 417 434 437 437 422 417 397 438 439 439 398 397 438 330 440 440 439 438 330 329 405 405 440 330 422 437 441 441 423 422 365 389 409 409 404 365 423 441 442 442 426 423 407 413 412 412 408 407 426 442 410 410 413 426 445 443 444 444 431 445 443 446 447 447 444 443 446 448 449 449 447 446 448 450 451 451 449 448 450 452 453 453 451 450 452 454 455 455 453 452 454 456 457 457 455 454 456 458 459 459 457 456 458 460 461 461 459 458 460 462 463 463 461 460 462 464 465 465 463 462 464 466 467 467 465 464 466 468 469 469 467 466 468 470 471 471 469 468 470 472 473 473 471 470 472 474 475 475 473 472 474 476 477 477 475 474 476 478 479 479 477 476 478 480 481 481 479 478 480 482 483 483 481 480 482 484 485 485 483 482 484 486 487 487 485 484 486 488 489 489 487 486 488 490 491 491 489 488 490 492 493 493 491 490 492 494 495 495 493 492 494 496 497 497 495 494 496 498 499 499 497 496 498 500 501 501 499 498 500 502 503 503 501 500 502 504 339 339 503 502 504 505 336 336 339 504 505 506 366 366 336 505 506 507 394 394 366 506 507 508 414 414 394 507 508 445 431 431 414 508 431 444 509 509 432 431 432 509 510 510 433 432 433 510 511 511 434 433 434 511 512 512 437 434 437 512 513 513 441 437 441 513 514 514 442 441 442 514 335 335 410 442 444 447 515 515 509 444 509 515 516 516 510 509 510 516 517 517 511 510 511 517 518 518 512 511 512 518 519 519 513 512 513 519 520 520 514 513 514 520 332 332 335 514 447 449 521 521 515 447 515 521 522 522 516 515 516 522 523 523 517 516 517 523 524 524 518 517 518 524 525 525 519 518 519 525 526 526 520 519 520 526 343 343 332 520 449 451 527 527 521 449 521 527 528 528 522 521 522 528 529 529 523 522 523 529 530 530 524 523 524 530 531 531 525 524 525 531 532 532 526 525 526 532 340 340 343 526 451 453 533 533 527 451 527 533 534 534 528 527 528 534 535 535 529 528 529 535 536 536 530 529 530 536 537 537 531 530 531 537 538 538 532 531 532 538 349 349 340 532 453 455 539 539 533 453 533 539 540 540 534 533 534 540 541 541 535 534 535 541 542 542 536 535 536 542 543 543 537 536 537 543 544 544 538 537 538 544 346 346 349 538 455 457 545 545 539 455 539 545 546 546 540 539 540 546 547 547 541 540 541 547 548 548 542 541 542 548 549 549 543 542 543 549 550 550 544 543 544 550 418 418 346 544 457 459 551 551 545 457 545 551 552 552 546 545 546 552 553 553 547 546 547 553 554 554 548 547 548 554 555 555 549 548 549 555 556 556 550 549 550 556 420 420 418 550 459 461 557 557 551 459 551 557 558 558 552 551 552 558 559 559 553 552 553 559 560 560 554 553 554 560 561 561 555 554 555 561 562 562 556 555 556 562 359 359 420 556 461 463 563 563 557 461 557 563 564 564 558 557 558 564 565 565 559 558 559 565 566 566 560 559 560 566 567 567 561 560 561 567 568 568 562 561 562 568 356 356 359 562 463 465 569 569 563 463 563 569 570 570 564 563 564 570 571 571 565 564 565 571 572 572 566 565 566 572 573 573 567 566 567 573 574 574 568 567 568 574 364 364 356 568 465 467 575 575 569 465 569 575 576 576 570 569 570 576 577 577 571 570 571 577 578 578 572 571 572 578 579 579 573 572 573 579 580 580 574 573 574 580 361 361 364 574 467 469 581 581 575 467 575 581 582 582 576 575 576 582 583 583 577 576 577 583 584 584 578 577 578 584 585 585 579 578 579 585 586 586 580 579 580 586 424 424 361 580 469 471 587 587 581 469 581 587 588 588 582 581 582 588 589 589 583 582 583 589 590 590 584 583 584 590 591 591 585 584 585 591 592 592 586 585 586 592 371 371 424 586 471 473 593 593 587 471 587 593 594 594 588 587 588 594 595 595 589 588 589 595 596 596 590 589 590 596 597 597 591 590 591 597 598 598 592 591 592 598 368 368 371 592 473 475 599 599 593 473 593 599 600 600 594 593 594 600 601 601 595 594 595 601 602 602 596 595 596 602 603 603 597 596 597 603 604 604 598 597 598 604 427 427 368 598 475 477 605 605 599 475 599 605 606 606 600 599 600 606 607 607 601 600 601 607 608 608 602 601 602 608 609 609 603 602 603 609 610 610 604 603 604 610 429 429 427 604 477 479 611 611 605 477 605 611 612 612 606 605 606 612 613 613 607 606 607 613 614 614 608 607 608 614 615 615 609 608 609 615 616 616 610 609 610 616 378 378 429 610 479 481 617 617 611 479 611 617 618 618 612 611 612 618 619 619 613 612 613 619 620 620 614 613 614 620 621 621 615 614 615 621 622 622 616 615 616 622 375 375 378 616 481 483 623 623 617 481 617 623 624 624 618 617 618 624 625 625 619 618 619 625 626 626 620 619 620 626 627 627 621 620 621 627 628 628 622 621 622 628 383 383 375 622 483 485 629 629 623 483 623 629 630 630 624 623 624 630 631 631 625 624 625 631 632 632 626 625 626 632 633 633 627 626 627 633 634 634 628 627 628 634 380 380 383 628 485 487 635 635 629 485 629 635 636 636 630 629 630 636 637 637 631 630 631 637 638 638 632 631 632 638 639 639 633 632 633 639 640 640 634 633 634 640 388 388 380 634 487 489 641 641 635 487 635 641 642 642 636 635 636 642 643 643 637 636 637 643 644 644 638 637 638 644 645 645 639 638 639 645 646 646 640 639 640 646 385 385 388 640 489 491 647 647 641 489 641 647 648 648 642 641 642 648 649 649 643 642 643 649 650 650 644 643 644 650 651 651 645 644 645 651 652 652 646 645 646 652 393 393 385 646 491 493 653 653 647 491 647 653 654 654 648 647 648 654 655 655 649 648 649 655 656 656 650 649 650 656 657 657 651 650 651 657 658 658 652 651 652 658 390 390 393 652 493 495 659 659 653 493 653 659 660 660 654 653 654 660 661 661 655 654 655 661 662 662 656 655 656 662 663 663 657 656 657 663 664 664 658 657 658 664 435 435 390 658 495 497 665 665 659 495 659 665 666 666 660 659 660 666 667 667 661 660 661 667 668 668 662 661 662 668 669 669 663 662 663 669 670 670 664 663 664 670 400 400 435 664 497 499 671 671 665 497 665 671 672 672 666 665 666 672 673 673 667 666 667 673 674 674 668 667 668 674 675 675 669 668 669 675 676 676 670 669 670 676 397 397 400 670 499 501 677 677 671 499 671 677 678 678 672 671 672 678 679 679 673 672 673 679 680 680 674 673 674 680 681 681 675 674 675 681 682 682 676 675 676 682 438 438 397 676 501 503 683 683 677 501 677 683 684 684 678 677 678 684 685 685 679 678 679 685 686 686 680 679 680 686 687 687 681 680 681 687 331 331 682 681 682 331 330 330 438 682 503 339 338 338 683 503 683 338 345 345 684 683 684 345 351 351 685 684 685 351 353 353 686 685 686 353 355 355 687 686 687 355 328 328 331 687 691 688 689 689 690 691 695 692 693 693 694 695 688 696 697 697 689 688 699 695 694 694 698 699 696 700 701 701 697 696 703 699 698 698 702 703 700 704 705 705 701 700 707 703 702 702 706 707 704 708 709 709 705 704 711 707 706 706 710 711 708 712 713 713 709 708 715 711 710 710 714 715 712 716 717 717 713 712 719 715 714 714 718 719 716 720 721 721 717 716 723 719 718 718 722 723 720 724 725 725 721 720 727 723 722 722 726 727 724 728 729 729 725 724 731 727 726 726 730 731 728 732 733 733 729 728 735 731 730 730 734 735 732 736 737 737 733 732 739 735 734 734 738 739 736 740 741 741 737 736 743 739 738 738 742 743 740 744 745 745 741 740 747 743 742 742 746 747 744 748 749 749 745 744 751 747 746 746 750 751 748 752 753 753 749 748 755 751 750 750 754 755 752 756 757 757 753 752 759 755 754 754 758 759 756 760 761 761 757 756 763 759 758 758 762 763 688 691 764 764 765 688 700 696 766 766 767 700 708 704 768 768 769 708 724 720 770 770 771 724 732 728 772 772 773 732 744 740 774 774 775 744 760 756 776 776 777 760 781 778 779 779 780 781 785 782 783 783 784 785 789 786 787 787 788 789 793 790 791 791 792 793 797 794 795 795 796 797 801 798 799 799 800 801 805 802 803 803 804 805 691 805 804 804 764 691 696 688 765 765 766 696 704 700 767 767 768 704 712 708 769 769 806 712 716 712 806 806 807 716 720 716 807 807 770 720 728 724 771 771 772 728 736 732 773 773 808 736 740 736 808 808 774 740 748 744 775 775 809 748 752 748 809 809 810 752 756 752 810 810 776 756 778 760 777 777 779 778 782 781 780 780 783 782 786 785 784 784 787 786 812 789 788 788 811 812 790 812 811 811 791 790 814 793 792 792 813 814 816 814 813 813 815 816 794 816 815 815 795 794 798 797 796 796 799 798 802 801 800 800 803 802 765 764 817 817 818 765 818 817 819 819 820 818 820 819 821 821 822 820 822 821 823 823 824 822 824 823 334 334 333 824 767 766 825 825 826 767 826 825 827 827 828 826 828 827 829 829 830 828 830 829 831 831 832 830 832 831 342 342 341 832 769 768 833 833 834 769 834 833 835 835 836 834 836 835 837 837 838 836 838 837 839 839 840 838 840 839 348 348 347 840 771 770 841 841 842 771 842 841 843 843 844 842 844 843 845 845 846 844 846 845 847 847 848 846 848 847 358 358 357 848 773 772 849 849 850 773 850 849 851 851 852 850 852 851 853 853 854 852 854 853 855 855 856 854 856 855 363 363 362 856 775 774 857 857 858 775 858 857 859 859 860 858 860 859 861 861 862 860 862 861 863 863 864 862 864 863 370 370 369 864 777 776 865 865 866 777 866 865 867 867 868 866 868 867 869 869 870 868 870 869 871 871 872 870 872 871 377 377 376 872 780 779 873 873 874 780 874 873 875 875 876 874 876 875 877 877 878 876 878 877 879 879 880 878 880 879 382 382 381 880 784 783 881 881 882 784 882 881 883 883 884 882 884 883 885 885 886 884 886 885 887 887 888 886 888 887 387 387 386 888 788 787 889 889 890 788 890 889 891 891 892 890 892 891 893 893 894 892 894 893 895 895 896 894 896 895 392 392 391 896 792 791 897 897 898 792 898 897 899 899 900 898 900 899 901 901 902 900 902 901 903 903 904 902 904 903 399 399 398 904 796 795 905 905 906 796 906 905 907 907 908 906 908 907 909 909 910 908 910 909 911 911 912 910 912 911 405 405 404 912 800 799 913 913 914 800 914 913 915 915 916 914 916 915 917 917 918 916 918 917 919 919 920 918 920 919 409 409 408 920 804 803 921 921 922 804 922 921 923 923 924 922 924 923 925 925 926 924 926 925 927 927 928 926 928 927 412 412 411 928 764 804 922 922 817 764 817 922 924 924 819 817 819 924 926 926 821 819 821 926 928 928 823 821 823 928 411 411 334 823 766 765 818 818 825 766 825 818 820 820 827 825 827 820 822 822 829 827 829 822 824 824 831 829 831 824 333 333 342 831 768 767 826 826 833 768 833 826 828 828 835 833 835 828 830 830 837 835 837 830 832 832 839 837 839 832 341 341 348 839 806 769 834 834 929 806 929 834 836 836 930 929 930 836 838 838 931 930 931 838 840 840 932 931 932 840 347 347 419 932 807 806 929 929 933 807 933 929 930 930 934 933 934 930 931 931 935 934 935 931 932 932 936 935 936 932 419 419 421 936 770 807 933 933 841 770 841 933 934 934 843 841 843 934 935 935 845 843 845 935 936 936 847 845 847 936 421 421 358 847 772 771 842 842 849 772 849 842 844 844 851 849 851 844 846 846 853 851 853 846 848 848 855 853 855 848 357 357 363 855 808 773 850 850 937 808 937 850 852 852 938 937 938 852 854 854 939 938 939 854 856 856 940 939 940 856 362 362 425 940 774 808 937 937 857 774 857 937 938 938 859 857 859 938 939 939 861 859 861 939 940 940 863 861 863 940 425 425 370 863 809 775 858 858 941 809 941 858 860 860 942 941 942 860 862 862 943 942 943 862 864 864 944 943 944 864 369 369 428 944 810 809 941 941 945 810 945 941 942 942 946 945 946 942 943 943 947 946 947 943 944 944 948 947 948 944 428 428 430 948 776 810 945 945 865 776 865 945 946 946 867 865 867 946 947 947 869 867 869 947 948 948 871 869 871 948 430 430 377 871 779 777 866 866 873 779 873 866 868 868 875 873 875 868 870 870 877 875 877 870 872 872 879 877 879 872 376 376 382 879 783 780 874 874 881 783 881 874 876 876 883 881 883 876 878 878 885 883 885 878 880 880 887 885 887 880 381 381 387 887 787 784 882 882 889 787 889 882 884 884 891 889 891 884 886 886 893 891 893 886 888 888 895 893 895 888 386 386 392 895 811 788 890 890 949 811 949 890 892 892 950 949 950 892 894 894 951 950 951 894 896 896 952 951 952 896 391 391 436 952 791 811 949 949 897 791 897 949 950 950 899 897 899 950 951 951 901 899 901 951 952 952 903 901 903 952 436 436 399 903 813 792 898 898 953 813 953 898 900 900 954 953 954 900 902 902 955 954 955 902 904 904 956 955 956 904 398 398 439 956 815 813 953 953 957 815 957 953 954 954 958 957 958 954 955 955 959 958 959 955 956 956 960 959 960 956 439 439 440 960 795 815 957 957 905 795 905 957 958 958 907 905 907 958 959 959 909 907 909 959 960 960 911 909 911 960 440 440 405 911 799 796 906 906 913 799 913 906 908 908 915 913 915 908 910 910 917 915 917 910 912 912 919 917 919 912 404 404 409 919 803 800 914 914 921 803 921 914 916 916 923 921 923 916 918 918 925 923 925 918 920 920 927 925 927 920 408 408 412 927 692 961 962 962 693 692 690 963 805 805 691 690 961 964 965 965 962 961 963 966 802 802 805 963 964 967 968 968 965 964 966 969 801 801 802 966 967 970 971 971 968 967 969 972 798 798 801 969 970 973 974 974 971 970 972 975 797 797 798 972 973 976 977 977 974 973 975 978 794 794 797 975 976 979 980 980 977 976 978 981 816 816 794 978 979 982 983 983 980 979 981 984 814 814 816 981 982 985 986 986 983 982 984 987 793 793 814 984 985 988 989 989 986 985 987 990 790 790 793 987 988 991 992 992 989 988 990 993 812 812 790 990 991 994 995 995 992 991 993 996 789 789 812 993 994 997 998 998 995 994 996 999 786 786 789 996 997 1000 1001 1001 998 997 999 1002 785 785 786 999 1000 1003 1004 1004 1001 1000 1002 1005 782 782 785 1002 1003 1006 1007 1007 1004 1003 1005 1008 781 781 782 1005 1006 1009 1010 1010 1007 1006 1008 1011 778 778 781 1008 1009 763 762 762 1010 1009 1011 761 760 760 778 1011 1015 1012 1013 1013 1014 1015 1017 1015 1014 1014 1016 1017 1019 1017 1016 1016 1018 1019 1021 1019 1018 1018 1020 1021 1023 1021 1020 1020 1022 1023 1025 1023 1022 1022 1024 1025 1027 1025 1024 1024 1026 1027 1029 1027 1026 1026 1028 1029 1031 1029 1028 1028 1030 1031 1033 1031 1030 1030 1032 1033 1035 1033 1032 1032 1034 1035 1037 1035 1034 1034 1036 1037 1039 1037 1036 1036 1038 1039 1041 1039 1038 1038 1040 1041 1043 1041 1040 1040 1042 1043 1045 1043 1042 1042 1044 1045 1047 1045 1044 1044 1046 1047 1049 1047 1046 1046 1048 1049 1012 1050 1051 1051 1013 1012 1050 1052 1053 1053 1051 1050 1052 1054 1055 1055 1053 1052 1054 1056 1057 1057 1055 1054 1056 1058 1059 1059 1057 1056 1058 1060 1061 1061 1059 1058 1060 1062 1063 1063 1061 1060 1062 1064 1065 1065 1063 1062 1064 1066 1067 1067 1065 1064 1066 1068 1069 1069 1067 1066 1068 1070 1071 1071 1069 1068 1070 1072 1073 1073 1071 1070 1072 1074 1075 1075 1073 1072 1074 1076 1077 1077 1075 1074 1076 1078 1079 1079 1077 1076 1078 1080 1081 1081 1079 1078 1080 1082 1083 1083 1081 1080 1082 1049 1048 1048 1083 1082 1084 1085 1086 1086 1085 1087 1088 1085 1084 1087 1085 1089 1090 1085 1088 1089 1085 1091 1092 1085 1090 1091 1085 1093 1094 1085 1092 1093 1085 1095 1096 1085 1094 1095 1085 1097 1098 1085 1096 1097 1085 1099 1100 1085 1098 1099 1085 1101 1102 1085 1100 1101 1085 1103 1104 1085 1102 1103 1085 1105 1106 1085 1104 1105 1085 1107 1108 1085 1106 1107 1085 1109 1110 1085 1108 1109 1085 1111 1112 1085 1110 1111 1085 1113 1114 1085 1112 1113 1085 1115 1116 1085 1114 1115 1085 1117 1118 1085 1116 1117 1085 1119 1120 1085 1118 1119 1085 1120 1124 1121 1122 1122 1123 1124 1128 1125 1126 1126 1127 1128 1130 1126 1125 1125 1129 1130 1134 1131 1132 1132 1133 1134 1137 1135 1124 1124 1136 1137 1141 1138 1139 1139 1140 1141 1145 1142 1143 1143 1144 1145 1149 1146 1147 1147 1148 1149 1153 1150 1151 1151 1152 1153 1157 1154 1155 1155 1156 1157 1160 1158 1159 1159 1121 1160 1163 1161 1162 1162 1142 1163 1165 1145 1144 1144 1164 1165 1167 1134 1133 1133 1166 1167 1171 1168 1169 1169 1170 1171 1175 1172 1173 1173 1174 1175 1179 1176 1177 1177 1178 1179 1181 1165 1164 1164 1180 1181 1159 1182 1157 1157 1183 1159 1187 1184 1185 1185 1186 1187 1190 1129 1188 1188 1189 1190 1194 1191 1192 1192 1193 1194 1198 1195 1196 1196 1197 1198 1184 1187 1199 1199 1200 1184 1202 1190 1189 1189 1201 1202 1204 1202 1201 1201 1203 1204 1206 1204 1203 1203 1205 1206 1207 1208 1209 1213 1210 1211 1211 1212 1213 1215 1213 1212 1212 1214 1215 1152 1215 1214 1214 1153 1152 1217 1194 1193 1193 1216 1217 1220 1218 1217 1217 1219 1220 1223 1219 1221 1221 1222 1223 1224 1225 1226 1230 1227 1228 1228 1229 1230 1233 1228 1231 1231 1232 1233 1234 1233 1151 1151 1150 1234 1197 1196 1235 1235 1236 1197 1236 1235 1237 1237 1238 1236 1238 1237 1239 1239 1240 1238 1244 1241 1242 1242 1243 1244 1243 1242 1245 1245 1231 1243 1231 1245 1246 1246 1232 1231 1232 1246 1247 1247 1248 1232 1200 1199 1249 1249 1250 1200 1250 1249 1251 1251 1252 1250 1252 1251 1253 1253 1254 1252 1208 1226 1225 1225 1209 1208 1211 1230 1229 1229 1212 1211 1212 1229 1234 1234 1214 1212 1214 1234 1150 1150 1153 1214 1195 1198 1255 1255 1256 1195 1198 1257 1258 1258 1255 1198 1257 1259 1260 1260 1258 1257 1259 1195 1256 1256 1260 1259 1256 1255 1168 1168 1171 1256 1255 1258 1169 1169 1168 1255 1258 1260 1170 1170 1169 1258 1260 1256 1171 1171 1170 1260 1264 1261 1262 1262 1263 1264 1261 1265 1266 1266 1262 1261 1265 1267 1268 1268 1266 1265 1267 1269 1270 1270 1268 1267 1269 1271 1272 1272 1270 1269 1271 1273 1274 1274 1272 1271 1273 1275 1276 1276 1274 1273 1275 1277 1278 1278 1276 1275 1277 1279 1280 1280 1278 1277 1279 1281 1282 1282 1280 1279 1281 1283 1284 1284 1282 1281 1283 1285 1286 1286 1284 1283 1285 1287 1288 1288 1286 1285 1287 1289 1290 1290 1288 1287 1289 1291 1292 1292 1290 1289 1291 1264 1263 1263 1292 1291 1263 1262 1293 1293 1294 1263 1262 1266 1295 1295 1293 1262 1266 1268 1296 1296 1295 1266 1268 1270 1297 1297 1296 1268 1270 1272 1298 1298 1297 1270 1272 1274 1299 1299 1298 1272 1274 1276 1300 1300 1299 1274 1276 1278 1301 1301 1300 1276 1278 1280 1302 1302 1301 1278 1280 1282 1303 1303 1302 1280 1282 1284 1304 1304 1303 1282 1284 1286 1305 1305 1304 1284 1286 1288 1306 1306 1305 1286 1288 1290 1307 1307 1306 1288 1290 1292 1308 1308 1307 1290 1292 1263 1294 1294 1308 1292 1121 1124 1135 1135 1160 1121 1125 1128 1309 1309 1310 1125 1129 1125 1310 1310 1188 1129 1191 1311 1312 1312 1192 1191 1136 1124 1123 1123 1313 1136 1178 1162 1161 1161 1179 1178 1142 1145 1314 1314 1163 1142 1318 1315 1316 1316 1317 1318 1174 1182 1319 1319 1175 1174 1122 1183 1320 1320 1321 1122 1143 1141 1140 1140 1322 1143 1145 1165 1323 1323 1314 1145 1311 1324 1325 1325 1312 1311 1154 1326 1327 1327 1155 1154 1138 1328 1329 1329 1139 1138 1165 1181 1330 1330 1323 1165 1182 1159 1158 1158 1319 1182 1129 1190 1331 1331 1130 1129 1131 1332 1333 1333 1132 1131 1331 1334 1335 1335 1336 1331 1334 1337 1338 1338 1335 1334 1204 1206 1339 1339 1337 1204 1340 1210 1242 1242 1241 1340 1123 1122 1321 1321 1341 1123 1332 1218 1342 1342 1333 1332 1218 1220 1343 1343 1342 1218 1220 1344 1345 1345 1343 1220 1227 1346 1244 1244 1243 1227 1127 1126 1347 1347 1348 1127 1209 1225 1230 1230 1211 1209 1126 1130 1349 1349 1347 1126 1138 1141 1162 1162 1178 1138 1144 1143 1322 1322 1350 1144 1146 1149 1315 1315 1318 1146 1152 1151 1248 1248 1247 1152 1154 1157 1182 1182 1174 1154 1164 1144 1350 1350 1351 1164 1180 1164 1351 1351 1352 1180 1183 1157 1156 1156 1320 1183 1191 1194 1332 1332 1131 1191 1210 1213 1245 1245 1242 1210 1213 1215 1246 1246 1245 1213 1215 1152 1247 1247 1246 1215 1194 1217 1218 1218 1332 1194 1219 1217 1216 1216 1221 1219 1219 1223 1344 1344 1220 1219 1228 1227 1243 1243 1231 1228 1228 1233 1234 1234 1229 1228 1151 1233 1232 1232 1248 1151 1311 1191 1131 1131 1134 1311 1313 1123 1341 1341 1353 1313 1183 1122 1121 1121 1159 1183 1141 1143 1142 1142 1162 1141 1324 1311 1134 1134 1167 1324 1326 1154 1174 1174 1173 1326 1328 1138 1178 1178 1177 1328 1130 1331 1336 1336 1349 1130 1334 1331 1190 1190 1202 1334 1337 1334 1202 1202 1204 1337 1337 1339 1354 1354 1338 1337 1358 1355 1356 1356 1357 1358 1362 1359 1360 1360 1361 1362 1366 1363 1364 1364 1365 1366 1370 1367 1368 1368 1369 1370 1374 1371 1372 1372 1373 1374 1376 1367 1370 1370 1375 1376 1379 1368 1377 1377 1378 1379 1378 1380 1381 1381 1379 1378 1385 1382 1383 1383 1384 1385 1389 1386 1387 1387 1388 1389 1393 1390 1391 1391 1392 1393 1360 1394 1395 1395 1361 1360 1398 1396 1397 1397 1394 1398 1386 1399 1363 1363 1387 1386 1400 1383 1393 1393 1392 1400 1404 1401 1402 1402 1403 1404 1408 1405 1406 1406 1407 1408 1412 1409 1410 1410 1411 1412 1416 1413 1414 1414 1415 1416 1420 1417 1418 1418 1419 1420 1413 1421 1422 1422 1414 1413 1417 1423 1424 1424 1418 1417 1426 1404 1403 1403 1425 1426 1409 1427 1428 1428 1410 1409 1427 1420 1419 1419 1428 1427 1432 1429 1430 1430 1431 1432 1429 1416 1415 1415 1430 1429 1436 1433 1434 1434 1435 1436 1423 1408 1407 1407 1424 1423 1433 1426 1425 1425 1434 1433 1403 1402 1437 1437 1438 1403 1438 1437 1439 1439 1440 1438 1440 1439 1441 1441 1442 1440 1442 1441 1443 1443 1444 1442 1444 1443 1445 1445 1446 1444 1446 1445 1447 1447 1448 1446 1448 1447 1449 1449 1450 1448 1407 1406 1451 1451 1452 1407 1452 1451 1453 1453 1454 1452 1454 1453 1455 1455 1456 1454 1456 1455 1457 1457 1458 1456 1458 1457 1459 1459 1460 1458 1460 1459 1461 1461 1462 1460 1462 1461 1463 1463 1464 1462 1411 1410 1465 1465 1466 1411 1466 1465 1467 1467 1468 1466 1468 1467 1469 1469 1470 1468 1470 1469 1471 1471 1472 1470 1472 1471 1473 1473 1474 1472 1474 1473 1475 1475 1476 1474 1476 1475 1477 1477 1478 1476 1415 1414 1479 1479 1480 1415 1480 1479 1481 1481 1482 1480 1482 1481 1483 1483 1484 1482 1484 1483 1485 1485 1486 1484 1486 1485 1487 1487 1488 1486 1488 1487 1489 1489 1490 1488 1490 1489 1491 1491 1492 1490 1419 1418 1493 1493 1494 1419 1494 1493 1495 1495 1496 1494 1496 1495 1497 1497 1498 1496 1498 1497 1499 1499 1500 1498 1500 1499 1501 1501 1502 1500 1502 1501 1503 1503 1504 1502 1504 1503 1505 1505 1506 1504 1414 1422 1507 1507 1479 1414 1479 1507 1508 1508 1481 1479 1481 1508 1509 1509 1483 1481 1483 1509 1510 1510 1485 1483 1485 1510 1511 1511 1487 1485 1487 1511 1512 1512 1489 1487 1489 1512 1513 1513 1491 1489 1418 1424 1514 1514 1493 1418 1493 1514 1515 1515 1495 1493 1495 1515 1516 1516 1497 1495 1497 1516 1517 1517 1499 1497 1499 1517 1518 1518 1501 1499 1501 1518 1519 1519 1503 1501 1503 1519 1520 1520 1505 1503 1425 1403 1438 1438 1521 1425 1521 1438 1440 1440 1522 1521 1522 1440 1442 1442 1523 1522 1523 1442 1444 1444 1524 1523 1524 1444 1446 1446 1525 1524 1525 1446 1448 1448 1526 1525 1526 1448 1450 1450 1527 1526 1410 1428 1528 1528 1465 1410 1465 1528 1529 1529 1467 1465 1467 1529 1530 1530 1469 1467 1469 1530 1531 1531 1471 1469 1471 1531 1532 1532 1473 1471 1473 1532 1533 1533 1475 1473 1475 1533 1534 1534 1477 1475 1428 1419 1494 1494 1528 1428 1528 1494 1496 1496 1529 1528 1529 1496 1498 1498 1530 1529 1530 1498 1500 1500 1531 1530 1531 1500 1502 1502 1532 1531 1532 1502 1504 1504 1533 1532 1533 1504 1506 1506 1534 1533 1431 1430 1535 1535 1536 1431 1536 1535 1537 1537 1538 1536 1538 1537 1539 1539 1540 1538 1540 1539 1541 1541 1542 1540 1542 1541 1543 1543 1544 1542 1544 1543 1545 1545 1546 1544 1546 1545 1547 1547 1548 1546 1430 1415 1480 1480 1535 1430 1535 1480 1482 1482 1537 1535 1537 1482 1484 1484 1539 1537 1539 1484 1486 1486 1541 1539 1541 1486 1488 1488 1543 1541 1543 1488 1490 1490 1545 1543 1545 1490 1492 1492 1547 1545 1435 1434 1549 1549 1550 1435 1550 1549 1551 1551 1552 1550 1552 1551 1553 1553 1554 1552 1554 1553 1555 1555 1556 1554 1556 1555 1557 1557 1558 1556 1558 1557 1559 1559 1560 1558 1560 1559 1561 1561 1562 1560 1424 1407 1452 1452 1514 1424 1514 1452 1454 1454 1515 1514 1515 1454 1456 1456 1516 1515 1516 1456 1458 1458 1517 1516 1517 1458 1460 1460 1518 1517 1518 1460 1462 1462 1519 1518 1519 1462 1464 1464 1520 1519 1434 1425 1521 1521 1549 1434 1549 1521 1522 1522 1551 1549 1551 1522 1523 1523 1553 1551 1553 1523 1524 1524 1555 1553 1555 1524 1525 1525 1557 1555 1557 1525 1526 1526 1559 1557 1559 1526 1527 1527 1561 1559 1563 1564 1565 1569 1566 1567 1567 1568 1569 1566 1570 1571 1571 1567 1566 1570 1572 1573 1573 1571 1570 1572 1574 1575 1575 1573 1572 1574 1576 1577 1577 1575 1574 1576 1578 1579 1579 1577 1576 1578 1580 1581 1581 1579 1578 1580 1582 1583 1583 1581 1580 1582 1584 1585 1585 1583 1582 1584 1586 1587 1587 1585 1584 1586 1588 1589 1589 1587 1586 1588 1590 1591 1591 1589 1588 1590 1592 1593 1593 1591 1590 1592 1594 1595 1595 1593 1592 1594 1596 1597 1597 1595 1594 1596 1598 1599 1599 1597 1596 1598 1600 1601 1601 1599 1598 1602 1603 1604 1355 1358 1605 1605 1606 1355 1360 1359 1607 1607 1608 1360 1364 1363 1399 1399 1609 1364 1368 1367 1610 1610 1377 1368 1371 1374 1611 1611 1612 1371 1367 1376 1613 1613 1610 1367 1368 1379 1614 1614 1369 1368 1379 1381 1615 1615 1614 1379 1384 1383 1400 1400 1616 1384 1388 1387 1617 1617 1618 1388 1390 1393 1619 1619 1620 1390 1394 1360 1608 1608 1398 1394 1394 1397 1621 1621 1395 1394 1387 1363 1366 1366 1617 1387 1393 1383 1382 1382 1619 1393 1625 1622 1623 1623 1624 1625 1629 1626 1627 1627 1628 1629 1633 1630 1631 1631 1632 1633 1637 1634 1635 1635 1636 1637 1640 1627 1638 1638 1639 1640 1644 1641 1642 1642 1643 1644 1637 1645 1646 1646 1647 1637 1650 1632 1648 1648 1649 1650 1631 1651 1652 1652 1653 1631 1657 1654 1655 1655 1656 1657 1661 1658 1659 1659 1660 1661 1657 1662 1663 1663 1654 1657 1657 1656 1664 1664 1662 1657 1656 1655 1665 1665 1666 1656 1655 1654 1667 1667 1668 1655 1668 1667 1669 1669 1670 1668 1670 1669 1671 1671 1672 1670 1666 1665 1673 1673 1674 1666 1665 1655 1668 1668 1675 1665 1675 1668 1670 1670 1676 1675 1676 1670 1672 1672 1677 1676 1674 1673 1678 1678 1679 1674 1673 1665 1675 1675 1680 1673 1680 1675 1676 1676 1681 1680 1681 1676 1677 1677 1682 1681 1678 1673 1680 1680 1683 1678 1683 1680 1681 1681 1643 1683 1643 1681 1682 1682 1644 1643 1654 1663 1684 1684 1667 1654 1688 1685 1686 1686 1687 1688 1687 1686 1689 1689 1690 1687 1690 1689 1691 1691 1692 1690 1667 1684 1693 1693 1669 1667 1695 1688 1687 1687 1694 1695 1694 1687 1690 1690 1696 1694 1696 1690 1692 1692 1697 1696 1669 1693 1698 1698 1671 1669 1700 1695 1694 1694 1699 1700 1699 1694 1696 1696 1701 1699 1701 1696 1697 1697 1702 1701 1704 1700 1699 1699 1703 1704 1703 1699 1701 1701 1639 1703 1639 1701 1702 1702 1640 1639 1662 1664 1705 1705 1706 1662 1664 1656 1666 1666 1707 1664 1707 1666 1674 1674 1708 1707 1708 1674 1679 1679 1709 1708 1706 1705 1710 1710 1711 1706 1705 1664 1707 1707 1712 1705 1712 1707 1708 1708 1713 1712 1713 1708 1709 1709 1714 1713 1711 1710 1715 1715 1716 1711 1710 1705 1712 1712 1717 1710 1717 1712 1713 1713 1718 1717 1718 1713 1714 1714 1719 1718 1715 1710 1717 1717 1720 1715 1720 1717 1718 1718 1721 1720 1721 1718 1719 1719 1722 1721 1726 1723 1724 1724 1725 1726 1726 1727 1728 1728 1723 1726 1660 1659 1729 1729 1730 1660 1659 1658 1731 1731 1732 1659 1732 1731 1733 1733 1734 1732 1734 1733 1735 1735 1736 1734 1730 1729 1737 1737 1738 1730 1729 1659 1732 1732 1739 1729 1739 1732 1734 1734 1740 1739 1740 1734 1736 1736 1741 1740 1738 1737 1742 1742 1743 1738 1737 1729 1739 1739 1744 1737 1744 1739 1740 1740 1745 1744 1745 1740 1741 1741 1646 1745 1742 1737 1744 1744 1746 1742 1746 1744 1745 1745 1747 1746 1747 1745 1646 1646 1645 1747 1725 1724 1748 1748 1749 1725 1724 1723 1750 1750 1751 1724 1751 1750 1752 1752 1753 1751 1753 1752 1754 1754 1755 1753 1749 1748 1756 1756 1757 1749 1748 1724 1751 1751 1758 1748 1758 1751 1753 1753 1759 1758 1759 1753 1755 1755 1760 1759 1757 1756 1761 1761 1762 1757 1756 1748 1758 1758 1763 1756 1763 1758 1759 1759 1764 1763 1764 1759 1760 1760 1642 1764 1761 1756 1763 1763 1765 1761 1765 1763 1764 1764 1766 1765 1766 1764 1642 1642 1641 1766 1723 1728 1767 1767 1750 1723 1728 1727 1768 1768 1769 1728 1769 1768 1770 1770 1771 1769 1771 1770 1772 1772 1773 1771 1750 1767 1774 1774 1752 1750 1767 1728 1769 1769 1775 1767 1775 1769 1771 1771 1776 1775 1776 1771 1773 1773 1777 1776 1752 1774 1778 1778 1754 1752 1774 1767 1775 1775 1779 1774 1779 1775 1776 1776 1780 1779 1780 1776 1777 1777 1781 1780 1778 1774 1779 1779 1782 1778 1782 1779 1780 1780 1783 1782 1783 1780 1781 1781 1784 1783 1639 1638 1785 1785 1703 1639 1703 1785 1786 1786 1704 1703 1698 1787 1788 1788 1671 1698 1671 1788 1789 1789 1672 1671 1672 1789 1790 1790 1677 1672 1677 1790 1791 1791 1682 1677 1682 1791 1625 1625 1644 1682 1643 1642 1760 1760 1683 1643 1683 1760 1755 1755 1678 1683 1678 1755 1754 1754 1679 1678 1679 1754 1778 1778 1709 1679 1709 1778 1782 1782 1714 1709 1714 1782 1783 1783 1719 1714 1719 1783 1784 1784 1722 1719 1647 1646 1741 1741 1792 1647 1792 1741 1736 1736 1793 1792 1793 1736 1735 1735 1794 1793 1796 1762 1761 1761 1795 1796 1795 1761 1765 1765 1797 1795 1797 1765 1766 1766 1798 1797 1798 1766 1641 1641 1622 1798 1649 1648 1799 1799 1800 1649 1800 1799 1801 1801 1802 1800 1802 1801 1803 1803 1691 1802 1691 1803 1804 1804 1692 1691 1692 1804 1805 1805 1697 1692 1697 1805 1806 1806 1702 1697 1702 1806 1629 1629 1640 1702 1653 1652 1807 1807 1808 1653 1808 1807 1809 1809 1810 1808 1810 1809 1743 1743 1811 1810 1811 1743 1742 1742 1812 1811 1812 1742 1746 1746 1813 1812 1813 1746 1747 1747 1814 1813 1814 1747 1645 1645 1635 1814 1626 1629 1815 1815 1816 1626 1629 1806 1817 1817 1815 1629 1806 1805 1818 1818 1817 1806 1805 1804 1819 1819 1818 1805 1804 1803 1820 1820 1819 1804 1803 1801 1821 1821 1822 1803 1801 1799 1823 1823 1821 1801 1799 1648 1824 1824 1823 1799 1648 1632 1825 1825 1824 1648 1632 1631 1826 1826 1825 1632 1631 1653 1827 1827 1826 1631 1653 1808 1828 1828 1827 1653 1808 1810 1829 1829 1828 1808 1810 1811 1830 1830 1829 1810 1811 1812 1831 1831 1832 1811 1812 1813 1833 1833 1831 1812 1813 1814 1834 1834 1833 1813 1814 1635 1835 1835 1834 1814 1635 1634 1836 1836 1835 1635 1622 1625 1837 1837 1838 1622 1798 1622 1838 1838 1839 1798 1625 1791 1840 1840 1837 1625 1797 1798 1839 1839 1841 1797 1791 1790 1842 1842 1840 1791 1795 1797 1841 1841 1843 1795 1790 1789 1844 1844 1842 1790 1796 1795 1843 1843 1845 1796 1789 1788 1846 1846 1844 1789 1793 1794 1847 1847 1848 1793 1788 1787 1849 1849 1846 1788 1792 1793 1848 1848 1850 1792 1786 1785 1851 1851 1852 1786 1647 1792 1850 1850 1853 1647 1785 1638 1854 1854 1851 1785 1637 1647 1853 1853 1855 1637 1638 1627 1856 1856 1854 1638 1634 1637 1855 1855 1857 1634 1627 1626 1858 1858 1856 1627 1836 1634 1857 1857 1859 1836 1626 1816 1860 1860 1858 1626 1835 1836 1859 1859 1861 1835 1816 1815 1862 1862 1860 1816 1834 1835 1861 1861 1863 1834 1815 1817 1864 1864 1862 1815 1833 1834 1863 1863 1865 1833 1817 1818 1866 1866 1864 1817 1831 1833 1865 1865 1867 1831 1818 1819 1868 1868 1866 1818 1832 1831 1867 1867 1869 1832 1819 1820 1870 1870 1868 1819 1829 1830 1871 1871 1872 1829 1822 1821 1873 1873 1874 1822 1828 1829 1872 1872 1875 1828 1821 1823 1876 1876 1873 1821 1827 1828 1875 1875 1877 1827 1823 1824 1878 1878 1876 1823 1826 1827 1877 1877 1879 1826 1824 1825 1880 1880 1878 1824 1825 1826 1879 1879 1880 1825 1300 1296 1297 1297 1298 1300 1301 1295 1296 1296 1300 1301 1298 1299 1300 1294 1293 1295 1295 1308 1294 1303 1305 1306 1306 1307 1303 1303 1304 1305 1302 1303 1307 1307 1308 1302 1308 1295 1301 1301 1302 1308 1210 1340 1207 1207 1211 1210 1207 1209 1211 1227 1230 1224 1224 1346 1227 1230 1225 1224 1884 1881 1882 1882 1883 1884 1882 1885 1883 1886 1887 1888 1890 1881 1884 1884 1889 1890 1893 1890 1891 1891 1892 1893 1896 1894 1895 1895 1891 1896 1890 1889 1896 1896 1891 1890 1894 1886 1888 1888 1895 1894 1563 1897 1564 1563 1569 1568 1568 1897 1563 1602 1898 1601 1601 1600 1602 1604 1898 1602 </p>
        </polylist>
      </mesh>
    </geometry>
  </library_geometries>
  <library_visual_scenes>
    <visual_scene id="unnamed" name="unnamed">
      <node id="Heladera_Sci_fi" name="Heladera_Sci_fi">
        <matrix>1 0 0 0 0 1 0 0 0 0 1 0 0 0 0 1</matrix>
        <instance_geometry url="#meshId0">
          <bind_material>
            <technique_common>
              <instance_material symbol="defaultMaterial" target="#ID1" />
            </technique_common>
          </bind_material>
        </instance_geometry>
      </node>
    </visual_scene>
  </library_visual_scenes>
  <scene>
    <instance_visual_scene url="#unnamed" />
  </scene>
</COLLADA>
